ISO-10303-21;
HEADER;
/* Generated by software containing ST-Developer
 * from STEP Tools, Inc. (www.steptools.com) 
 */

FILE_DESCRIPTION(
/* description */ (' '),
/* implementation_level */ '2;1');

FILE_NAME(
/* name */ '680-125K.stp',
/* time_stamp */ '2026-07-15T13:05:11-04:00',
/* author */ ('jwheatley'),
/* organization */ (''),
/* preprocessor_version */ 'ST-DEVELOPER v20.1',
/* originating_system */ 'Autodesk Inventor 2026',
/* authorisation */ '');

FILE_SCHEMA (('AUTOMOTIVE_DESIGN { 1 0 10303 214 3 1 1 }'));
ENDSEC;

DATA;
#10=MECHANICAL_DESIGN_GEOMETRIC_PRESENTATION_REPRESENTATION('',(#13),#2795);
#11=SHAPE_REPRESENTATION_RELATIONSHIP('SRR','None',#2806,#12);
#12=ADVANCED_BREP_SHAPE_REPRESENTATION('',(#14),#2794);
#13=STYLED_ITEM('',(#2815),#14);
#14=MANIFOLD_SOLID_BREP('Solid1',#1671);
#15=FACE_BOUND('',#224,.T.);
#16=FACE_BOUND('',#225,.T.);
#17=FACE_BOUND('',#226,.T.);
#18=FACE_BOUND('',#227,.T.);
#19=FACE_BOUND('',#228,.T.);
#20=FACE_BOUND('',#229,.T.);
#21=FACE_BOUND('',#230,.T.);
#22=FACE_BOUND('',#231,.T.);
#23=FACE_BOUND('',#252,.T.);
#24=FACE_BOUND('',#253,.T.);
#25=FACE_BOUND('',#254,.T.);
#26=FACE_BOUND('',#255,.T.);
#27=FACE_BOUND('',#256,.T.);
#28=FACE_BOUND('',#257,.T.);
#29=FACE_BOUND('',#258,.T.);
#30=FACE_BOUND('',#259,.T.);
#31=PLANE('',#1717);
#32=PLANE('',#1721);
#33=PLANE('',#1722);
#34=PLANE('',#1726);
#35=PLANE('',#1727);
#36=PLANE('',#1731);
#37=PLANE('',#1732);
#38=PLANE('',#1736);
#39=PLANE('',#1737);
#40=PLANE('',#1741);
#41=PLANE('',#1742);
#42=PLANE('',#1746);
#43=PLANE('',#1747);
#44=PLANE('',#1751);
#45=PLANE('',#1752);
#46=PLANE('',#1756);
#47=PLANE('',#1760);
#48=PLANE('',#1761);
#49=PLANE('',#1765);
#50=PLANE('',#1766);
#51=PLANE('',#1770);
#52=PLANE('',#1771);
#53=PLANE('',#1775);
#54=PLANE('',#1776);
#55=PLANE('',#1780);
#56=PLANE('',#1781);
#57=PLANE('',#1785);
#58=PLANE('',#1786);
#59=PLANE('',#1790);
#60=PLANE('',#1791);
#61=PLANE('',#1795);
#62=PLANE('',#1796);
#63=PLANE('',#1797);
#64=PLANE('',#1802);
#65=PLANE('',#1807);
#66=PLANE('',#1812);
#67=PLANE('',#1813);
#68=PLANE('',#1814);
#69=PLANE('',#1815);
#70=PLANE('',#1816);
#71=PLANE('',#1817);
#72=PLANE('',#1819);
#73=PLANE('',#1820);
#74=PLANE('',#1821);
#75=PLANE('',#1823);
#76=PLANE('',#1824);
#77=PLANE('',#1825);
#78=PLANE('',#1826);
#79=PLANE('',#1827);
#80=PLANE('',#1829);
#81=PLANE('',#1830);
#82=PLANE('',#1833);
#83=PLANE('',#1837);
#84=PLANE('',#1838);
#85=FACE_OUTER_BOUND('',#167,.T.);
#86=FACE_OUTER_BOUND('',#168,.T.);
#87=FACE_OUTER_BOUND('',#169,.T.);
#88=FACE_OUTER_BOUND('',#170,.T.);
#89=FACE_OUTER_BOUND('',#171,.T.);
#90=FACE_OUTER_BOUND('',#172,.T.);
#91=FACE_OUTER_BOUND('',#173,.T.);
#92=FACE_OUTER_BOUND('',#174,.T.);
#93=FACE_OUTER_BOUND('',#175,.T.);
#94=FACE_OUTER_BOUND('',#176,.T.);
#95=FACE_OUTER_BOUND('',#177,.T.);
#96=FACE_OUTER_BOUND('',#178,.T.);
#97=FACE_OUTER_BOUND('',#179,.T.);
#98=FACE_OUTER_BOUND('',#180,.T.);
#99=FACE_OUTER_BOUND('',#181,.T.);
#100=FACE_OUTER_BOUND('',#182,.T.);
#101=FACE_OUTER_BOUND('',#183,.T.);
#102=FACE_OUTER_BOUND('',#184,.T.);
#103=FACE_OUTER_BOUND('',#185,.T.);
#104=FACE_OUTER_BOUND('',#186,.T.);
#105=FACE_OUTER_BOUND('',#187,.T.);
#106=FACE_OUTER_BOUND('',#188,.T.);
#107=FACE_OUTER_BOUND('',#189,.T.);
#108=FACE_OUTER_BOUND('',#190,.T.);
#109=FACE_OUTER_BOUND('',#191,.T.);
#110=FACE_OUTER_BOUND('',#192,.T.);
#111=FACE_OUTER_BOUND('',#193,.T.);
#112=FACE_OUTER_BOUND('',#194,.T.);
#113=FACE_OUTER_BOUND('',#195,.T.);
#114=FACE_OUTER_BOUND('',#196,.T.);
#115=FACE_OUTER_BOUND('',#197,.T.);
#116=FACE_OUTER_BOUND('',#198,.T.);
#117=FACE_OUTER_BOUND('',#199,.T.);
#118=FACE_OUTER_BOUND('',#200,.T.);
#119=FACE_OUTER_BOUND('',#201,.T.);
#120=FACE_OUTER_BOUND('',#202,.T.);
#121=FACE_OUTER_BOUND('',#203,.T.);
#122=FACE_OUTER_BOUND('',#204,.T.);
#123=FACE_OUTER_BOUND('',#205,.T.);
#124=FACE_OUTER_BOUND('',#206,.T.);
#125=FACE_OUTER_BOUND('',#207,.T.);
#126=FACE_OUTER_BOUND('',#208,.T.);
#127=FACE_OUTER_BOUND('',#209,.T.);
#128=FACE_OUTER_BOUND('',#210,.T.);
#129=FACE_OUTER_BOUND('',#211,.T.);
#130=FACE_OUTER_BOUND('',#212,.T.);
#131=FACE_OUTER_BOUND('',#213,.T.);
#132=FACE_OUTER_BOUND('',#214,.T.);
#133=FACE_OUTER_BOUND('',#215,.T.);
#134=FACE_OUTER_BOUND('',#216,.T.);
#135=FACE_OUTER_BOUND('',#217,.T.);
#136=FACE_OUTER_BOUND('',#218,.T.);
#137=FACE_OUTER_BOUND('',#219,.T.);
#138=FACE_OUTER_BOUND('',#220,.T.);
#139=FACE_OUTER_BOUND('',#221,.T.);
#140=FACE_OUTER_BOUND('',#222,.T.);
#141=FACE_OUTER_BOUND('',#223,.T.);
#142=FACE_OUTER_BOUND('',#232,.T.);
#143=FACE_OUTER_BOUND('',#233,.T.);
#144=FACE_OUTER_BOUND('',#234,.T.);
#145=FACE_OUTER_BOUND('',#235,.T.);
#146=FACE_OUTER_BOUND('',#236,.T.);
#147=FACE_OUTER_BOUND('',#237,.T.);
#148=FACE_OUTER_BOUND('',#238,.T.);
#149=FACE_OUTER_BOUND('',#239,.T.);
#150=FACE_OUTER_BOUND('',#240,.T.);
#151=FACE_OUTER_BOUND('',#241,.T.);
#152=FACE_OUTER_BOUND('',#242,.T.);
#153=FACE_OUTER_BOUND('',#243,.T.);
#154=FACE_OUTER_BOUND('',#244,.T.);
#155=FACE_OUTER_BOUND('',#245,.T.);
#156=FACE_OUTER_BOUND('',#246,.T.);
#157=FACE_OUTER_BOUND('',#247,.T.);
#158=FACE_OUTER_BOUND('',#248,.T.);
#159=FACE_OUTER_BOUND('',#249,.T.);
#160=FACE_OUTER_BOUND('',#250,.T.);
#161=FACE_OUTER_BOUND('',#251,.T.);
#162=FACE_OUTER_BOUND('',#260,.T.);
#163=FACE_OUTER_BOUND('',#261,.T.);
#164=FACE_OUTER_BOUND('',#262,.T.);
#165=FACE_OUTER_BOUND('',#263,.T.);
#166=FACE_OUTER_BOUND('',#264,.T.);
#167=EDGE_LOOP('',(#1081,#1082,#1083,#1084));
#168=EDGE_LOOP('',(#1085,#1086,#1087,#1088));
#169=EDGE_LOOP('',(#1089,#1090,#1091,#1092));
#170=EDGE_LOOP('',(#1093,#1094,#1095,#1096));
#171=EDGE_LOOP('',(#1097,#1098,#1099,#1100));
#172=EDGE_LOOP('',(#1101,#1102,#1103,#1104));
#173=EDGE_LOOP('',(#1105,#1106,#1107,#1108));
#174=EDGE_LOOP('',(#1109,#1110,#1111,#1112));
#175=EDGE_LOOP('',(#1113,#1114,#1115,#1116));
#176=EDGE_LOOP('',(#1117,#1118,#1119,#1120));
#177=EDGE_LOOP('',(#1121,#1122,#1123,#1124));
#178=EDGE_LOOP('',(#1125,#1126,#1127,#1128));
#179=EDGE_LOOP('',(#1129,#1130,#1131,#1132));
#180=EDGE_LOOP('',(#1133,#1134,#1135,#1136));
#181=EDGE_LOOP('',(#1137,#1138,#1139,#1140));
#182=EDGE_LOOP('',(#1141,#1142,#1143,#1144));
#183=EDGE_LOOP('',(#1145,#1146,#1147,#1148));
#184=EDGE_LOOP('',(#1149,#1150,#1151,#1152));
#185=EDGE_LOOP('',(#1153,#1154,#1155,#1156));
#186=EDGE_LOOP('',(#1157,#1158,#1159,#1160));
#187=EDGE_LOOP('',(#1161,#1162,#1163,#1164));
#188=EDGE_LOOP('',(#1165,#1166,#1167,#1168));
#189=EDGE_LOOP('',(#1169,#1170,#1171,#1172));
#190=EDGE_LOOP('',(#1173,#1174,#1175,#1176));
#191=EDGE_LOOP('',(#1177,#1178,#1179,#1180));
#192=EDGE_LOOP('',(#1181,#1182,#1183,#1184));
#193=EDGE_LOOP('',(#1185,#1186,#1187,#1188));
#194=EDGE_LOOP('',(#1189,#1190,#1191,#1192));
#195=EDGE_LOOP('',(#1193,#1194,#1195,#1196));
#196=EDGE_LOOP('',(#1197,#1198,#1199,#1200));
#197=EDGE_LOOP('',(#1201,#1202,#1203,#1204));
#198=EDGE_LOOP('',(#1205,#1206,#1207,#1208));
#199=EDGE_LOOP('',(#1209,#1210,#1211,#1212));
#200=EDGE_LOOP('',(#1213,#1214,#1215,#1216));
#201=EDGE_LOOP('',(#1217,#1218,#1219,#1220));
#202=EDGE_LOOP('',(#1221,#1222,#1223,#1224));
#203=EDGE_LOOP('',(#1225,#1226,#1227,#1228));
#204=EDGE_LOOP('',(#1229,#1230,#1231,#1232));
#205=EDGE_LOOP('',(#1233,#1234,#1235,#1236));
#206=EDGE_LOOP('',(#1237,#1238,#1239,#1240));
#207=EDGE_LOOP('',(#1241,#1242,#1243,#1244));
#208=EDGE_LOOP('',(#1245,#1246,#1247,#1248));
#209=EDGE_LOOP('',(#1249,#1250,#1251,#1252));
#210=EDGE_LOOP('',(#1253,#1254,#1255,#1256));
#211=EDGE_LOOP('',(#1257,#1258,#1259,#1260));
#212=EDGE_LOOP('',(#1261,#1262,#1263,#1264));
#213=EDGE_LOOP('',(#1265,#1266,#1267,#1268));
#214=EDGE_LOOP('',(#1269,#1270,#1271,#1272));
#215=EDGE_LOOP('',(#1273,#1274,#1275,#1276));
#216=EDGE_LOOP('',(#1277,#1278,#1279,#1280));
#217=EDGE_LOOP('',(#1281,#1282,#1283,#1284));
#218=EDGE_LOOP('',(#1285,#1286,#1287,#1288));
#219=EDGE_LOOP('',(#1289,#1290,#1291,#1292));
#220=EDGE_LOOP('',(#1293,#1294,#1295,#1296));
#221=EDGE_LOOP('',(#1297,#1298,#1299,#1300));
#222=EDGE_LOOP('',(#1301,#1302,#1303,#1304));
#223=EDGE_LOOP('',(#1305,#1306,#1307,#1308,#1309,#1310,#1311,#1312,#1313,
#1314,#1315,#1316,#1317,#1318,#1319,#1320,#1321,#1322,#1323,#1324,#1325,
#1326,#1327,#1328,#1329,#1330,#1331,#1332,#1333,#1334,#1335,#1336,#1337,
#1338,#1339,#1340,#1341,#1342,#1343,#1344,#1345,#1346,#1347,#1348,#1349,
#1350,#1351,#1352,#1353,#1354,#1355,#1356,#1357,#1358,#1359,#1360,#1361,
#1362,#1363,#1364,#1365,#1366,#1367,#1368));
#224=EDGE_LOOP('',(#1369));
#225=EDGE_LOOP('',(#1370));
#226=EDGE_LOOP('',(#1371));
#227=EDGE_LOOP('',(#1372));
#228=EDGE_LOOP('',(#1373));
#229=EDGE_LOOP('',(#1374));
#230=EDGE_LOOP('',(#1375));
#231=EDGE_LOOP('',(#1376));
#232=EDGE_LOOP('',(#1377,#1378,#1379,#1380,#1381,#1382,#1383,#1384,#1385,
#1386,#1387,#1388,#1389,#1390,#1391,#1392));
#233=EDGE_LOOP('',(#1393,#1394,#1395,#1396,#1397,#1398,#1399,#1400));
#234=EDGE_LOOP('',(#1401,#1402,#1403,#1404,#1405,#1406,#1407,#1408,#1409,
#1410,#1411,#1412,#1413,#1414,#1415,#1416));
#235=EDGE_LOOP('',(#1417,#1418,#1419,#1420,#1421,#1422,#1423,#1424));
#236=EDGE_LOOP('',(#1425,#1426,#1427,#1428,#1429));
#237=EDGE_LOOP('',(#1430,#1431,#1432,#1433,#1434));
#238=EDGE_LOOP('',(#1435,#1436,#1437,#1438));
#239=EDGE_LOOP('',(#1439,#1440,#1441,#1442));
#240=EDGE_LOOP('',(#1443,#1444,#1445,#1446));
#241=EDGE_LOOP('',(#1447,#1448,#1449,#1450,#1451));
#242=EDGE_LOOP('',(#1452,#1453,#1454,#1455));
#243=EDGE_LOOP('',(#1456,#1457,#1458,#1459,#1460));
#244=EDGE_LOOP('',(#1461,#1462,#1463,#1464,#1465));
#245=EDGE_LOOP('',(#1466,#1467,#1468,#1469,#1470));
#246=EDGE_LOOP('',(#1471,#1472,#1473,#1474));
#247=EDGE_LOOP('',(#1475,#1476,#1477,#1478));
#248=EDGE_LOOP('',(#1479,#1480,#1481,#1482));
#249=EDGE_LOOP('',(#1483,#1484,#1485,#1486,#1487));
#250=EDGE_LOOP('',(#1488,#1489,#1490,#1491));
#251=EDGE_LOOP('',(#1492,#1493,#1494,#1495,#1496,#1497,#1498,#1499));
#252=EDGE_LOOP('',(#1500));
#253=EDGE_LOOP('',(#1501));
#254=EDGE_LOOP('',(#1502));
#255=EDGE_LOOP('',(#1503));
#256=EDGE_LOOP('',(#1504));
#257=EDGE_LOOP('',(#1505));
#258=EDGE_LOOP('',(#1506));
#259=EDGE_LOOP('',(#1507));
#260=EDGE_LOOP('',(#1508,#1509,#1510,#1511,#1512,#1513,#1514,#1515,#1516,
#1517,#1518,#1519,#1520,#1521,#1522,#1523));
#261=EDGE_LOOP('',(#1524,#1525,#1526,#1527,#1528,#1529,#1530,#1531));
#262=EDGE_LOOP('',(#1532,#1533,#1534,#1535,#1536,#1537,#1538,#1539));
#263=EDGE_LOOP('',(#1540,#1541,#1542,#1543,#1544,#1545,#1546,#1547,#1548,
#1549,#1550,#1551,#1552,#1553,#1554,#1555));
#264=EDGE_LOOP('',(#1556,#1557,#1558,#1559,#1560));
#265=LINE('',#2314,#441);
#266=LINE('',#2320,#442);
#267=LINE('',#2326,#443);
#268=LINE('',#2332,#444);
#269=LINE('',#2338,#445);
#270=LINE('',#2344,#446);
#271=LINE('',#2350,#447);
#272=LINE('',#2356,#448);
#273=LINE('',#2361,#449);
#274=LINE('',#2363,#450);
#275=LINE('',#2365,#451);
#276=LINE('',#2366,#452);
#277=LINE('',#2372,#453);
#278=LINE('',#2375,#454);
#279=LINE('',#2377,#455);
#280=LINE('',#2378,#456);
#281=LINE('',#2382,#457);
#282=LINE('',#2384,#458);
#283=LINE('',#2386,#459);
#284=LINE('',#2387,#460);
#285=LINE('',#2393,#461);
#286=LINE('',#2396,#462);
#287=LINE('',#2398,#463);
#288=LINE('',#2399,#464);
#289=LINE('',#2403,#465);
#290=LINE('',#2405,#466);
#291=LINE('',#2407,#467);
#292=LINE('',#2408,#468);
#293=LINE('',#2414,#469);
#294=LINE('',#2417,#470);
#295=LINE('',#2419,#471);
#296=LINE('',#2420,#472);
#297=LINE('',#2424,#473);
#298=LINE('',#2426,#474);
#299=LINE('',#2428,#475);
#300=LINE('',#2429,#476);
#301=LINE('',#2435,#477);
#302=LINE('',#2438,#478);
#303=LINE('',#2440,#479);
#304=LINE('',#2441,#480);
#305=LINE('',#2445,#481);
#306=LINE('',#2447,#482);
#307=LINE('',#2449,#483);
#308=LINE('',#2450,#484);
#309=LINE('',#2456,#485);
#310=LINE('',#2459,#486);
#311=LINE('',#2461,#487);
#312=LINE('',#2462,#488);
#313=LINE('',#2466,#489);
#314=LINE('',#2468,#490);
#315=LINE('',#2470,#491);
#316=LINE('',#2471,#492);
#317=LINE('',#2477,#493);
#318=LINE('',#2480,#494);
#319=LINE('',#2482,#495);
#320=LINE('',#2483,#496);
#321=LINE('',#2487,#497);
#322=LINE('',#2489,#498);
#323=LINE('',#2491,#499);
#324=LINE('',#2492,#500);
#325=LINE('',#2498,#501);
#326=LINE('',#2501,#502);
#327=LINE('',#2503,#503);
#328=LINE('',#2504,#504);
#329=LINE('',#2508,#505);
#330=LINE('',#2510,#506);
#331=LINE('',#2512,#507);
#332=LINE('',#2513,#508);
#333=LINE('',#2519,#509);
#334=LINE('',#2522,#510);
#335=LINE('',#2524,#511);
#336=LINE('',#2525,#512);
#337=LINE('',#2531,#513);
#338=LINE('',#2534,#514);
#339=LINE('',#2537,#515);
#340=LINE('',#2539,#516);
#341=LINE('',#2540,#517);
#342=LINE('',#2544,#518);
#343=LINE('',#2546,#519);
#344=LINE('',#2548,#520);
#345=LINE('',#2549,#521);
#346=LINE('',#2555,#522);
#347=LINE('',#2558,#523);
#348=LINE('',#2560,#524);
#349=LINE('',#2561,#525);
#350=LINE('',#2565,#526);
#351=LINE('',#2567,#527);
#352=LINE('',#2569,#528);
#353=LINE('',#2570,#529);
#354=LINE('',#2576,#530);
#355=LINE('',#2580,#531);
#356=LINE('',#2581,#532);
#357=LINE('',#2582,#533);
#358=LINE('',#2586,#534);
#359=LINE('',#2588,#535);
#360=LINE('',#2590,#536);
#361=LINE('',#2591,#537);
#362=LINE('',#2597,#538);
#363=LINE('',#2600,#539);
#364=LINE('',#2602,#540);
#365=LINE('',#2603,#541);
#366=LINE('',#2607,#542);
#367=LINE('',#2609,#543);
#368=LINE('',#2611,#544);
#369=LINE('',#2612,#545);
#370=LINE('',#2618,#546);
#371=LINE('',#2621,#547);
#372=LINE('',#2623,#548);
#373=LINE('',#2624,#549);
#374=LINE('',#2628,#550);
#375=LINE('',#2630,#551);
#376=LINE('',#2632,#552);
#377=LINE('',#2633,#553);
#378=LINE('',#2639,#554);
#379=LINE('',#2642,#555);
#380=LINE('',#2644,#556);
#381=LINE('',#2645,#557);
#382=LINE('',#2649,#558);
#383=LINE('',#2651,#559);
#384=LINE('',#2653,#560);
#385=LINE('',#2654,#561);
#386=LINE('',#2660,#562);
#387=LINE('',#2664,#563);
#388=LINE('',#2665,#564);
#389=LINE('',#2666,#565);
#390=LINE('',#2670,#566);
#391=LINE('',#2672,#567);
#392=LINE('',#2674,#568);
#393=LINE('',#2675,#569);
#394=LINE('',#2681,#570);
#395=LINE('',#2684,#571);
#396=LINE('',#2686,#572);
#397=LINE('',#2687,#573);
#398=LINE('',#2690,#574);
#399=LINE('',#2692,#575);
#400=LINE('',#2693,#576);
#401=LINE('',#2696,#577);
#402=LINE('',#2697,#578);
#403=LINE('',#2698,#579);
#404=LINE('',#2700,#580);
#405=LINE('',#2701,#581);
#406=LINE('',#2702,#582);
#407=LINE('',#2704,#583);
#408=LINE('',#2705,#584);
#409=LINE('',#2706,#585);
#410=LINE('',#2708,#586);
#411=LINE('',#2709,#587);
#412=LINE('',#2710,#588);
#413=LINE('',#2712,#589);
#414=LINE('',#2713,#590);
#415=LINE('',#2715,#591);
#416=LINE('',#2717,#592);
#417=LINE('',#2719,#593);
#418=LINE('',#2721,#594);
#419=LINE('',#2722,#595);
#420=LINE('',#2727,#596);
#421=LINE('',#2731,#597);
#422=LINE('',#2732,#598);
#423=LINE('',#2734,#599);
#424=LINE('',#2736,#600);
#425=LINE('',#2737,#601);
#426=LINE('',#2738,#602);
#427=LINE('',#2743,#603);
#428=LINE('',#2747,#604);
#429=LINE('',#2750,#605);
#430=LINE('',#2752,#606);
#431=LINE('',#2757,#607);
#432=LINE('',#2762,#608);
#433=LINE('',#2766,#609);
#434=LINE('',#2768,#610);
#435=LINE('',#2773,#611);
#436=LINE('',#2777,#612);
#437=LINE('',#2781,#613);
#438=LINE('',#2784,#614);
#439=LINE('',#2786,#615);
#440=LINE('',#2789,#616);
#441=VECTOR('',#1845,0.0735);
#442=VECTOR('',#1852,0.0735);
#443=VECTOR('',#1859,0.095);
#444=VECTOR('',#1866,0.095);
#445=VECTOR('',#1873,0.11);
#446=VECTOR('',#1880,0.0735);
#447=VECTOR('',#1887,0.11);
#448=VECTOR('',#1894,0.0735);
#449=VECTOR('',#1899,0.393700787401575);
#450=VECTOR('',#1900,0.393700787401575);
#451=VECTOR('',#1901,0.393700787401575);
#452=VECTOR('',#1902,0.393700787401575);
#453=VECTOR('',#1909,0.393700787401575);
#454=VECTOR('',#1912,0.393700787401575);
#455=VECTOR('',#1913,0.393700787401575);
#456=VECTOR('',#1914,0.393700787401575);
#457=VECTOR('',#1917,0.393700787401575);
#458=VECTOR('',#1918,0.393700787401575);
#459=VECTOR('',#1919,0.393700787401575);
#460=VECTOR('',#1920,0.393700787401575);
#461=VECTOR('',#1927,0.393700787401575);
#462=VECTOR('',#1930,0.393700787401575);
#463=VECTOR('',#1931,0.393700787401575);
#464=VECTOR('',#1932,0.393700787401575);
#465=VECTOR('',#1935,0.393700787401575);
#466=VECTOR('',#1936,0.393700787401575);
#467=VECTOR('',#1937,0.393700787401575);
#468=VECTOR('',#1938,0.393700787401575);
#469=VECTOR('',#1945,0.393700787401575);
#470=VECTOR('',#1948,0.393700787401575);
#471=VECTOR('',#1949,0.393700787401575);
#472=VECTOR('',#1950,0.393700787401575);
#473=VECTOR('',#1953,0.393700787401575);
#474=VECTOR('',#1954,0.393700787401575);
#475=VECTOR('',#1955,0.393700787401575);
#476=VECTOR('',#1956,0.393700787401575);
#477=VECTOR('',#1963,0.393700787401575);
#478=VECTOR('',#1966,0.393700787401575);
#479=VECTOR('',#1967,0.393700787401575);
#480=VECTOR('',#1968,0.393700787401575);
#481=VECTOR('',#1971,0.393700787401575);
#482=VECTOR('',#1972,0.393700787401575);
#483=VECTOR('',#1973,0.393700787401575);
#484=VECTOR('',#1974,0.393700787401575);
#485=VECTOR('',#1981,0.393700787401575);
#486=VECTOR('',#1984,0.393700787401575);
#487=VECTOR('',#1985,0.393700787401575);
#488=VECTOR('',#1986,0.393700787401575);
#489=VECTOR('',#1989,0.393700787401575);
#490=VECTOR('',#1990,0.393700787401575);
#491=VECTOR('',#1991,0.393700787401575);
#492=VECTOR('',#1992,0.393700787401575);
#493=VECTOR('',#1999,0.393700787401575);
#494=VECTOR('',#2002,0.393700787401575);
#495=VECTOR('',#2003,0.393700787401575);
#496=VECTOR('',#2004,0.393700787401575);
#497=VECTOR('',#2007,0.393700787401575);
#498=VECTOR('',#2008,0.393700787401575);
#499=VECTOR('',#2009,0.393700787401575);
#500=VECTOR('',#2010,0.393700787401575);
#501=VECTOR('',#2017,0.393700787401575);
#502=VECTOR('',#2020,0.393700787401575);
#503=VECTOR('',#2021,0.393700787401575);
#504=VECTOR('',#2022,0.393700787401575);
#505=VECTOR('',#2025,0.393700787401575);
#506=VECTOR('',#2026,0.393700787401575);
#507=VECTOR('',#2027,0.393700787401575);
#508=VECTOR('',#2028,0.393700787401575);
#509=VECTOR('',#2035,0.393700787401575);
#510=VECTOR('',#2038,0.393700787401575);
#511=VECTOR('',#2039,0.393700787401575);
#512=VECTOR('',#2040,0.393700787401575);
#513=VECTOR('',#2045,0.393700787401575);
#514=VECTOR('',#2048,0.393700787401575);
#515=VECTOR('',#2051,0.393700787401575);
#516=VECTOR('',#2052,0.393700787401575);
#517=VECTOR('',#2053,0.393700787401575);
#518=VECTOR('',#2056,0.393700787401575);
#519=VECTOR('',#2057,0.393700787401575);
#520=VECTOR('',#2058,0.393700787401575);
#521=VECTOR('',#2059,0.393700787401575);
#522=VECTOR('',#2066,0.393700787401575);
#523=VECTOR('',#2069,0.393700787401575);
#524=VECTOR('',#2070,0.393700787401575);
#525=VECTOR('',#2071,0.393700787401575);
#526=VECTOR('',#2074,0.393700787401575);
#527=VECTOR('',#2075,0.393700787401575);
#528=VECTOR('',#2076,0.393700787401575);
#529=VECTOR('',#2077,0.393700787401575);
#530=VECTOR('',#2084,0.393700787401575);
#531=VECTOR('',#2087,0.393700787401575);
#532=VECTOR('',#2088,0.393700787401575);
#533=VECTOR('',#2089,0.393700787401575);
#534=VECTOR('',#2092,0.393700787401575);
#535=VECTOR('',#2093,0.393700787401575);
#536=VECTOR('',#2094,0.393700787401575);
#537=VECTOR('',#2095,0.393700787401575);
#538=VECTOR('',#2102,0.393700787401575);
#539=VECTOR('',#2105,0.393700787401575);
#540=VECTOR('',#2106,0.393700787401575);
#541=VECTOR('',#2107,0.393700787401575);
#542=VECTOR('',#2110,0.393700787401575);
#543=VECTOR('',#2111,0.393700787401575);
#544=VECTOR('',#2112,0.393700787401575);
#545=VECTOR('',#2113,0.393700787401575);
#546=VECTOR('',#2120,0.393700787401575);
#547=VECTOR('',#2123,0.393700787401575);
#548=VECTOR('',#2124,0.393700787401575);
#549=VECTOR('',#2125,0.393700787401575);
#550=VECTOR('',#2128,0.393700787401575);
#551=VECTOR('',#2129,0.393700787401575);
#552=VECTOR('',#2130,0.393700787401575);
#553=VECTOR('',#2131,0.393700787401575);
#554=VECTOR('',#2138,0.393700787401575);
#555=VECTOR('',#2141,0.393700787401575);
#556=VECTOR('',#2142,0.393700787401575);
#557=VECTOR('',#2143,0.393700787401575);
#558=VECTOR('',#2146,0.393700787401575);
#559=VECTOR('',#2147,0.393700787401575);
#560=VECTOR('',#2148,0.393700787401575);
#561=VECTOR('',#2149,0.393700787401575);
#562=VECTOR('',#2156,0.393700787401575);
#563=VECTOR('',#2159,0.393700787401575);
#564=VECTOR('',#2160,0.393700787401575);
#565=VECTOR('',#2161,0.393700787401575);
#566=VECTOR('',#2164,0.393700787401575);
#567=VECTOR('',#2165,0.393700787401575);
#568=VECTOR('',#2166,0.393700787401575);
#569=VECTOR('',#2167,0.393700787401575);
#570=VECTOR('',#2174,0.393700787401575);
#571=VECTOR('',#2177,0.393700787401575);
#572=VECTOR('',#2178,0.393700787401575);
#573=VECTOR('',#2179,0.393700787401575);
#574=VECTOR('',#2182,0.393700787401575);
#575=VECTOR('',#2183,0.393700787401575);
#576=VECTOR('',#2184,0.393700787401575);
#577=VECTOR('',#2189,0.393700787401575);
#578=VECTOR('',#2190,0.393700787401575);
#579=VECTOR('',#2191,0.393700787401575);
#580=VECTOR('',#2194,0.393700787401575);
#581=VECTOR('',#2195,0.393700787401575);
#582=VECTOR('',#2196,0.393700787401575);
#583=VECTOR('',#2199,0.393700787401575);
#584=VECTOR('',#2200,0.393700787401575);
#585=VECTOR('',#2201,0.393700787401575);
#586=VECTOR('',#2204,0.393700787401575);
#587=VECTOR('',#2205,0.393700787401575);
#588=VECTOR('',#2206,0.393700787401575);
#589=VECTOR('',#2209,0.393700787401575);
#590=VECTOR('',#2210,0.393700787401575);
#591=VECTOR('',#2211,0.393700787401575);
#592=VECTOR('',#2212,0.393700787401575);
#593=VECTOR('',#2213,0.393700787401575);
#594=VECTOR('',#2214,0.393700787401575);
#595=VECTOR('',#2215,0.393700787401575);
#596=VECTOR('',#2220,0.393700787401575);
#597=VECTOR('',#2227,0.393700787401575);
#598=VECTOR('',#2228,0.393700787401575);
#599=VECTOR('',#2229,0.393700787401575);
#600=VECTOR('',#2230,0.393700787401575);
#601=VECTOR('',#2231,0.393700787401575);
#602=VECTOR('',#2232,0.393700787401575);
#603=VECTOR('',#2237,0.393700787401575);
#604=VECTOR('',#2244,0.393700787401575);
#605=VECTOR('',#2249,0.393700787401575);
#606=VECTOR('',#2252,0.393700787401575);
#607=VECTOR('',#2259,0.393700787401575);
#608=VECTOR('',#2266,0.393700787401575);
#609=VECTOR('',#2273,0.393700787401575);
#610=VECTOR('',#2276,0.393700787401575);
#611=VECTOR('',#2283,0.393700787401575);
#612=VECTOR('',#2288,0.393700787401575);
#613=VECTOR('',#2291,0.393700787401575);
#614=VECTOR('',#2296,0.393700787401575);
#615=VECTOR('',#2299,0.393700787401575);
#616=VECTOR('',#2304,0.393700787401575);
#617=CIRCLE('',#1694,0.0735);
#618=CIRCLE('',#1695,0.0735);
#619=CIRCLE('',#1697,0.0735);
#620=CIRCLE('',#1698,0.0735);
#621=CIRCLE('',#1700,0.095);
#622=CIRCLE('',#1701,0.095);
#623=CIRCLE('',#1703,0.095);
#624=CIRCLE('',#1704,0.095);
#625=CIRCLE('',#1706,0.11);
#626=CIRCLE('',#1707,0.11);
#627=CIRCLE('',#1709,0.0735);
#628=CIRCLE('',#1710,0.0735);
#629=CIRCLE('',#1712,0.11);
#630=CIRCLE('',#1713,0.11);
#631=CIRCLE('',#1715,0.0735);
#632=CIRCLE('',#1716,0.0735);
#633=CIRCLE('',#1719,0.655);
#634=CIRCLE('',#1720,0.655);
#635=CIRCLE('',#1724,0.655);
#636=CIRCLE('',#1725,0.655);
#637=CIRCLE('',#1729,0.78);
#638=CIRCLE('',#1730,0.78);
#639=CIRCLE('',#1734,0.78);
#640=CIRCLE('',#1735,0.78);
#641=CIRCLE('',#1739,0.655);
#642=CIRCLE('',#1740,0.655);
#643=CIRCLE('',#1744,0.655);
#644=CIRCLE('',#1745,0.655);
#645=CIRCLE('',#1749,0.78);
#646=CIRCLE('',#1750,0.78);
#647=CIRCLE('',#1754,0.78);
#648=CIRCLE('',#1755,0.78);
#649=CIRCLE('',#1758,0.655);
#650=CIRCLE('',#1759,0.655);
#651=CIRCLE('',#1763,0.655);
#652=CIRCLE('',#1764,0.655);
#653=CIRCLE('',#1768,0.78);
#654=CIRCLE('',#1769,0.78);
#655=CIRCLE('',#1773,0.78);
#656=CIRCLE('',#1774,0.78);
#657=CIRCLE('',#1778,0.655);
#658=CIRCLE('',#1779,0.655);
#659=CIRCLE('',#1783,0.655);
#660=CIRCLE('',#1784,0.655);
#661=CIRCLE('',#1788,0.78);
#662=CIRCLE('',#1789,0.78);
#663=CIRCLE('',#1793,0.78);
#664=CIRCLE('',#1794,0.78);
#665=CIRCLE('',#1798,0.25);
#666=CIRCLE('',#1799,0.25);
#667=CIRCLE('',#1800,0.25);
#668=CIRCLE('',#1801,0.25);
#669=CIRCLE('',#1804,0.25);
#670=CIRCLE('',#1805,0.25);
#671=CIRCLE('',#1806,0.25);
#672=CIRCLE('',#1809,0.25);
#673=CIRCLE('',#1810,0.25);
#674=CIRCLE('',#1811,0.25);
#675=CIRCLE('',#1818,0.25);
#676=CIRCLE('',#1822,0.25);
#677=CIRCLE('',#1828,0.25);
#678=CIRCLE('',#1831,0.25);
#679=CIRCLE('',#1832,0.25);
#680=CIRCLE('',#1836,0.25);
#681=VERTEX_POINT('',#2311);
#682=VERTEX_POINT('',#2313);
#683=VERTEX_POINT('',#2317);
#684=VERTEX_POINT('',#2319);
#685=VERTEX_POINT('',#2323);
#686=VERTEX_POINT('',#2325);
#687=VERTEX_POINT('',#2329);
#688=VERTEX_POINT('',#2331);
#689=VERTEX_POINT('',#2335);
#690=VERTEX_POINT('',#2337);
#691=VERTEX_POINT('',#2341);
#692=VERTEX_POINT('',#2343);
#693=VERTEX_POINT('',#2347);
#694=VERTEX_POINT('',#2349);
#695=VERTEX_POINT('',#2353);
#696=VERTEX_POINT('',#2355);
#697=VERTEX_POINT('',#2359);
#698=VERTEX_POINT('',#2360);
#699=VERTEX_POINT('',#2362);
#700=VERTEX_POINT('',#2364);
#701=VERTEX_POINT('',#2368);
#702=VERTEX_POINT('',#2370);
#703=VERTEX_POINT('',#2374);
#704=VERTEX_POINT('',#2376);
#705=VERTEX_POINT('',#2380);
#706=VERTEX_POINT('',#2381);
#707=VERTEX_POINT('',#2383);
#708=VERTEX_POINT('',#2385);
#709=VERTEX_POINT('',#2389);
#710=VERTEX_POINT('',#2391);
#711=VERTEX_POINT('',#2395);
#712=VERTEX_POINT('',#2397);
#713=VERTEX_POINT('',#2401);
#714=VERTEX_POINT('',#2402);
#715=VERTEX_POINT('',#2404);
#716=VERTEX_POINT('',#2406);
#717=VERTEX_POINT('',#2410);
#718=VERTEX_POINT('',#2412);
#719=VERTEX_POINT('',#2416);
#720=VERTEX_POINT('',#2418);
#721=VERTEX_POINT('',#2422);
#722=VERTEX_POINT('',#2423);
#723=VERTEX_POINT('',#2425);
#724=VERTEX_POINT('',#2427);
#725=VERTEX_POINT('',#2431);
#726=VERTEX_POINT('',#2433);
#727=VERTEX_POINT('',#2437);
#728=VERTEX_POINT('',#2439);
#729=VERTEX_POINT('',#2443);
#730=VERTEX_POINT('',#2444);
#731=VERTEX_POINT('',#2446);
#732=VERTEX_POINT('',#2448);
#733=VERTEX_POINT('',#2452);
#734=VERTEX_POINT('',#2454);
#735=VERTEX_POINT('',#2458);
#736=VERTEX_POINT('',#2460);
#737=VERTEX_POINT('',#2464);
#738=VERTEX_POINT('',#2465);
#739=VERTEX_POINT('',#2467);
#740=VERTEX_POINT('',#2469);
#741=VERTEX_POINT('',#2473);
#742=VERTEX_POINT('',#2475);
#743=VERTEX_POINT('',#2479);
#744=VERTEX_POINT('',#2481);
#745=VERTEX_POINT('',#2485);
#746=VERTEX_POINT('',#2486);
#747=VERTEX_POINT('',#2488);
#748=VERTEX_POINT('',#2490);
#749=VERTEX_POINT('',#2494);
#750=VERTEX_POINT('',#2496);
#751=VERTEX_POINT('',#2500);
#752=VERTEX_POINT('',#2502);
#753=VERTEX_POINT('',#2506);
#754=VERTEX_POINT('',#2507);
#755=VERTEX_POINT('',#2509);
#756=VERTEX_POINT('',#2511);
#757=VERTEX_POINT('',#2515);
#758=VERTEX_POINT('',#2517);
#759=VERTEX_POINT('',#2521);
#760=VERTEX_POINT('',#2523);
#761=VERTEX_POINT('',#2527);
#762=VERTEX_POINT('',#2528);
#763=VERTEX_POINT('',#2530);
#764=VERTEX_POINT('',#2532);
#765=VERTEX_POINT('',#2536);
#766=VERTEX_POINT('',#2538);
#767=VERTEX_POINT('',#2542);
#768=VERTEX_POINT('',#2543);
#769=VERTEX_POINT('',#2545);
#770=VERTEX_POINT('',#2547);
#771=VERTEX_POINT('',#2551);
#772=VERTEX_POINT('',#2553);
#773=VERTEX_POINT('',#2557);
#774=VERTEX_POINT('',#2559);
#775=VERTEX_POINT('',#2563);
#776=VERTEX_POINT('',#2564);
#777=VERTEX_POINT('',#2566);
#778=VERTEX_POINT('',#2568);
#779=VERTEX_POINT('',#2572);
#780=VERTEX_POINT('',#2574);
#781=VERTEX_POINT('',#2578);
#782=VERTEX_POINT('',#2579);
#783=VERTEX_POINT('',#2584);
#784=VERTEX_POINT('',#2585);
#785=VERTEX_POINT('',#2587);
#786=VERTEX_POINT('',#2589);
#787=VERTEX_POINT('',#2593);
#788=VERTEX_POINT('',#2595);
#789=VERTEX_POINT('',#2599);
#790=VERTEX_POINT('',#2601);
#791=VERTEX_POINT('',#2605);
#792=VERTEX_POINT('',#2606);
#793=VERTEX_POINT('',#2608);
#794=VERTEX_POINT('',#2610);
#795=VERTEX_POINT('',#2614);
#796=VERTEX_POINT('',#2616);
#797=VERTEX_POINT('',#2620);
#798=VERTEX_POINT('',#2622);
#799=VERTEX_POINT('',#2626);
#800=VERTEX_POINT('',#2627);
#801=VERTEX_POINT('',#2629);
#802=VERTEX_POINT('',#2631);
#803=VERTEX_POINT('',#2635);
#804=VERTEX_POINT('',#2637);
#805=VERTEX_POINT('',#2641);
#806=VERTEX_POINT('',#2643);
#807=VERTEX_POINT('',#2647);
#808=VERTEX_POINT('',#2648);
#809=VERTEX_POINT('',#2650);
#810=VERTEX_POINT('',#2652);
#811=VERTEX_POINT('',#2656);
#812=VERTEX_POINT('',#2658);
#813=VERTEX_POINT('',#2662);
#814=VERTEX_POINT('',#2663);
#815=VERTEX_POINT('',#2668);
#816=VERTEX_POINT('',#2669);
#817=VERTEX_POINT('',#2671);
#818=VERTEX_POINT('',#2673);
#819=VERTEX_POINT('',#2677);
#820=VERTEX_POINT('',#2679);
#821=VERTEX_POINT('',#2683);
#822=VERTEX_POINT('',#2685);
#823=VERTEX_POINT('',#2689);
#824=VERTEX_POINT('',#2691);
#825=VERTEX_POINT('',#2714);
#826=VERTEX_POINT('',#2716);
#827=VERTEX_POINT('',#2718);
#828=VERTEX_POINT('',#2720);
#829=VERTEX_POINT('',#2724);
#830=VERTEX_POINT('',#2726);
#831=VERTEX_POINT('',#2733);
#832=VERTEX_POINT('',#2735);
#833=VERTEX_POINT('',#2740);
#834=VERTEX_POINT('',#2742);
#835=VERTEX_POINT('',#2755);
#836=VERTEX_POINT('',#2761);
#837=VERTEX_POINT('',#2771);
#838=VERTEX_POINT('',#2776);
#839=VERTEX_POINT('',#2778);
#840=VERTEX_POINT('',#2780);
#841=EDGE_CURVE('',#681,#681,#617,.T.);
#842=EDGE_CURVE('',#681,#682,#265,.T.);
#843=EDGE_CURVE('',#682,#682,#618,.T.);
#844=EDGE_CURVE('',#683,#683,#619,.T.);
#845=EDGE_CURVE('',#683,#684,#266,.T.);
#846=EDGE_CURVE('',#684,#684,#620,.T.);
#847=EDGE_CURVE('',#685,#685,#621,.T.);
#848=EDGE_CURVE('',#685,#686,#267,.T.);
#849=EDGE_CURVE('',#686,#686,#622,.T.);
#850=EDGE_CURVE('',#687,#687,#623,.T.);
#851=EDGE_CURVE('',#687,#688,#268,.T.);
#852=EDGE_CURVE('',#688,#688,#624,.T.);
#853=EDGE_CURVE('',#689,#689,#625,.T.);
#854=EDGE_CURVE('',#689,#690,#269,.T.);
#855=EDGE_CURVE('',#690,#690,#626,.T.);
#856=EDGE_CURVE('',#691,#691,#627,.T.);
#857=EDGE_CURVE('',#691,#692,#270,.T.);
#858=EDGE_CURVE('',#692,#692,#628,.T.);
#859=EDGE_CURVE('',#693,#693,#629,.T.);
#860=EDGE_CURVE('',#693,#694,#271,.T.);
#861=EDGE_CURVE('',#694,#694,#630,.T.);
#862=EDGE_CURVE('',#695,#695,#631,.T.);
#863=EDGE_CURVE('',#695,#696,#272,.T.);
#864=EDGE_CURVE('',#696,#696,#632,.T.);
#865=EDGE_CURVE('',#697,#698,#273,.T.);
#866=EDGE_CURVE('',#699,#697,#274,.T.);
#867=EDGE_CURVE('',#699,#700,#275,.T.);
#868=EDGE_CURVE('',#700,#698,#276,.T.);
#869=EDGE_CURVE('',#698,#701,#633,.T.);
#870=EDGE_CURVE('',#700,#702,#634,.T.);
#871=EDGE_CURVE('',#702,#701,#277,.T.);
#872=EDGE_CURVE('',#701,#703,#278,.T.);
#873=EDGE_CURVE('',#702,#704,#279,.T.);
#874=EDGE_CURVE('',#703,#704,#280,.T.);
#875=EDGE_CURVE('',#705,#706,#281,.T.);
#876=EDGE_CURVE('',#707,#705,#282,.T.);
#877=EDGE_CURVE('',#707,#708,#283,.T.);
#878=EDGE_CURVE('',#708,#706,#284,.T.);
#879=EDGE_CURVE('',#706,#709,#635,.T.);
#880=EDGE_CURVE('',#708,#710,#636,.T.);
#881=EDGE_CURVE('',#710,#709,#285,.T.);
#882=EDGE_CURVE('',#709,#711,#286,.T.);
#883=EDGE_CURVE('',#710,#712,#287,.T.);
#884=EDGE_CURVE('',#711,#712,#288,.T.);
#885=EDGE_CURVE('',#713,#714,#289,.T.);
#886=EDGE_CURVE('',#715,#713,#290,.T.);
#887=EDGE_CURVE('',#715,#716,#291,.T.);
#888=EDGE_CURVE('',#716,#714,#292,.T.);
#889=EDGE_CURVE('',#714,#717,#637,.T.);
#890=EDGE_CURVE('',#716,#718,#638,.T.);
#891=EDGE_CURVE('',#718,#717,#293,.T.);
#892=EDGE_CURVE('',#717,#719,#294,.T.);
#893=EDGE_CURVE('',#718,#720,#295,.T.);
#894=EDGE_CURVE('',#719,#720,#296,.T.);
#895=EDGE_CURVE('',#721,#722,#297,.T.);
#896=EDGE_CURVE('',#721,#723,#298,.T.);
#897=EDGE_CURVE('',#723,#724,#299,.T.);
#898=EDGE_CURVE('',#722,#724,#300,.T.);
#899=EDGE_CURVE('',#724,#725,#639,.T.);
#900=EDGE_CURVE('',#723,#726,#640,.T.);
#901=EDGE_CURVE('',#726,#725,#301,.T.);
#902=EDGE_CURVE('',#725,#727,#302,.T.);
#903=EDGE_CURVE('',#726,#728,#303,.T.);
#904=EDGE_CURVE('',#727,#728,#304,.T.);
#905=EDGE_CURVE('',#729,#730,#305,.T.);
#906=EDGE_CURVE('',#731,#729,#306,.T.);
#907=EDGE_CURVE('',#731,#732,#307,.T.);
#908=EDGE_CURVE('',#732,#730,#308,.T.);
#909=EDGE_CURVE('',#730,#733,#641,.T.);
#910=EDGE_CURVE('',#732,#734,#642,.T.);
#911=EDGE_CURVE('',#734,#733,#309,.T.);
#912=EDGE_CURVE('',#733,#735,#310,.T.);
#913=EDGE_CURVE('',#734,#736,#311,.T.);
#914=EDGE_CURVE('',#735,#736,#312,.T.);
#915=EDGE_CURVE('',#737,#738,#313,.T.);
#916=EDGE_CURVE('',#739,#737,#314,.T.);
#917=EDGE_CURVE('',#739,#740,#315,.T.);
#918=EDGE_CURVE('',#740,#738,#316,.T.);
#919=EDGE_CURVE('',#738,#741,#643,.T.);
#920=EDGE_CURVE('',#740,#742,#644,.T.);
#921=EDGE_CURVE('',#742,#741,#317,.T.);
#922=EDGE_CURVE('',#741,#743,#318,.T.);
#923=EDGE_CURVE('',#742,#744,#319,.T.);
#924=EDGE_CURVE('',#743,#744,#320,.T.);
#925=EDGE_CURVE('',#745,#746,#321,.T.);
#926=EDGE_CURVE('',#747,#745,#322,.T.);
#927=EDGE_CURVE('',#747,#748,#323,.T.);
#928=EDGE_CURVE('',#748,#746,#324,.T.);
#929=EDGE_CURVE('',#746,#749,#645,.T.);
#930=EDGE_CURVE('',#748,#750,#646,.T.);
#931=EDGE_CURVE('',#750,#749,#325,.T.);
#932=EDGE_CURVE('',#749,#751,#326,.T.);
#933=EDGE_CURVE('',#750,#752,#327,.T.);
#934=EDGE_CURVE('',#751,#752,#328,.T.);
#935=EDGE_CURVE('',#753,#754,#329,.T.);
#936=EDGE_CURVE('',#753,#755,#330,.T.);
#937=EDGE_CURVE('',#755,#756,#331,.T.);
#938=EDGE_CURVE('',#754,#756,#332,.T.);
#939=EDGE_CURVE('',#756,#757,#647,.T.);
#940=EDGE_CURVE('',#755,#758,#648,.T.);
#941=EDGE_CURVE('',#758,#757,#333,.T.);
#942=EDGE_CURVE('',#757,#759,#334,.T.);
#943=EDGE_CURVE('',#758,#760,#335,.T.);
#944=EDGE_CURVE('',#759,#760,#336,.T.);
#945=EDGE_CURVE('',#761,#762,#649,.T.);
#946=EDGE_CURVE('',#763,#761,#337,.T.);
#947=EDGE_CURVE('',#763,#764,#650,.T.);
#948=EDGE_CURVE('',#764,#762,#338,.T.);
#949=EDGE_CURVE('',#762,#765,#339,.T.);
#950=EDGE_CURVE('',#764,#766,#340,.T.);
#951=EDGE_CURVE('',#765,#766,#341,.T.);
#952=EDGE_CURVE('',#767,#768,#342,.T.);
#953=EDGE_CURVE('',#769,#767,#343,.T.);
#954=EDGE_CURVE('',#769,#770,#344,.T.);
#955=EDGE_CURVE('',#770,#768,#345,.T.);
#956=EDGE_CURVE('',#768,#771,#651,.T.);
#957=EDGE_CURVE('',#770,#772,#652,.T.);
#958=EDGE_CURVE('',#772,#771,#346,.T.);
#959=EDGE_CURVE('',#771,#773,#347,.T.);
#960=EDGE_CURVE('',#772,#774,#348,.T.);
#961=EDGE_CURVE('',#773,#774,#349,.T.);
#962=EDGE_CURVE('',#775,#776,#350,.T.);
#963=EDGE_CURVE('',#777,#775,#351,.T.);
#964=EDGE_CURVE('',#777,#778,#352,.T.);
#965=EDGE_CURVE('',#778,#776,#353,.T.);
#966=EDGE_CURVE('',#776,#779,#653,.T.);
#967=EDGE_CURVE('',#778,#780,#654,.T.);
#968=EDGE_CURVE('',#780,#779,#354,.T.);
#969=EDGE_CURVE('',#781,#782,#355,.T.);
#970=EDGE_CURVE('',#779,#781,#356,.T.);
#971=EDGE_CURVE('',#780,#782,#357,.T.);
#972=EDGE_CURVE('',#783,#784,#358,.T.);
#973=EDGE_CURVE('',#785,#783,#359,.T.);
#974=EDGE_CURVE('',#785,#786,#360,.T.);
#975=EDGE_CURVE('',#786,#784,#361,.T.);
#976=EDGE_CURVE('',#784,#787,#655,.T.);
#977=EDGE_CURVE('',#786,#788,#656,.T.);
#978=EDGE_CURVE('',#788,#787,#362,.T.);
#979=EDGE_CURVE('',#787,#789,#363,.T.);
#980=EDGE_CURVE('',#788,#790,#364,.T.);
#981=EDGE_CURVE('',#789,#790,#365,.T.);
#982=EDGE_CURVE('',#791,#792,#366,.T.);
#983=EDGE_CURVE('',#793,#791,#367,.T.);
#984=EDGE_CURVE('',#793,#794,#368,.T.);
#985=EDGE_CURVE('',#794,#792,#369,.T.);
#986=EDGE_CURVE('',#792,#795,#657,.T.);
#987=EDGE_CURVE('',#794,#796,#658,.T.);
#988=EDGE_CURVE('',#796,#795,#370,.T.);
#989=EDGE_CURVE('',#795,#797,#371,.T.);
#990=EDGE_CURVE('',#796,#798,#372,.T.);
#991=EDGE_CURVE('',#797,#798,#373,.T.);
#992=EDGE_CURVE('',#799,#800,#374,.T.);
#993=EDGE_CURVE('',#801,#799,#375,.T.);
#994=EDGE_CURVE('',#801,#802,#376,.T.);
#995=EDGE_CURVE('',#802,#800,#377,.T.);
#996=EDGE_CURVE('',#800,#803,#659,.T.);
#997=EDGE_CURVE('',#802,#804,#660,.T.);
#998=EDGE_CURVE('',#804,#803,#378,.T.);
#999=EDGE_CURVE('',#803,#805,#379,.T.);
#1000=EDGE_CURVE('',#804,#806,#380,.T.);
#1001=EDGE_CURVE('',#805,#806,#381,.T.);
#1002=EDGE_CURVE('',#807,#808,#382,.T.);
#1003=EDGE_CURVE('',#809,#807,#383,.T.);
#1004=EDGE_CURVE('',#809,#810,#384,.T.);
#1005=EDGE_CURVE('',#810,#808,#385,.T.);
#1006=EDGE_CURVE('',#808,#811,#661,.T.);
#1007=EDGE_CURVE('',#810,#812,#662,.T.);
#1008=EDGE_CURVE('',#812,#811,#386,.T.);
#1009=EDGE_CURVE('',#813,#814,#387,.T.);
#1010=EDGE_CURVE('',#811,#813,#388,.T.);
#1011=EDGE_CURVE('',#812,#814,#389,.T.);
#1012=EDGE_CURVE('',#815,#816,#390,.T.);
#1013=EDGE_CURVE('',#817,#815,#391,.T.);
#1014=EDGE_CURVE('',#817,#818,#392,.T.);
#1015=EDGE_CURVE('',#818,#816,#393,.T.);
#1016=EDGE_CURVE('',#816,#819,#663,.T.);
#1017=EDGE_CURVE('',#818,#820,#664,.T.);
#1018=EDGE_CURVE('',#820,#819,#394,.T.);
#1019=EDGE_CURVE('',#819,#821,#395,.T.);
#1020=EDGE_CURVE('',#820,#822,#396,.T.);
#1021=EDGE_CURVE('',#821,#822,#397,.T.);
#1022=EDGE_CURVE('',#823,#761,#398,.T.);
#1023=EDGE_CURVE('',#824,#823,#399,.T.);
#1024=EDGE_CURVE('',#824,#763,#400,.T.);
#1025=EDGE_CURVE('',#814,#817,#665,.T.);
#1026=EDGE_CURVE('',#806,#809,#401,.T.);
#1027=EDGE_CURVE('',#798,#801,#402,.T.);
#1028=EDGE_CURVE('',#790,#793,#403,.T.);
#1029=EDGE_CURVE('',#782,#785,#666,.T.);
#1030=EDGE_CURVE('',#774,#777,#404,.T.);
#1031=EDGE_CURVE('',#766,#769,#405,.T.);
#1032=EDGE_CURVE('',#760,#824,#406,.T.);
#1033=EDGE_CURVE('',#752,#753,#667,.T.);
#1034=EDGE_CURVE('',#744,#747,#407,.T.);
#1035=EDGE_CURVE('',#736,#739,#408,.T.);
#1036=EDGE_CURVE('',#728,#731,#409,.T.);
#1037=EDGE_CURVE('',#720,#721,#668,.T.);
#1038=EDGE_CURVE('',#712,#715,#410,.T.);
#1039=EDGE_CURVE('',#704,#707,#411,.T.);
#1040=EDGE_CURVE('',#822,#699,#412,.T.);
#1041=EDGE_CURVE('',#703,#697,#413,.T.);
#1042=EDGE_CURVE('',#711,#705,#414,.T.);
#1043=EDGE_CURVE('',#825,#713,#415,.T.);
#1044=EDGE_CURVE('',#826,#825,#416,.T.);
#1045=EDGE_CURVE('',#826,#827,#417,.T.);
#1046=EDGE_CURVE('',#828,#827,#418,.T.);
#1047=EDGE_CURVE('',#821,#828,#419,.T.);
#1048=EDGE_CURVE('',#722,#829,#669,.T.);
#1049=EDGE_CURVE('',#829,#830,#420,.T.);
#1050=EDGE_CURVE('',#830,#826,#670,.T.);
#1051=EDGE_CURVE('',#825,#719,#671,.T.);
#1052=EDGE_CURVE('',#735,#729,#421,.T.);
#1053=EDGE_CURVE('',#743,#737,#422,.T.);
#1054=EDGE_CURVE('',#831,#745,#423,.T.);
#1055=EDGE_CURVE('',#832,#831,#424,.T.);
#1056=EDGE_CURVE('',#832,#830,#425,.T.);
#1057=EDGE_CURVE('',#727,#829,#426,.T.);
#1058=EDGE_CURVE('',#754,#833,#672,.T.);
#1059=EDGE_CURVE('',#833,#834,#427,.T.);
#1060=EDGE_CURVE('',#834,#832,#673,.T.);
#1061=EDGE_CURVE('',#831,#751,#674,.T.);
#1062=EDGE_CURVE('',#759,#833,#428,.T.);
#1063=EDGE_CURVE('',#765,#823,#429,.T.);
#1064=EDGE_CURVE('',#773,#767,#430,.T.);
#1065=EDGE_CURVE('',#835,#781,#675,.T.);
#1066=EDGE_CURVE('',#835,#775,#431,.T.);
#1067=EDGE_CURVE('',#789,#836,#432,.T.);
#1068=EDGE_CURVE('',#783,#836,#676,.T.);
#1069=EDGE_CURVE('',#797,#791,#433,.T.);
#1070=EDGE_CURVE('',#805,#799,#434,.T.);
#1071=EDGE_CURVE('',#837,#813,#677,.T.);
#1072=EDGE_CURVE('',#837,#807,#435,.T.);
#1073=EDGE_CURVE('',#838,#834,#436,.T.);
#1074=EDGE_CURVE('',#839,#838,#678,.T.);
#1075=EDGE_CURVE('',#840,#839,#437,.T.);
#1076=EDGE_CURVE('',#827,#840,#679,.T.);
#1077=EDGE_CURVE('',#838,#835,#438,.T.);
#1078=EDGE_CURVE('',#836,#839,#439,.T.);
#1079=EDGE_CURVE('',#815,#828,#680,.T.);
#1080=EDGE_CURVE('',#840,#837,#440,.T.);
#1081=ORIENTED_EDGE('',*,*,#841,.F.);
#1082=ORIENTED_EDGE('',*,*,#842,.T.);
#1083=ORIENTED_EDGE('',*,*,#843,.F.);
#1084=ORIENTED_EDGE('',*,*,#842,.F.);
#1085=ORIENTED_EDGE('',*,*,#844,.F.);
#1086=ORIENTED_EDGE('',*,*,#845,.T.);
#1087=ORIENTED_EDGE('',*,*,#846,.F.);
#1088=ORIENTED_EDGE('',*,*,#845,.F.);
#1089=ORIENTED_EDGE('',*,*,#847,.F.);
#1090=ORIENTED_EDGE('',*,*,#848,.T.);
#1091=ORIENTED_EDGE('',*,*,#849,.F.);
#1092=ORIENTED_EDGE('',*,*,#848,.F.);
#1093=ORIENTED_EDGE('',*,*,#850,.F.);
#1094=ORIENTED_EDGE('',*,*,#851,.T.);
#1095=ORIENTED_EDGE('',*,*,#852,.F.);
#1096=ORIENTED_EDGE('',*,*,#851,.F.);
#1097=ORIENTED_EDGE('',*,*,#853,.F.);
#1098=ORIENTED_EDGE('',*,*,#854,.T.);
#1099=ORIENTED_EDGE('',*,*,#855,.F.);
#1100=ORIENTED_EDGE('',*,*,#854,.F.);
#1101=ORIENTED_EDGE('',*,*,#856,.F.);
#1102=ORIENTED_EDGE('',*,*,#857,.T.);
#1103=ORIENTED_EDGE('',*,*,#858,.F.);
#1104=ORIENTED_EDGE('',*,*,#857,.F.);
#1105=ORIENTED_EDGE('',*,*,#859,.F.);
#1106=ORIENTED_EDGE('',*,*,#860,.T.);
#1107=ORIENTED_EDGE('',*,*,#861,.F.);
#1108=ORIENTED_EDGE('',*,*,#860,.F.);
#1109=ORIENTED_EDGE('',*,*,#862,.F.);
#1110=ORIENTED_EDGE('',*,*,#863,.T.);
#1111=ORIENTED_EDGE('',*,*,#864,.F.);
#1112=ORIENTED_EDGE('',*,*,#863,.F.);
#1113=ORIENTED_EDGE('',*,*,#865,.F.);
#1114=ORIENTED_EDGE('',*,*,#866,.F.);
#1115=ORIENTED_EDGE('',*,*,#867,.T.);
#1116=ORIENTED_EDGE('',*,*,#868,.T.);
#1117=ORIENTED_EDGE('',*,*,#869,.F.);
#1118=ORIENTED_EDGE('',*,*,#868,.F.);
#1119=ORIENTED_EDGE('',*,*,#870,.T.);
#1120=ORIENTED_EDGE('',*,*,#871,.T.);
#1121=ORIENTED_EDGE('',*,*,#872,.F.);
#1122=ORIENTED_EDGE('',*,*,#871,.F.);
#1123=ORIENTED_EDGE('',*,*,#873,.T.);
#1124=ORIENTED_EDGE('',*,*,#874,.F.);
#1125=ORIENTED_EDGE('',*,*,#875,.F.);
#1126=ORIENTED_EDGE('',*,*,#876,.F.);
#1127=ORIENTED_EDGE('',*,*,#877,.T.);
#1128=ORIENTED_EDGE('',*,*,#878,.T.);
#1129=ORIENTED_EDGE('',*,*,#879,.F.);
#1130=ORIENTED_EDGE('',*,*,#878,.F.);
#1131=ORIENTED_EDGE('',*,*,#880,.T.);
#1132=ORIENTED_EDGE('',*,*,#881,.T.);
#1133=ORIENTED_EDGE('',*,*,#882,.F.);
#1134=ORIENTED_EDGE('',*,*,#881,.F.);
#1135=ORIENTED_EDGE('',*,*,#883,.T.);
#1136=ORIENTED_EDGE('',*,*,#884,.F.);
#1137=ORIENTED_EDGE('',*,*,#885,.F.);
#1138=ORIENTED_EDGE('',*,*,#886,.F.);
#1139=ORIENTED_EDGE('',*,*,#887,.T.);
#1140=ORIENTED_EDGE('',*,*,#888,.T.);
#1141=ORIENTED_EDGE('',*,*,#889,.F.);
#1142=ORIENTED_EDGE('',*,*,#888,.F.);
#1143=ORIENTED_EDGE('',*,*,#890,.T.);
#1144=ORIENTED_EDGE('',*,*,#891,.T.);
#1145=ORIENTED_EDGE('',*,*,#892,.F.);
#1146=ORIENTED_EDGE('',*,*,#891,.F.);
#1147=ORIENTED_EDGE('',*,*,#893,.T.);
#1148=ORIENTED_EDGE('',*,*,#894,.F.);
#1149=ORIENTED_EDGE('',*,*,#895,.F.);
#1150=ORIENTED_EDGE('',*,*,#896,.T.);
#1151=ORIENTED_EDGE('',*,*,#897,.T.);
#1152=ORIENTED_EDGE('',*,*,#898,.F.);
#1153=ORIENTED_EDGE('',*,*,#899,.F.);
#1154=ORIENTED_EDGE('',*,*,#897,.F.);
#1155=ORIENTED_EDGE('',*,*,#900,.T.);
#1156=ORIENTED_EDGE('',*,*,#901,.T.);
#1157=ORIENTED_EDGE('',*,*,#902,.F.);
#1158=ORIENTED_EDGE('',*,*,#901,.F.);
#1159=ORIENTED_EDGE('',*,*,#903,.T.);
#1160=ORIENTED_EDGE('',*,*,#904,.F.);
#1161=ORIENTED_EDGE('',*,*,#905,.F.);
#1162=ORIENTED_EDGE('',*,*,#906,.F.);
#1163=ORIENTED_EDGE('',*,*,#907,.T.);
#1164=ORIENTED_EDGE('',*,*,#908,.T.);
#1165=ORIENTED_EDGE('',*,*,#909,.F.);
#1166=ORIENTED_EDGE('',*,*,#908,.F.);
#1167=ORIENTED_EDGE('',*,*,#910,.T.);
#1168=ORIENTED_EDGE('',*,*,#911,.T.);
#1169=ORIENTED_EDGE('',*,*,#912,.F.);
#1170=ORIENTED_EDGE('',*,*,#911,.F.);
#1171=ORIENTED_EDGE('',*,*,#913,.T.);
#1172=ORIENTED_EDGE('',*,*,#914,.F.);
#1173=ORIENTED_EDGE('',*,*,#915,.F.);
#1174=ORIENTED_EDGE('',*,*,#916,.F.);
#1175=ORIENTED_EDGE('',*,*,#917,.T.);
#1176=ORIENTED_EDGE('',*,*,#918,.T.);
#1177=ORIENTED_EDGE('',*,*,#919,.F.);
#1178=ORIENTED_EDGE('',*,*,#918,.F.);
#1179=ORIENTED_EDGE('',*,*,#920,.T.);
#1180=ORIENTED_EDGE('',*,*,#921,.T.);
#1181=ORIENTED_EDGE('',*,*,#922,.F.);
#1182=ORIENTED_EDGE('',*,*,#921,.F.);
#1183=ORIENTED_EDGE('',*,*,#923,.T.);
#1184=ORIENTED_EDGE('',*,*,#924,.F.);
#1185=ORIENTED_EDGE('',*,*,#925,.F.);
#1186=ORIENTED_EDGE('',*,*,#926,.F.);
#1187=ORIENTED_EDGE('',*,*,#927,.T.);
#1188=ORIENTED_EDGE('',*,*,#928,.T.);
#1189=ORIENTED_EDGE('',*,*,#929,.F.);
#1190=ORIENTED_EDGE('',*,*,#928,.F.);
#1191=ORIENTED_EDGE('',*,*,#930,.T.);
#1192=ORIENTED_EDGE('',*,*,#931,.T.);
#1193=ORIENTED_EDGE('',*,*,#932,.F.);
#1194=ORIENTED_EDGE('',*,*,#931,.F.);
#1195=ORIENTED_EDGE('',*,*,#933,.T.);
#1196=ORIENTED_EDGE('',*,*,#934,.F.);
#1197=ORIENTED_EDGE('',*,*,#935,.F.);
#1198=ORIENTED_EDGE('',*,*,#936,.T.);
#1199=ORIENTED_EDGE('',*,*,#937,.T.);
#1200=ORIENTED_EDGE('',*,*,#938,.F.);
#1201=ORIENTED_EDGE('',*,*,#939,.F.);
#1202=ORIENTED_EDGE('',*,*,#937,.F.);
#1203=ORIENTED_EDGE('',*,*,#940,.T.);
#1204=ORIENTED_EDGE('',*,*,#941,.T.);
#1205=ORIENTED_EDGE('',*,*,#942,.F.);
#1206=ORIENTED_EDGE('',*,*,#941,.F.);
#1207=ORIENTED_EDGE('',*,*,#943,.T.);
#1208=ORIENTED_EDGE('',*,*,#944,.F.);
#1209=ORIENTED_EDGE('',*,*,#945,.F.);
#1210=ORIENTED_EDGE('',*,*,#946,.F.);
#1211=ORIENTED_EDGE('',*,*,#947,.T.);
#1212=ORIENTED_EDGE('',*,*,#948,.T.);
#1213=ORIENTED_EDGE('',*,*,#949,.F.);
#1214=ORIENTED_EDGE('',*,*,#948,.F.);
#1215=ORIENTED_EDGE('',*,*,#950,.T.);
#1216=ORIENTED_EDGE('',*,*,#951,.F.);
#1217=ORIENTED_EDGE('',*,*,#952,.F.);
#1218=ORIENTED_EDGE('',*,*,#953,.F.);
#1219=ORIENTED_EDGE('',*,*,#954,.T.);
#1220=ORIENTED_EDGE('',*,*,#955,.T.);
#1221=ORIENTED_EDGE('',*,*,#956,.F.);
#1222=ORIENTED_EDGE('',*,*,#955,.F.);
#1223=ORIENTED_EDGE('',*,*,#957,.T.);
#1224=ORIENTED_EDGE('',*,*,#958,.T.);
#1225=ORIENTED_EDGE('',*,*,#959,.F.);
#1226=ORIENTED_EDGE('',*,*,#958,.F.);
#1227=ORIENTED_EDGE('',*,*,#960,.T.);
#1228=ORIENTED_EDGE('',*,*,#961,.F.);
#1229=ORIENTED_EDGE('',*,*,#962,.F.);
#1230=ORIENTED_EDGE('',*,*,#963,.F.);
#1231=ORIENTED_EDGE('',*,*,#964,.T.);
#1232=ORIENTED_EDGE('',*,*,#965,.T.);
#1233=ORIENTED_EDGE('',*,*,#966,.F.);
#1234=ORIENTED_EDGE('',*,*,#965,.F.);
#1235=ORIENTED_EDGE('',*,*,#967,.T.);
#1236=ORIENTED_EDGE('',*,*,#968,.T.);
#1237=ORIENTED_EDGE('',*,*,#969,.F.);
#1238=ORIENTED_EDGE('',*,*,#970,.F.);
#1239=ORIENTED_EDGE('',*,*,#968,.F.);
#1240=ORIENTED_EDGE('',*,*,#971,.T.);
#1241=ORIENTED_EDGE('',*,*,#972,.F.);
#1242=ORIENTED_EDGE('',*,*,#973,.F.);
#1243=ORIENTED_EDGE('',*,*,#974,.T.);
#1244=ORIENTED_EDGE('',*,*,#975,.T.);
#1245=ORIENTED_EDGE('',*,*,#976,.F.);
#1246=ORIENTED_EDGE('',*,*,#975,.F.);
#1247=ORIENTED_EDGE('',*,*,#977,.T.);
#1248=ORIENTED_EDGE('',*,*,#978,.T.);
#1249=ORIENTED_EDGE('',*,*,#979,.F.);
#1250=ORIENTED_EDGE('',*,*,#978,.F.);
#1251=ORIENTED_EDGE('',*,*,#980,.T.);
#1252=ORIENTED_EDGE('',*,*,#981,.F.);
#1253=ORIENTED_EDGE('',*,*,#982,.F.);
#1254=ORIENTED_EDGE('',*,*,#983,.F.);
#1255=ORIENTED_EDGE('',*,*,#984,.T.);
#1256=ORIENTED_EDGE('',*,*,#985,.T.);
#1257=ORIENTED_EDGE('',*,*,#986,.F.);
#1258=ORIENTED_EDGE('',*,*,#985,.F.);
#1259=ORIENTED_EDGE('',*,*,#987,.T.);
#1260=ORIENTED_EDGE('',*,*,#988,.T.);
#1261=ORIENTED_EDGE('',*,*,#989,.F.);
#1262=ORIENTED_EDGE('',*,*,#988,.F.);
#1263=ORIENTED_EDGE('',*,*,#990,.T.);
#1264=ORIENTED_EDGE('',*,*,#991,.F.);
#1265=ORIENTED_EDGE('',*,*,#992,.F.);
#1266=ORIENTED_EDGE('',*,*,#993,.F.);
#1267=ORIENTED_EDGE('',*,*,#994,.T.);
#1268=ORIENTED_EDGE('',*,*,#995,.T.);
#1269=ORIENTED_EDGE('',*,*,#996,.F.);
#1270=ORIENTED_EDGE('',*,*,#995,.F.);
#1271=ORIENTED_EDGE('',*,*,#997,.T.);
#1272=ORIENTED_EDGE('',*,*,#998,.T.);
#1273=ORIENTED_EDGE('',*,*,#999,.F.);
#1274=ORIENTED_EDGE('',*,*,#998,.F.);
#1275=ORIENTED_EDGE('',*,*,#1000,.T.);
#1276=ORIENTED_EDGE('',*,*,#1001,.F.);
#1277=ORIENTED_EDGE('',*,*,#1002,.F.);
#1278=ORIENTED_EDGE('',*,*,#1003,.F.);
#1279=ORIENTED_EDGE('',*,*,#1004,.T.);
#1280=ORIENTED_EDGE('',*,*,#1005,.T.);
#1281=ORIENTED_EDGE('',*,*,#1006,.F.);
#1282=ORIENTED_EDGE('',*,*,#1005,.F.);
#1283=ORIENTED_EDGE('',*,*,#1007,.T.);
#1284=ORIENTED_EDGE('',*,*,#1008,.T.);
#1285=ORIENTED_EDGE('',*,*,#1009,.F.);
#1286=ORIENTED_EDGE('',*,*,#1010,.F.);
#1287=ORIENTED_EDGE('',*,*,#1008,.F.);
#1288=ORIENTED_EDGE('',*,*,#1011,.T.);
#1289=ORIENTED_EDGE('',*,*,#1012,.F.);
#1290=ORIENTED_EDGE('',*,*,#1013,.F.);
#1291=ORIENTED_EDGE('',*,*,#1014,.T.);
#1292=ORIENTED_EDGE('',*,*,#1015,.T.);
#1293=ORIENTED_EDGE('',*,*,#1016,.F.);
#1294=ORIENTED_EDGE('',*,*,#1015,.F.);
#1295=ORIENTED_EDGE('',*,*,#1017,.T.);
#1296=ORIENTED_EDGE('',*,*,#1018,.T.);
#1297=ORIENTED_EDGE('',*,*,#1019,.F.);
#1298=ORIENTED_EDGE('',*,*,#1018,.F.);
#1299=ORIENTED_EDGE('',*,*,#1020,.T.);
#1300=ORIENTED_EDGE('',*,*,#1021,.F.);
#1301=ORIENTED_EDGE('',*,*,#1022,.F.);
#1302=ORIENTED_EDGE('',*,*,#1023,.F.);
#1303=ORIENTED_EDGE('',*,*,#1024,.T.);
#1304=ORIENTED_EDGE('',*,*,#946,.T.);
#1305=ORIENTED_EDGE('',*,*,#1025,.F.);
#1306=ORIENTED_EDGE('',*,*,#1011,.F.);
#1307=ORIENTED_EDGE('',*,*,#1007,.F.);
#1308=ORIENTED_EDGE('',*,*,#1004,.F.);
#1309=ORIENTED_EDGE('',*,*,#1026,.F.);
#1310=ORIENTED_EDGE('',*,*,#1000,.F.);
#1311=ORIENTED_EDGE('',*,*,#997,.F.);
#1312=ORIENTED_EDGE('',*,*,#994,.F.);
#1313=ORIENTED_EDGE('',*,*,#1027,.F.);
#1314=ORIENTED_EDGE('',*,*,#990,.F.);
#1315=ORIENTED_EDGE('',*,*,#987,.F.);
#1316=ORIENTED_EDGE('',*,*,#984,.F.);
#1317=ORIENTED_EDGE('',*,*,#1028,.F.);
#1318=ORIENTED_EDGE('',*,*,#980,.F.);
#1319=ORIENTED_EDGE('',*,*,#977,.F.);
#1320=ORIENTED_EDGE('',*,*,#974,.F.);
#1321=ORIENTED_EDGE('',*,*,#1029,.F.);
#1322=ORIENTED_EDGE('',*,*,#971,.F.);
#1323=ORIENTED_EDGE('',*,*,#967,.F.);
#1324=ORIENTED_EDGE('',*,*,#964,.F.);
#1325=ORIENTED_EDGE('',*,*,#1030,.F.);
#1326=ORIENTED_EDGE('',*,*,#960,.F.);
#1327=ORIENTED_EDGE('',*,*,#957,.F.);
#1328=ORIENTED_EDGE('',*,*,#954,.F.);
#1329=ORIENTED_EDGE('',*,*,#1031,.F.);
#1330=ORIENTED_EDGE('',*,*,#950,.F.);
#1331=ORIENTED_EDGE('',*,*,#947,.F.);
#1332=ORIENTED_EDGE('',*,*,#1024,.F.);
#1333=ORIENTED_EDGE('',*,*,#1032,.F.);
#1334=ORIENTED_EDGE('',*,*,#943,.F.);
#1335=ORIENTED_EDGE('',*,*,#940,.F.);
#1336=ORIENTED_EDGE('',*,*,#936,.F.);
#1337=ORIENTED_EDGE('',*,*,#1033,.F.);
#1338=ORIENTED_EDGE('',*,*,#933,.F.);
#1339=ORIENTED_EDGE('',*,*,#930,.F.);
#1340=ORIENTED_EDGE('',*,*,#927,.F.);
#1341=ORIENTED_EDGE('',*,*,#1034,.F.);
#1342=ORIENTED_EDGE('',*,*,#923,.F.);
#1343=ORIENTED_EDGE('',*,*,#920,.F.);
#1344=ORIENTED_EDGE('',*,*,#917,.F.);
#1345=ORIENTED_EDGE('',*,*,#1035,.F.);
#1346=ORIENTED_EDGE('',*,*,#913,.F.);
#1347=ORIENTED_EDGE('',*,*,#910,.F.);
#1348=ORIENTED_EDGE('',*,*,#907,.F.);
#1349=ORIENTED_EDGE('',*,*,#1036,.F.);
#1350=ORIENTED_EDGE('',*,*,#903,.F.);
#1351=ORIENTED_EDGE('',*,*,#900,.F.);
#1352=ORIENTED_EDGE('',*,*,#896,.F.);
#1353=ORIENTED_EDGE('',*,*,#1037,.F.);
#1354=ORIENTED_EDGE('',*,*,#893,.F.);
#1355=ORIENTED_EDGE('',*,*,#890,.F.);
#1356=ORIENTED_EDGE('',*,*,#887,.F.);
#1357=ORIENTED_EDGE('',*,*,#1038,.F.);
#1358=ORIENTED_EDGE('',*,*,#883,.F.);
#1359=ORIENTED_EDGE('',*,*,#880,.F.);
#1360=ORIENTED_EDGE('',*,*,#877,.F.);
#1361=ORIENTED_EDGE('',*,*,#1039,.F.);
#1362=ORIENTED_EDGE('',*,*,#873,.F.);
#1363=ORIENTED_EDGE('',*,*,#870,.F.);
#1364=ORIENTED_EDGE('',*,*,#867,.F.);
#1365=ORIENTED_EDGE('',*,*,#1040,.F.);
#1366=ORIENTED_EDGE('',*,*,#1020,.F.);
#1367=ORIENTED_EDGE('',*,*,#1017,.F.);
#1368=ORIENTED_EDGE('',*,*,#1014,.F.);
#1369=ORIENTED_EDGE('',*,*,#843,.T.);
#1370=ORIENTED_EDGE('',*,*,#846,.T.);
#1371=ORIENTED_EDGE('',*,*,#849,.T.);
#1372=ORIENTED_EDGE('',*,*,#852,.T.);
#1373=ORIENTED_EDGE('',*,*,#855,.T.);
#1374=ORIENTED_EDGE('',*,*,#858,.T.);
#1375=ORIENTED_EDGE('',*,*,#861,.T.);
#1376=ORIENTED_EDGE('',*,*,#864,.T.);
#1377=ORIENTED_EDGE('',*,*,#1021,.T.);
#1378=ORIENTED_EDGE('',*,*,#1040,.T.);
#1379=ORIENTED_EDGE('',*,*,#866,.T.);
#1380=ORIENTED_EDGE('',*,*,#1041,.F.);
#1381=ORIENTED_EDGE('',*,*,#874,.T.);
#1382=ORIENTED_EDGE('',*,*,#1039,.T.);
#1383=ORIENTED_EDGE('',*,*,#876,.T.);
#1384=ORIENTED_EDGE('',*,*,#1042,.F.);
#1385=ORIENTED_EDGE('',*,*,#884,.T.);
#1386=ORIENTED_EDGE('',*,*,#1038,.T.);
#1387=ORIENTED_EDGE('',*,*,#886,.T.);
#1388=ORIENTED_EDGE('',*,*,#1043,.F.);
#1389=ORIENTED_EDGE('',*,*,#1044,.F.);
#1390=ORIENTED_EDGE('',*,*,#1045,.T.);
#1391=ORIENTED_EDGE('',*,*,#1046,.F.);
#1392=ORIENTED_EDGE('',*,*,#1047,.F.);
#1393=ORIENTED_EDGE('',*,*,#894,.T.);
#1394=ORIENTED_EDGE('',*,*,#1037,.T.);
#1395=ORIENTED_EDGE('',*,*,#895,.T.);
#1396=ORIENTED_EDGE('',*,*,#1048,.T.);
#1397=ORIENTED_EDGE('',*,*,#1049,.T.);
#1398=ORIENTED_EDGE('',*,*,#1050,.T.);
#1399=ORIENTED_EDGE('',*,*,#1044,.T.);
#1400=ORIENTED_EDGE('',*,*,#1051,.T.);
#1401=ORIENTED_EDGE('',*,*,#904,.T.);
#1402=ORIENTED_EDGE('',*,*,#1036,.T.);
#1403=ORIENTED_EDGE('',*,*,#906,.T.);
#1404=ORIENTED_EDGE('',*,*,#1052,.F.);
#1405=ORIENTED_EDGE('',*,*,#914,.T.);
#1406=ORIENTED_EDGE('',*,*,#1035,.T.);
#1407=ORIENTED_EDGE('',*,*,#916,.T.);
#1408=ORIENTED_EDGE('',*,*,#1053,.F.);
#1409=ORIENTED_EDGE('',*,*,#924,.T.);
#1410=ORIENTED_EDGE('',*,*,#1034,.T.);
#1411=ORIENTED_EDGE('',*,*,#926,.T.);
#1412=ORIENTED_EDGE('',*,*,#1054,.F.);
#1413=ORIENTED_EDGE('',*,*,#1055,.F.);
#1414=ORIENTED_EDGE('',*,*,#1056,.T.);
#1415=ORIENTED_EDGE('',*,*,#1049,.F.);
#1416=ORIENTED_EDGE('',*,*,#1057,.F.);
#1417=ORIENTED_EDGE('',*,*,#934,.T.);
#1418=ORIENTED_EDGE('',*,*,#1033,.T.);
#1419=ORIENTED_EDGE('',*,*,#935,.T.);
#1420=ORIENTED_EDGE('',*,*,#1058,.T.);
#1421=ORIENTED_EDGE('',*,*,#1059,.T.);
#1422=ORIENTED_EDGE('',*,*,#1060,.T.);
#1423=ORIENTED_EDGE('',*,*,#1055,.T.);
#1424=ORIENTED_EDGE('',*,*,#1061,.T.);
#1425=ORIENTED_EDGE('',*,*,#938,.T.);
#1426=ORIENTED_EDGE('',*,*,#939,.T.);
#1427=ORIENTED_EDGE('',*,*,#942,.T.);
#1428=ORIENTED_EDGE('',*,*,#1062,.T.);
#1429=ORIENTED_EDGE('',*,*,#1058,.F.);
#1430=ORIENTED_EDGE('',*,*,#925,.T.);
#1431=ORIENTED_EDGE('',*,*,#929,.T.);
#1432=ORIENTED_EDGE('',*,*,#932,.T.);
#1433=ORIENTED_EDGE('',*,*,#1061,.F.);
#1434=ORIENTED_EDGE('',*,*,#1054,.T.);
#1435=ORIENTED_EDGE('',*,*,#949,.T.);
#1436=ORIENTED_EDGE('',*,*,#1063,.T.);
#1437=ORIENTED_EDGE('',*,*,#1022,.T.);
#1438=ORIENTED_EDGE('',*,*,#945,.T.);
#1439=ORIENTED_EDGE('',*,*,#959,.T.);
#1440=ORIENTED_EDGE('',*,*,#1064,.T.);
#1441=ORIENTED_EDGE('',*,*,#952,.T.);
#1442=ORIENTED_EDGE('',*,*,#956,.T.);
#1443=ORIENTED_EDGE('',*,*,#915,.T.);
#1444=ORIENTED_EDGE('',*,*,#919,.T.);
#1445=ORIENTED_EDGE('',*,*,#922,.T.);
#1446=ORIENTED_EDGE('',*,*,#1053,.T.);
#1447=ORIENTED_EDGE('',*,*,#970,.T.);
#1448=ORIENTED_EDGE('',*,*,#1065,.F.);
#1449=ORIENTED_EDGE('',*,*,#1066,.T.);
#1450=ORIENTED_EDGE('',*,*,#962,.T.);
#1451=ORIENTED_EDGE('',*,*,#966,.T.);
#1452=ORIENTED_EDGE('',*,*,#905,.T.);
#1453=ORIENTED_EDGE('',*,*,#909,.T.);
#1454=ORIENTED_EDGE('',*,*,#912,.T.);
#1455=ORIENTED_EDGE('',*,*,#1052,.T.);
#1456=ORIENTED_EDGE('',*,*,#898,.T.);
#1457=ORIENTED_EDGE('',*,*,#899,.T.);
#1458=ORIENTED_EDGE('',*,*,#902,.T.);
#1459=ORIENTED_EDGE('',*,*,#1057,.T.);
#1460=ORIENTED_EDGE('',*,*,#1048,.F.);
#1461=ORIENTED_EDGE('',*,*,#979,.T.);
#1462=ORIENTED_EDGE('',*,*,#1067,.T.);
#1463=ORIENTED_EDGE('',*,*,#1068,.F.);
#1464=ORIENTED_EDGE('',*,*,#972,.T.);
#1465=ORIENTED_EDGE('',*,*,#976,.T.);
#1466=ORIENTED_EDGE('',*,*,#885,.T.);
#1467=ORIENTED_EDGE('',*,*,#889,.T.);
#1468=ORIENTED_EDGE('',*,*,#892,.T.);
#1469=ORIENTED_EDGE('',*,*,#1051,.F.);
#1470=ORIENTED_EDGE('',*,*,#1043,.T.);
#1471=ORIENTED_EDGE('',*,*,#989,.T.);
#1472=ORIENTED_EDGE('',*,*,#1069,.T.);
#1473=ORIENTED_EDGE('',*,*,#982,.T.);
#1474=ORIENTED_EDGE('',*,*,#986,.T.);
#1475=ORIENTED_EDGE('',*,*,#999,.T.);
#1476=ORIENTED_EDGE('',*,*,#1070,.T.);
#1477=ORIENTED_EDGE('',*,*,#992,.T.);
#1478=ORIENTED_EDGE('',*,*,#996,.T.);
#1479=ORIENTED_EDGE('',*,*,#875,.T.);
#1480=ORIENTED_EDGE('',*,*,#879,.T.);
#1481=ORIENTED_EDGE('',*,*,#882,.T.);
#1482=ORIENTED_EDGE('',*,*,#1042,.T.);
#1483=ORIENTED_EDGE('',*,*,#1010,.T.);
#1484=ORIENTED_EDGE('',*,*,#1071,.F.);
#1485=ORIENTED_EDGE('',*,*,#1072,.T.);
#1486=ORIENTED_EDGE('',*,*,#1002,.T.);
#1487=ORIENTED_EDGE('',*,*,#1006,.T.);
#1488=ORIENTED_EDGE('',*,*,#865,.T.);
#1489=ORIENTED_EDGE('',*,*,#869,.T.);
#1490=ORIENTED_EDGE('',*,*,#872,.T.);
#1491=ORIENTED_EDGE('',*,*,#1041,.T.);
#1492=ORIENTED_EDGE('',*,*,#1060,.F.);
#1493=ORIENTED_EDGE('',*,*,#1073,.F.);
#1494=ORIENTED_EDGE('',*,*,#1074,.F.);
#1495=ORIENTED_EDGE('',*,*,#1075,.F.);
#1496=ORIENTED_EDGE('',*,*,#1076,.F.);
#1497=ORIENTED_EDGE('',*,*,#1045,.F.);
#1498=ORIENTED_EDGE('',*,*,#1050,.F.);
#1499=ORIENTED_EDGE('',*,*,#1056,.F.);
#1500=ORIENTED_EDGE('',*,*,#841,.T.);
#1501=ORIENTED_EDGE('',*,*,#844,.T.);
#1502=ORIENTED_EDGE('',*,*,#847,.T.);
#1503=ORIENTED_EDGE('',*,*,#850,.T.);
#1504=ORIENTED_EDGE('',*,*,#853,.T.);
#1505=ORIENTED_EDGE('',*,*,#856,.T.);
#1506=ORIENTED_EDGE('',*,*,#859,.T.);
#1507=ORIENTED_EDGE('',*,*,#862,.T.);
#1508=ORIENTED_EDGE('',*,*,#963,.T.);
#1509=ORIENTED_EDGE('',*,*,#1066,.F.);
#1510=ORIENTED_EDGE('',*,*,#1077,.F.);
#1511=ORIENTED_EDGE('',*,*,#1073,.T.);
#1512=ORIENTED_EDGE('',*,*,#1059,.F.);
#1513=ORIENTED_EDGE('',*,*,#1062,.F.);
#1514=ORIENTED_EDGE('',*,*,#944,.T.);
#1515=ORIENTED_EDGE('',*,*,#1032,.T.);
#1516=ORIENTED_EDGE('',*,*,#1023,.T.);
#1517=ORIENTED_EDGE('',*,*,#1063,.F.);
#1518=ORIENTED_EDGE('',*,*,#951,.T.);
#1519=ORIENTED_EDGE('',*,*,#1031,.T.);
#1520=ORIENTED_EDGE('',*,*,#953,.T.);
#1521=ORIENTED_EDGE('',*,*,#1064,.F.);
#1522=ORIENTED_EDGE('',*,*,#961,.T.);
#1523=ORIENTED_EDGE('',*,*,#1030,.T.);
#1524=ORIENTED_EDGE('',*,*,#973,.T.);
#1525=ORIENTED_EDGE('',*,*,#1068,.T.);
#1526=ORIENTED_EDGE('',*,*,#1078,.T.);
#1527=ORIENTED_EDGE('',*,*,#1074,.T.);
#1528=ORIENTED_EDGE('',*,*,#1077,.T.);
#1529=ORIENTED_EDGE('',*,*,#1065,.T.);
#1530=ORIENTED_EDGE('',*,*,#969,.T.);
#1531=ORIENTED_EDGE('',*,*,#1029,.T.);
#1532=ORIENTED_EDGE('',*,*,#1013,.T.);
#1533=ORIENTED_EDGE('',*,*,#1079,.T.);
#1534=ORIENTED_EDGE('',*,*,#1046,.T.);
#1535=ORIENTED_EDGE('',*,*,#1076,.T.);
#1536=ORIENTED_EDGE('',*,*,#1080,.T.);
#1537=ORIENTED_EDGE('',*,*,#1071,.T.);
#1538=ORIENTED_EDGE('',*,*,#1009,.T.);
#1539=ORIENTED_EDGE('',*,*,#1025,.T.);
#1540=ORIENTED_EDGE('',*,*,#1003,.T.);
#1541=ORIENTED_EDGE('',*,*,#1072,.F.);
#1542=ORIENTED_EDGE('',*,*,#1080,.F.);
#1543=ORIENTED_EDGE('',*,*,#1075,.T.);
#1544=ORIENTED_EDGE('',*,*,#1078,.F.);
#1545=ORIENTED_EDGE('',*,*,#1067,.F.);
#1546=ORIENTED_EDGE('',*,*,#981,.T.);
#1547=ORIENTED_EDGE('',*,*,#1028,.T.);
#1548=ORIENTED_EDGE('',*,*,#983,.T.);
#1549=ORIENTED_EDGE('',*,*,#1069,.F.);
#1550=ORIENTED_EDGE('',*,*,#991,.T.);
#1551=ORIENTED_EDGE('',*,*,#1027,.T.);
#1552=ORIENTED_EDGE('',*,*,#993,.T.);
#1553=ORIENTED_EDGE('',*,*,#1070,.F.);
#1554=ORIENTED_EDGE('',*,*,#1001,.T.);
#1555=ORIENTED_EDGE('',*,*,#1026,.T.);
#1556=ORIENTED_EDGE('',*,*,#1019,.T.);
#1557=ORIENTED_EDGE('',*,*,#1047,.T.);
#1558=ORIENTED_EDGE('',*,*,#1079,.F.);
#1559=ORIENTED_EDGE('',*,*,#1012,.T.);
#1560=ORIENTED_EDGE('',*,*,#1016,.T.);
#1561=CYLINDRICAL_SURFACE('',#1693,0.0735);
#1562=CYLINDRICAL_SURFACE('',#1696,0.0735);
#1563=CYLINDRICAL_SURFACE('',#1699,0.095);
#1564=CYLINDRICAL_SURFACE('',#1702,0.095);
#1565=CYLINDRICAL_SURFACE('',#1705,0.11);
#1566=CYLINDRICAL_SURFACE('',#1708,0.0735);
#1567=CYLINDRICAL_SURFACE('',#1711,0.11);
#1568=CYLINDRICAL_SURFACE('',#1714,0.0735);
#1569=CYLINDRICAL_SURFACE('',#1718,0.655);
#1570=CYLINDRICAL_SURFACE('',#1723,0.655);
#1571=CYLINDRICAL_SURFACE('',#1728,0.78);
#1572=CYLINDRICAL_SURFACE('',#1733,0.78);
#1573=CYLINDRICAL_SURFACE('',#1738,0.655);
#1574=CYLINDRICAL_SURFACE('',#1743,0.655);
#1575=CYLINDRICAL_SURFACE('',#1748,0.78);
#1576=CYLINDRICAL_SURFACE('',#1753,0.78);
#1577=CYLINDRICAL_SURFACE('',#1757,0.655);
#1578=CYLINDRICAL_SURFACE('',#1762,0.655);
#1579=CYLINDRICAL_SURFACE('',#1767,0.78);
#1580=CYLINDRICAL_SURFACE('',#1772,0.78);
#1581=CYLINDRICAL_SURFACE('',#1777,0.655);
#1582=CYLINDRICAL_SURFACE('',#1782,0.655);
#1583=CYLINDRICAL_SURFACE('',#1787,0.78);
#1584=CYLINDRICAL_SURFACE('',#1792,0.78);
#1585=CYLINDRICAL_SURFACE('',#1803,0.25);
#1586=CYLINDRICAL_SURFACE('',#1808,0.25);
#1587=CYLINDRICAL_SURFACE('',#1834,0.25);
#1588=CYLINDRICAL_SURFACE('',#1835,0.25);
#1589=ADVANCED_FACE('',(#85),#1561,.F.);
#1590=ADVANCED_FACE('',(#86),#1562,.F.);
#1591=ADVANCED_FACE('',(#87),#1563,.F.);
#1592=ADVANCED_FACE('',(#88),#1564,.F.);
#1593=ADVANCED_FACE('',(#89),#1565,.F.);
#1594=ADVANCED_FACE('',(#90),#1566,.F.);
#1595=ADVANCED_FACE('',(#91),#1567,.F.);
#1596=ADVANCED_FACE('',(#92),#1568,.F.);
#1597=ADVANCED_FACE('',(#93),#31,.F.);
#1598=ADVANCED_FACE('',(#94),#1569,.F.);
#1599=ADVANCED_FACE('',(#95),#32,.F.);
#1600=ADVANCED_FACE('',(#96),#33,.F.);
#1601=ADVANCED_FACE('',(#97),#1570,.F.);
#1602=ADVANCED_FACE('',(#98),#34,.F.);
#1603=ADVANCED_FACE('',(#99),#35,.F.);
#1604=ADVANCED_FACE('',(#100),#1571,.F.);
#1605=ADVANCED_FACE('',(#101),#36,.F.);
#1606=ADVANCED_FACE('',(#102),#37,.F.);
#1607=ADVANCED_FACE('',(#103),#1572,.F.);
#1608=ADVANCED_FACE('',(#104),#38,.F.);
#1609=ADVANCED_FACE('',(#105),#39,.F.);
#1610=ADVANCED_FACE('',(#106),#1573,.F.);
#1611=ADVANCED_FACE('',(#107),#40,.F.);
#1612=ADVANCED_FACE('',(#108),#41,.F.);
#1613=ADVANCED_FACE('',(#109),#1574,.F.);
#1614=ADVANCED_FACE('',(#110),#42,.F.);
#1615=ADVANCED_FACE('',(#111),#43,.F.);
#1616=ADVANCED_FACE('',(#112),#1575,.F.);
#1617=ADVANCED_FACE('',(#113),#44,.F.);
#1618=ADVANCED_FACE('',(#114),#45,.F.);
#1619=ADVANCED_FACE('',(#115),#1576,.F.);
#1620=ADVANCED_FACE('',(#116),#46,.F.);
#1621=ADVANCED_FACE('',(#117),#1577,.F.);
#1622=ADVANCED_FACE('',(#118),#47,.F.);
#1623=ADVANCED_FACE('',(#119),#48,.F.);
#1624=ADVANCED_FACE('',(#120),#1578,.F.);
#1625=ADVANCED_FACE('',(#121),#49,.F.);
#1626=ADVANCED_FACE('',(#122),#50,.F.);
#1627=ADVANCED_FACE('',(#123),#1579,.F.);
#1628=ADVANCED_FACE('',(#124),#51,.F.);
#1629=ADVANCED_FACE('',(#125),#52,.F.);
#1630=ADVANCED_FACE('',(#126),#1580,.F.);
#1631=ADVANCED_FACE('',(#127),#53,.F.);
#1632=ADVANCED_FACE('',(#128),#54,.F.);
#1633=ADVANCED_FACE('',(#129),#1581,.F.);
#1634=ADVANCED_FACE('',(#130),#55,.F.);
#1635=ADVANCED_FACE('',(#131),#56,.F.);
#1636=ADVANCED_FACE('',(#132),#1582,.F.);
#1637=ADVANCED_FACE('',(#133),#57,.F.);
#1638=ADVANCED_FACE('',(#134),#58,.F.);
#1639=ADVANCED_FACE('',(#135),#1583,.F.);
#1640=ADVANCED_FACE('',(#136),#59,.F.);
#1641=ADVANCED_FACE('',(#137),#60,.F.);
#1642=ADVANCED_FACE('',(#138),#1584,.F.);
#1643=ADVANCED_FACE('',(#139),#61,.F.);
#1644=ADVANCED_FACE('',(#140),#62,.F.);
#1645=ADVANCED_FACE('',(#141,#15,#16,#17,#18,#19,#20,#21,#22),#63,.F.);
#1646=ADVANCED_FACE('',(#142),#64,.T.);
#1647=ADVANCED_FACE('',(#143),#1585,.T.);
#1648=ADVANCED_FACE('',(#144),#65,.T.);
#1649=ADVANCED_FACE('',(#145),#1586,.T.);
#1650=ADVANCED_FACE('',(#146),#66,.T.);
#1651=ADVANCED_FACE('',(#147),#67,.T.);
#1652=ADVANCED_FACE('',(#148),#68,.T.);
#1653=ADVANCED_FACE('',(#149),#69,.T.);
#1654=ADVANCED_FACE('',(#150),#70,.T.);
#1655=ADVANCED_FACE('',(#151),#71,.T.);
#1656=ADVANCED_FACE('',(#152),#72,.T.);
#1657=ADVANCED_FACE('',(#153),#73,.T.);
#1658=ADVANCED_FACE('',(#154),#74,.T.);
#1659=ADVANCED_FACE('',(#155),#75,.T.);
#1660=ADVANCED_FACE('',(#156),#76,.T.);
#1661=ADVANCED_FACE('',(#157),#77,.T.);
#1662=ADVANCED_FACE('',(#158),#78,.T.);
#1663=ADVANCED_FACE('',(#159),#79,.T.);
#1664=ADVANCED_FACE('',(#160),#80,.T.);
#1665=ADVANCED_FACE('',(#161,#23,#24,#25,#26,#27,#28,#29,#30),#81,.F.);
#1666=ADVANCED_FACE('',(#162),#82,.T.);
#1667=ADVANCED_FACE('',(#163),#1587,.T.);
#1668=ADVANCED_FACE('',(#164),#1588,.T.);
#1669=ADVANCED_FACE('',(#165),#83,.T.);
#1670=ADVANCED_FACE('',(#166),#84,.T.);
#1671=CLOSED_SHELL('',(#1589,#1590,#1591,#1592,#1593,#1594,#1595,#1596,
#1597,#1598,#1599,#1600,#1601,#1602,#1603,#1604,#1605,#1606,#1607,#1608,
#1609,#1610,#1611,#1612,#1613,#1614,#1615,#1616,#1617,#1618,#1619,#1620,
#1621,#1622,#1623,#1624,#1625,#1626,#1627,#1628,#1629,#1630,#1631,#1632,
#1633,#1634,#1635,#1636,#1637,#1638,#1639,#1640,#1641,#1642,#1643,#1644,
#1645,#1646,#1647,#1648,#1649,#1650,#1651,#1652,#1653,#1654,#1655,#1656,
#1657,#1658,#1659,#1660,#1661,#1662,#1663,#1664,#1665,#1666,#1667,#1668,
#1669,#1670));
#1672=DERIVED_UNIT_ELEMENT(#1674,1.);
#1673=DERIVED_UNIT_ELEMENT(#2800,-3.);
#1674=(
CONVERSION_BASED_UNIT('gram',#1676)
MASS_UNIT()
NAMED_UNIT(#2797)
);
#1675=(
MASS_UNIT()
NAMED_UNIT(*)
SI_UNIT(.KILO.,.GRAM.)
);
#1676=MASS_MEASURE_WITH_UNIT(MASS_MEASURE(0.001),#1675);
#1677=DERIVED_UNIT((#1672,#1673));
#1678=MEASURE_REPRESENTATION_ITEM('density measure',
POSITIVE_RATIO_MEASURE(2.71),#1677);
#1679=PROPERTY_DEFINITION_REPRESENTATION(#1684,#1681);
#1680=PROPERTY_DEFINITION_REPRESENTATION(#1685,#1682);
#1681=REPRESENTATION('material name',(#1683),#2794);
#1682=REPRESENTATION('density',(#1678),#2794);
#1683=DESCRIPTIVE_REPRESENTATION_ITEM('Aluminum-5052','Aluminum-5052');
#1684=PROPERTY_DEFINITION('material property','material name',#2808);
#1685=PROPERTY_DEFINITION('material property','density of part',#2808);
#1686=DATE_TIME_ROLE('creation_date');
#1687=APPLIED_DATE_AND_TIME_ASSIGNMENT(#1688,#1686,(#2808));
#1688=DATE_AND_TIME(#1689,#1690);
#1689=CALENDAR_DATE(2026,22,5);
#1690=LOCAL_TIME(0,0,0.,#1691);
#1691=COORDINATED_UNIVERSAL_TIME_OFFSET(0,0,.BEHIND.);
#1692=AXIS2_PLACEMENT_3D('',#2309,#1839,#1840);
#1693=AXIS2_PLACEMENT_3D('',#2310,#1841,#1842);
#1694=AXIS2_PLACEMENT_3D('',#2312,#1843,#1844);
#1695=AXIS2_PLACEMENT_3D('',#2315,#1846,#1847);
#1696=AXIS2_PLACEMENT_3D('',#2316,#1848,#1849);
#1697=AXIS2_PLACEMENT_3D('',#2318,#1850,#1851);
#1698=AXIS2_PLACEMENT_3D('',#2321,#1853,#1854);
#1699=AXIS2_PLACEMENT_3D('',#2322,#1855,#1856);
#1700=AXIS2_PLACEMENT_3D('',#2324,#1857,#1858);
#1701=AXIS2_PLACEMENT_3D('',#2327,#1860,#1861);
#1702=AXIS2_PLACEMENT_3D('',#2328,#1862,#1863);
#1703=AXIS2_PLACEMENT_3D('',#2330,#1864,#1865);
#1704=AXIS2_PLACEMENT_3D('',#2333,#1867,#1868);
#1705=AXIS2_PLACEMENT_3D('',#2334,#1869,#1870);
#1706=AXIS2_PLACEMENT_3D('',#2336,#1871,#1872);
#1707=AXIS2_PLACEMENT_3D('',#2339,#1874,#1875);
#1708=AXIS2_PLACEMENT_3D('',#2340,#1876,#1877);
#1709=AXIS2_PLACEMENT_3D('',#2342,#1878,#1879);
#1710=AXIS2_PLACEMENT_3D('',#2345,#1881,#1882);
#1711=AXIS2_PLACEMENT_3D('',#2346,#1883,#1884);
#1712=AXIS2_PLACEMENT_3D('',#2348,#1885,#1886);
#1713=AXIS2_PLACEMENT_3D('',#2351,#1888,#1889);
#1714=AXIS2_PLACEMENT_3D('',#2352,#1890,#1891);
#1715=AXIS2_PLACEMENT_3D('',#2354,#1892,#1893);
#1716=AXIS2_PLACEMENT_3D('',#2357,#1895,#1896);
#1717=AXIS2_PLACEMENT_3D('',#2358,#1897,#1898);
#1718=AXIS2_PLACEMENT_3D('',#2367,#1903,#1904);
#1719=AXIS2_PLACEMENT_3D('',#2369,#1905,#1906);
#1720=AXIS2_PLACEMENT_3D('',#2371,#1907,#1908);
#1721=AXIS2_PLACEMENT_3D('',#2373,#1910,#1911);
#1722=AXIS2_PLACEMENT_3D('',#2379,#1915,#1916);
#1723=AXIS2_PLACEMENT_3D('',#2388,#1921,#1922);
#1724=AXIS2_PLACEMENT_3D('',#2390,#1923,#1924);
#1725=AXIS2_PLACEMENT_3D('',#2392,#1925,#1926);
#1726=AXIS2_PLACEMENT_3D('',#2394,#1928,#1929);
#1727=AXIS2_PLACEMENT_3D('',#2400,#1933,#1934);
#1728=AXIS2_PLACEMENT_3D('',#2409,#1939,#1940);
#1729=AXIS2_PLACEMENT_3D('',#2411,#1941,#1942);
#1730=AXIS2_PLACEMENT_3D('',#2413,#1943,#1944);
#1731=AXIS2_PLACEMENT_3D('',#2415,#1946,#1947);
#1732=AXIS2_PLACEMENT_3D('',#2421,#1951,#1952);
#1733=AXIS2_PLACEMENT_3D('',#2430,#1957,#1958);
#1734=AXIS2_PLACEMENT_3D('',#2432,#1959,#1960);
#1735=AXIS2_PLACEMENT_3D('',#2434,#1961,#1962);
#1736=AXIS2_PLACEMENT_3D('',#2436,#1964,#1965);
#1737=AXIS2_PLACEMENT_3D('',#2442,#1969,#1970);
#1738=AXIS2_PLACEMENT_3D('',#2451,#1975,#1976);
#1739=AXIS2_PLACEMENT_3D('',#2453,#1977,#1978);
#1740=AXIS2_PLACEMENT_3D('',#2455,#1979,#1980);
#1741=AXIS2_PLACEMENT_3D('',#2457,#1982,#1983);
#1742=AXIS2_PLACEMENT_3D('',#2463,#1987,#1988);
#1743=AXIS2_PLACEMENT_3D('',#2472,#1993,#1994);
#1744=AXIS2_PLACEMENT_3D('',#2474,#1995,#1996);
#1745=AXIS2_PLACEMENT_3D('',#2476,#1997,#1998);
#1746=AXIS2_PLACEMENT_3D('',#2478,#2000,#2001);
#1747=AXIS2_PLACEMENT_3D('',#2484,#2005,#2006);
#1748=AXIS2_PLACEMENT_3D('',#2493,#2011,#2012);
#1749=AXIS2_PLACEMENT_3D('',#2495,#2013,#2014);
#1750=AXIS2_PLACEMENT_3D('',#2497,#2015,#2016);
#1751=AXIS2_PLACEMENT_3D('',#2499,#2018,#2019);
#1752=AXIS2_PLACEMENT_3D('',#2505,#2023,#2024);
#1753=AXIS2_PLACEMENT_3D('',#2514,#2029,#2030);
#1754=AXIS2_PLACEMENT_3D('',#2516,#2031,#2032);
#1755=AXIS2_PLACEMENT_3D('',#2518,#2033,#2034);
#1756=AXIS2_PLACEMENT_3D('',#2520,#2036,#2037);
#1757=AXIS2_PLACEMENT_3D('',#2526,#2041,#2042);
#1758=AXIS2_PLACEMENT_3D('',#2529,#2043,#2044);
#1759=AXIS2_PLACEMENT_3D('',#2533,#2046,#2047);
#1760=AXIS2_PLACEMENT_3D('',#2535,#2049,#2050);
#1761=AXIS2_PLACEMENT_3D('',#2541,#2054,#2055);
#1762=AXIS2_PLACEMENT_3D('',#2550,#2060,#2061);
#1763=AXIS2_PLACEMENT_3D('',#2552,#2062,#2063);
#1764=AXIS2_PLACEMENT_3D('',#2554,#2064,#2065);
#1765=AXIS2_PLACEMENT_3D('',#2556,#2067,#2068);
#1766=AXIS2_PLACEMENT_3D('',#2562,#2072,#2073);
#1767=AXIS2_PLACEMENT_3D('',#2571,#2078,#2079);
#1768=AXIS2_PLACEMENT_3D('',#2573,#2080,#2081);
#1769=AXIS2_PLACEMENT_3D('',#2575,#2082,#2083);
#1770=AXIS2_PLACEMENT_3D('',#2577,#2085,#2086);
#1771=AXIS2_PLACEMENT_3D('',#2583,#2090,#2091);
#1772=AXIS2_PLACEMENT_3D('',#2592,#2096,#2097);
#1773=AXIS2_PLACEMENT_3D('',#2594,#2098,#2099);
#1774=AXIS2_PLACEMENT_3D('',#2596,#2100,#2101);
#1775=AXIS2_PLACEMENT_3D('',#2598,#2103,#2104);
#1776=AXIS2_PLACEMENT_3D('',#2604,#2108,#2109);
#1777=AXIS2_PLACEMENT_3D('',#2613,#2114,#2115);
#1778=AXIS2_PLACEMENT_3D('',#2615,#2116,#2117);
#1779=AXIS2_PLACEMENT_3D('',#2617,#2118,#2119);
#1780=AXIS2_PLACEMENT_3D('',#2619,#2121,#2122);
#1781=AXIS2_PLACEMENT_3D('',#2625,#2126,#2127);
#1782=AXIS2_PLACEMENT_3D('',#2634,#2132,#2133);
#1783=AXIS2_PLACEMENT_3D('',#2636,#2134,#2135);
#1784=AXIS2_PLACEMENT_3D('',#2638,#2136,#2137);
#1785=AXIS2_PLACEMENT_3D('',#2640,#2139,#2140);
#1786=AXIS2_PLACEMENT_3D('',#2646,#2144,#2145);
#1787=AXIS2_PLACEMENT_3D('',#2655,#2150,#2151);
#1788=AXIS2_PLACEMENT_3D('',#2657,#2152,#2153);
#1789=AXIS2_PLACEMENT_3D('',#2659,#2154,#2155);
#1790=AXIS2_PLACEMENT_3D('',#2661,#2157,#2158);
#1791=AXIS2_PLACEMENT_3D('',#2667,#2162,#2163);
#1792=AXIS2_PLACEMENT_3D('',#2676,#2168,#2169);
#1793=AXIS2_PLACEMENT_3D('',#2678,#2170,#2171);
#1794=AXIS2_PLACEMENT_3D('',#2680,#2172,#2173);
#1795=AXIS2_PLACEMENT_3D('',#2682,#2175,#2176);
#1796=AXIS2_PLACEMENT_3D('',#2688,#2180,#2181);
#1797=AXIS2_PLACEMENT_3D('',#2694,#2185,#2186);
#1798=AXIS2_PLACEMENT_3D('',#2695,#2187,#2188);
#1799=AXIS2_PLACEMENT_3D('',#2699,#2192,#2193);
#1800=AXIS2_PLACEMENT_3D('',#2703,#2197,#2198);
#1801=AXIS2_PLACEMENT_3D('',#2707,#2202,#2203);
#1802=AXIS2_PLACEMENT_3D('',#2711,#2207,#2208);
#1803=AXIS2_PLACEMENT_3D('',#2723,#2216,#2217);
#1804=AXIS2_PLACEMENT_3D('',#2725,#2218,#2219);
#1805=AXIS2_PLACEMENT_3D('',#2728,#2221,#2222);
#1806=AXIS2_PLACEMENT_3D('',#2729,#2223,#2224);
#1807=AXIS2_PLACEMENT_3D('',#2730,#2225,#2226);
#1808=AXIS2_PLACEMENT_3D('',#2739,#2233,#2234);
#1809=AXIS2_PLACEMENT_3D('',#2741,#2235,#2236);
#1810=AXIS2_PLACEMENT_3D('',#2744,#2238,#2239);
#1811=AXIS2_PLACEMENT_3D('',#2745,#2240,#2241);
#1812=AXIS2_PLACEMENT_3D('',#2746,#2242,#2243);
#1813=AXIS2_PLACEMENT_3D('',#2748,#2245,#2246);
#1814=AXIS2_PLACEMENT_3D('',#2749,#2247,#2248);
#1815=AXIS2_PLACEMENT_3D('',#2751,#2250,#2251);
#1816=AXIS2_PLACEMENT_3D('',#2753,#2253,#2254);
#1817=AXIS2_PLACEMENT_3D('',#2754,#2255,#2256);
#1818=AXIS2_PLACEMENT_3D('',#2756,#2257,#2258);
#1819=AXIS2_PLACEMENT_3D('',#2758,#2260,#2261);
#1820=AXIS2_PLACEMENT_3D('',#2759,#2262,#2263);
#1821=AXIS2_PLACEMENT_3D('',#2760,#2264,#2265);
#1822=AXIS2_PLACEMENT_3D('',#2763,#2267,#2268);
#1823=AXIS2_PLACEMENT_3D('',#2764,#2269,#2270);
#1824=AXIS2_PLACEMENT_3D('',#2765,#2271,#2272);
#1825=AXIS2_PLACEMENT_3D('',#2767,#2274,#2275);
#1826=AXIS2_PLACEMENT_3D('',#2769,#2277,#2278);
#1827=AXIS2_PLACEMENT_3D('',#2770,#2279,#2280);
#1828=AXIS2_PLACEMENT_3D('',#2772,#2281,#2282);
#1829=AXIS2_PLACEMENT_3D('',#2774,#2284,#2285);
#1830=AXIS2_PLACEMENT_3D('',#2775,#2286,#2287);
#1831=AXIS2_PLACEMENT_3D('',#2779,#2289,#2290);
#1832=AXIS2_PLACEMENT_3D('',#2782,#2292,#2293);
#1833=AXIS2_PLACEMENT_3D('',#2783,#2294,#2295);
#1834=AXIS2_PLACEMENT_3D('',#2785,#2297,#2298);
#1835=AXIS2_PLACEMENT_3D('',#2787,#2300,#2301);
#1836=AXIS2_PLACEMENT_3D('',#2788,#2302,#2303);
#1837=AXIS2_PLACEMENT_3D('',#2790,#2305,#2306);
#1838=AXIS2_PLACEMENT_3D('',#2791,#2307,#2308);
#1839=DIRECTION('axis',(0.,0.,1.));
#1840=DIRECTION('refdir',(1.,0.,0.));
#1841=DIRECTION('center_axis',(0.,1.,0.));
#1842=DIRECTION('ref_axis',(-1.,0.,0.));
#1843=DIRECTION('center_axis',(0.,1.,0.));
#1844=DIRECTION('ref_axis',(-1.,0.,0.));
#1845=DIRECTION('',(0.,1.,0.));
#1846=DIRECTION('center_axis',(0.,-1.,0.));
#1847=DIRECTION('ref_axis',(-1.,0.,0.));
#1848=DIRECTION('center_axis',(0.,1.,0.));
#1849=DIRECTION('ref_axis',(-1.,0.,0.));
#1850=DIRECTION('center_axis',(0.,1.,0.));
#1851=DIRECTION('ref_axis',(-1.,0.,0.));
#1852=DIRECTION('',(0.,1.,0.));
#1853=DIRECTION('center_axis',(0.,-1.,0.));
#1854=DIRECTION('ref_axis',(-1.,0.,0.));
#1855=DIRECTION('center_axis',(0.,1.,0.));
#1856=DIRECTION('ref_axis',(-1.,0.,0.));
#1857=DIRECTION('center_axis',(0.,1.,0.));
#1858=DIRECTION('ref_axis',(-1.,0.,0.));
#1859=DIRECTION('',(0.,1.,0.));
#1860=DIRECTION('center_axis',(0.,-1.,0.));
#1861=DIRECTION('ref_axis',(-1.,0.,0.));
#1862=DIRECTION('center_axis',(0.,1.,0.));
#1863=DIRECTION('ref_axis',(-1.,0.,0.));
#1864=DIRECTION('center_axis',(0.,1.,0.));
#1865=DIRECTION('ref_axis',(-1.,0.,0.));
#1866=DIRECTION('',(0.,1.,0.));
#1867=DIRECTION('center_axis',(0.,-1.,0.));
#1868=DIRECTION('ref_axis',(-1.,0.,0.));
#1869=DIRECTION('center_axis',(0.,1.,0.));
#1870=DIRECTION('ref_axis',(-1.,0.,0.));
#1871=DIRECTION('center_axis',(0.,1.,0.));
#1872=DIRECTION('ref_axis',(-1.,0.,0.));
#1873=DIRECTION('',(0.,1.,0.));
#1874=DIRECTION('center_axis',(0.,-1.,0.));
#1875=DIRECTION('ref_axis',(-1.,0.,0.));
#1876=DIRECTION('center_axis',(0.,1.,0.));
#1877=DIRECTION('ref_axis',(-1.,0.,0.));
#1878=DIRECTION('center_axis',(0.,1.,0.));
#1879=DIRECTION('ref_axis',(-1.,0.,0.));
#1880=DIRECTION('',(0.,1.,0.));
#1881=DIRECTION('center_axis',(0.,-1.,0.));
#1882=DIRECTION('ref_axis',(-1.,0.,0.));
#1883=DIRECTION('center_axis',(0.,1.,0.));
#1884=DIRECTION('ref_axis',(-1.,0.,0.));
#1885=DIRECTION('center_axis',(0.,1.,0.));
#1886=DIRECTION('ref_axis',(-1.,0.,0.));
#1887=DIRECTION('',(0.,1.,0.));
#1888=DIRECTION('center_axis',(0.,-1.,0.));
#1889=DIRECTION('ref_axis',(-1.,0.,0.));
#1890=DIRECTION('center_axis',(0.,1.,0.));
#1891=DIRECTION('ref_axis',(-1.,0.,0.));
#1892=DIRECTION('center_axis',(0.,1.,0.));
#1893=DIRECTION('ref_axis',(-1.,0.,0.));
#1894=DIRECTION('',(0.,1.,0.));
#1895=DIRECTION('center_axis',(0.,-1.,0.));
#1896=DIRECTION('ref_axis',(-1.,0.,0.));
#1897=DIRECTION('center_axis',(-0.17364817766693,0.,-0.984807753012208));
#1898=DIRECTION('ref_axis',(-0.984807753012208,0.,0.17364817766693));
#1899=DIRECTION('',(0.984807753012208,0.,-0.17364817766693));
#1900=DIRECTION('',(0.,1.,0.));
#1901=DIRECTION('',(0.984807753012208,0.,-0.17364817766693));
#1902=DIRECTION('',(0.,1.,0.));
#1903=DIRECTION('center_axis',(0.,1.,0.));
#1904=DIRECTION('ref_axis',(1.,0.,0.));
#1905=DIRECTION('center_axis',(0.,-1.,0.));
#1906=DIRECTION('ref_axis',(1.,0.,0.));
#1907=DIRECTION('center_axis',(0.,-1.,0.));
#1908=DIRECTION('ref_axis',(1.,0.,0.));
#1909=DIRECTION('',(0.,1.,0.));
#1910=DIRECTION('center_axis',(0.173648177666931,0.,0.984807753012208));
#1911=DIRECTION('ref_axis',(0.984807753012208,0.,-0.173648177666931));
#1912=DIRECTION('',(-0.984807753012208,0.,0.173648177666931));
#1913=DIRECTION('',(-0.984807753012208,0.,0.173648177666931));
#1914=DIRECTION('',(0.,-1.,0.));
#1915=DIRECTION('center_axis',(0.173648177666931,0.,-0.984807753012208));
#1916=DIRECTION('ref_axis',(-0.984807753012208,0.,-0.173648177666931));
#1917=DIRECTION('',(0.984807753012208,0.,0.173648177666931));
#1918=DIRECTION('',(0.,1.,0.));
#1919=DIRECTION('',(0.984807753012208,0.,0.173648177666931));
#1920=DIRECTION('',(0.,1.,0.));
#1921=DIRECTION('center_axis',(0.,1.,0.));
#1922=DIRECTION('ref_axis',(1.,0.,0.));
#1923=DIRECTION('center_axis',(0.,-1.,0.));
#1924=DIRECTION('ref_axis',(1.,0.,0.));
#1925=DIRECTION('center_axis',(0.,-1.,0.));
#1926=DIRECTION('ref_axis',(1.,0.,0.));
#1927=DIRECTION('',(0.,1.,0.));
#1928=DIRECTION('center_axis',(-0.17364817766693,0.,0.984807753012208));
#1929=DIRECTION('ref_axis',(0.984807753012208,0.,0.17364817766693));
#1930=DIRECTION('',(-0.984807753012208,0.,-0.17364817766693));
#1931=DIRECTION('',(-0.984807753012208,0.,-0.17364817766693));
#1932=DIRECTION('',(0.,-1.,0.));
#1933=DIRECTION('center_axis',(0.573576436351046,0.,-0.819152044288992));
#1934=DIRECTION('ref_axis',(-0.819152044288992,0.,-0.573576436351046));
#1935=DIRECTION('',(0.819152044288992,0.,0.573576436351046));
#1936=DIRECTION('',(0.,1.,0.));
#1937=DIRECTION('',(0.819152044288992,0.,0.573576436351046));
#1938=DIRECTION('',(0.,1.,0.));
#1939=DIRECTION('center_axis',(0.,1.,0.));
#1940=DIRECTION('ref_axis',(1.,0.,0.));
#1941=DIRECTION('center_axis',(0.,-1.,0.));
#1942=DIRECTION('ref_axis',(1.,0.,0.));
#1943=DIRECTION('center_axis',(0.,-1.,0.));
#1944=DIRECTION('ref_axis',(1.,0.,0.));
#1945=DIRECTION('',(0.,1.,0.));
#1946=DIRECTION('center_axis',(-0.573576436351046,0.,0.819152044288992));
#1947=DIRECTION('ref_axis',(0.819152044288992,0.,0.573576436351046));
#1948=DIRECTION('',(-0.819152044288992,0.,-0.573576436351046));
#1949=DIRECTION('',(-0.819152044288992,0.,-0.573576436351046));
#1950=DIRECTION('',(0.,-1.,0.));
#1951=DIRECTION('center_axis',(0.819152044288991,0.,-0.573576436351047));
#1952=DIRECTION('ref_axis',(-0.573576436351047,0.,-0.819152044288991));
#1953=DIRECTION('',(0.,1.,0.));
#1954=DIRECTION('',(0.573576436351047,0.,0.819152044288991));
#1955=DIRECTION('',(0.,1.,0.));
#1956=DIRECTION('',(0.573576436351047,0.,0.819152044288991));
#1957=DIRECTION('center_axis',(0.,1.,0.));
#1958=DIRECTION('ref_axis',(1.,0.,0.));
#1959=DIRECTION('center_axis',(0.,-1.,0.));
#1960=DIRECTION('ref_axis',(1.,0.,0.));
#1961=DIRECTION('center_axis',(0.,-1.,0.));
#1962=DIRECTION('ref_axis',(1.,0.,0.));
#1963=DIRECTION('',(0.,1.,0.));
#1964=DIRECTION('center_axis',(-0.819152044288992,0.,0.573576436351046));
#1965=DIRECTION('ref_axis',(0.573576436351046,0.,0.819152044288992));
#1966=DIRECTION('',(-0.573576436351046,0.,-0.819152044288992));
#1967=DIRECTION('',(-0.573576436351046,0.,-0.819152044288992));
#1968=DIRECTION('',(0.,-1.,0.));
#1969=DIRECTION('center_axis',(0.984807753012208,0.,-0.17364817766693));
#1970=DIRECTION('ref_axis',(-0.17364817766693,0.,-0.984807753012208));
#1971=DIRECTION('',(0.17364817766693,0.,0.984807753012208));
#1972=DIRECTION('',(0.,1.,0.));
#1973=DIRECTION('',(0.17364817766693,0.,0.984807753012208));
#1974=DIRECTION('',(0.,1.,0.));
#1975=DIRECTION('center_axis',(0.,1.,0.));
#1976=DIRECTION('ref_axis',(1.,0.,0.));
#1977=DIRECTION('center_axis',(0.,-1.,0.));
#1978=DIRECTION('ref_axis',(1.,0.,0.));
#1979=DIRECTION('center_axis',(0.,-1.,0.));
#1980=DIRECTION('ref_axis',(1.,0.,0.));
#1981=DIRECTION('',(0.,1.,0.));
#1982=DIRECTION('center_axis',(-0.984807753012208,0.,0.173648177666931));
#1983=DIRECTION('ref_axis',(0.173648177666931,0.,0.984807753012208));
#1984=DIRECTION('',(-0.173648177666931,0.,-0.984807753012208));
#1985=DIRECTION('',(-0.173648177666931,0.,-0.984807753012208));
#1986=DIRECTION('',(0.,-1.,0.));
#1987=DIRECTION('center_axis',(0.984807753012208,0.,0.173648177666931));
#1988=DIRECTION('ref_axis',(0.17364817766693,0.,-0.984807753012208));
#1989=DIRECTION('',(-0.17364817766693,0.,0.984807753012208));
#1990=DIRECTION('',(0.,1.,0.));
#1991=DIRECTION('',(-0.17364817766693,0.,0.984807753012208));
#1992=DIRECTION('',(0.,1.,0.));
#1993=DIRECTION('center_axis',(0.,1.,0.));
#1994=DIRECTION('ref_axis',(1.,0.,0.));
#1995=DIRECTION('center_axis',(0.,-1.,0.));
#1996=DIRECTION('ref_axis',(1.,0.,0.));
#1997=DIRECTION('center_axis',(0.,-1.,0.));
#1998=DIRECTION('ref_axis',(1.,0.,0.));
#1999=DIRECTION('',(0.,1.,0.));
#2000=DIRECTION('center_axis',(-0.984807753012208,0.,-0.17364817766693));
#2001=DIRECTION('ref_axis',(-0.17364817766693,0.,0.984807753012208));
#2002=DIRECTION('',(0.17364817766693,0.,-0.984807753012208));
#2003=DIRECTION('',(0.17364817766693,0.,-0.984807753012208));
#2004=DIRECTION('',(0.,-1.,0.));
#2005=DIRECTION('center_axis',(0.819152044288992,0.,0.573576436351046));
#2006=DIRECTION('ref_axis',(0.573576436351046,0.,-0.819152044288992));
#2007=DIRECTION('',(-0.573576436351046,0.,0.819152044288992));
#2008=DIRECTION('',(0.,1.,0.));
#2009=DIRECTION('',(-0.573576436351046,0.,0.819152044288992));
#2010=DIRECTION('',(0.,1.,0.));
#2011=DIRECTION('center_axis',(0.,1.,0.));
#2012=DIRECTION('ref_axis',(1.,0.,0.));
#2013=DIRECTION('center_axis',(0.,-1.,0.));
#2014=DIRECTION('ref_axis',(1.,0.,0.));
#2015=DIRECTION('center_axis',(0.,-1.,0.));
#2016=DIRECTION('ref_axis',(1.,0.,0.));
#2017=DIRECTION('',(0.,1.,0.));
#2018=DIRECTION('center_axis',(-0.819152044288991,0.,-0.573576436351046));
#2019=DIRECTION('ref_axis',(-0.573576436351046,0.,0.819152044288991));
#2020=DIRECTION('',(0.573576436351046,0.,-0.819152044288992));
#2021=DIRECTION('',(0.573576436351046,0.,-0.819152044288991));
#2022=DIRECTION('',(0.,-1.,0.));
#2023=DIRECTION('center_axis',(0.573576436351046,0.,0.819152044288991));
#2024=DIRECTION('ref_axis',(0.819152044288991,0.,-0.573576436351046));
#2025=DIRECTION('',(0.,1.,0.));
#2026=DIRECTION('',(-0.819152044288991,0.,0.573576436351046));
#2027=DIRECTION('',(0.,1.,0.));
#2028=DIRECTION('',(-0.819152044288992,0.,0.573576436351046));
#2029=DIRECTION('center_axis',(0.,1.,0.));
#2030=DIRECTION('ref_axis',(1.,0.,0.));
#2031=DIRECTION('center_axis',(0.,-1.,0.));
#2032=DIRECTION('ref_axis',(1.,0.,0.));
#2033=DIRECTION('center_axis',(0.,-1.,0.));
#2034=DIRECTION('ref_axis',(1.,0.,0.));
#2035=DIRECTION('',(0.,1.,0.));
#2036=DIRECTION('center_axis',(-0.573576436351046,0.,-0.819152044288992));
#2037=DIRECTION('ref_axis',(-0.819152044288992,0.,0.573576436351046));
#2038=DIRECTION('',(0.819152044288992,0.,-0.573576436351046));
#2039=DIRECTION('',(0.819152044288992,0.,-0.573576436351046));
#2040=DIRECTION('',(0.,-1.,0.));
#2041=DIRECTION('center_axis',(0.,1.,0.));
#2042=DIRECTION('ref_axis',(1.,0.,0.));
#2043=DIRECTION('center_axis',(0.,-1.,0.));
#2044=DIRECTION('ref_axis',(1.,0.,0.));
#2045=DIRECTION('',(0.,1.,0.));
#2046=DIRECTION('center_axis',(0.,-1.,0.));
#2047=DIRECTION('ref_axis',(1.,0.,0.));
#2048=DIRECTION('',(0.,1.,0.));
#2049=DIRECTION('center_axis',(-0.173648177666931,0.,-0.984807753012208));
#2050=DIRECTION('ref_axis',(-0.984807753012208,0.,0.173648177666931));
#2051=DIRECTION('',(0.984807753012208,0.,-0.173648177666931));
#2052=DIRECTION('',(0.984807753012208,0.,-0.173648177666931));
#2053=DIRECTION('',(0.,-1.,0.));
#2054=DIRECTION('center_axis',(-0.173648177666931,0.,0.984807753012208));
#2055=DIRECTION('ref_axis',(0.984807753012208,0.,0.173648177666931));
#2056=DIRECTION('',(-0.984807753012208,0.,-0.173648177666931));
#2057=DIRECTION('',(0.,1.,0.));
#2058=DIRECTION('',(-0.984807753012208,0.,-0.173648177666931));
#2059=DIRECTION('',(0.,1.,0.));
#2060=DIRECTION('center_axis',(0.,1.,0.));
#2061=DIRECTION('ref_axis',(1.,0.,0.));
#2062=DIRECTION('center_axis',(0.,-1.,0.));
#2063=DIRECTION('ref_axis',(1.,0.,0.));
#2064=DIRECTION('center_axis',(0.,-1.,0.));
#2065=DIRECTION('ref_axis',(1.,0.,0.));
#2066=DIRECTION('',(0.,1.,0.));
#2067=DIRECTION('center_axis',(0.17364817766693,0.,-0.984807753012208));
#2068=DIRECTION('ref_axis',(-0.984807753012208,0.,-0.17364817766693));
#2069=DIRECTION('',(0.984807753012208,0.,0.17364817766693));
#2070=DIRECTION('',(0.984807753012208,0.,0.17364817766693));
#2071=DIRECTION('',(0.,-1.,0.));
#2072=DIRECTION('center_axis',(-0.573576436351046,0.,0.819152044288992));
#2073=DIRECTION('ref_axis',(0.819152044288992,0.,0.573576436351046));
#2074=DIRECTION('',(-0.819152044288992,0.,-0.573576436351046));
#2075=DIRECTION('',(0.,1.,0.));
#2076=DIRECTION('',(-0.819152044288992,0.,-0.573576436351046));
#2077=DIRECTION('',(0.,1.,0.));
#2078=DIRECTION('center_axis',(0.,1.,0.));
#2079=DIRECTION('ref_axis',(1.,0.,0.));
#2080=DIRECTION('center_axis',(0.,-1.,0.));
#2081=DIRECTION('ref_axis',(1.,0.,0.));
#2082=DIRECTION('center_axis',(0.,-1.,0.));
#2083=DIRECTION('ref_axis',(1.,0.,0.));
#2084=DIRECTION('',(0.,1.,0.));
#2085=DIRECTION('center_axis',(0.573576436351046,0.,-0.819152044288992));
#2086=DIRECTION('ref_axis',(-0.819152044288992,0.,-0.573576436351046));
#2087=DIRECTION('',(0.,-1.,0.));
#2088=DIRECTION('',(0.819152044288992,0.,0.573576436351046));
#2089=DIRECTION('',(0.819152044288992,0.,0.573576436351046));
#2090=DIRECTION('center_axis',(-0.819152044288991,0.,0.573576436351047));
#2091=DIRECTION('ref_axis',(0.573576436351047,0.,0.819152044288991));
#2092=DIRECTION('',(-0.573576436351047,0.,-0.819152044288991));
#2093=DIRECTION('',(0.,1.,0.));
#2094=DIRECTION('',(-0.573576436351047,0.,-0.819152044288991));
#2095=DIRECTION('',(0.,1.,0.));
#2096=DIRECTION('center_axis',(0.,1.,0.));
#2097=DIRECTION('ref_axis',(1.,0.,0.));
#2098=DIRECTION('center_axis',(0.,-1.,0.));
#2099=DIRECTION('ref_axis',(1.,0.,0.));
#2100=DIRECTION('center_axis',(0.,-1.,0.));
#2101=DIRECTION('ref_axis',(1.,0.,0.));
#2102=DIRECTION('',(0.,1.,0.));
#2103=DIRECTION('center_axis',(0.819152044288992,0.,-0.573576436351046));
#2104=DIRECTION('ref_axis',(-0.573576436351046,0.,-0.819152044288992));
#2105=DIRECTION('',(0.573576436351046,0.,0.819152044288992));
#2106=DIRECTION('',(0.573576436351046,0.,0.819152044288992));
#2107=DIRECTION('',(0.,-1.,0.));
#2108=DIRECTION('center_axis',(-0.984807753012208,0.,0.17364817766693));
#2109=DIRECTION('ref_axis',(0.17364817766693,0.,0.984807753012208));
#2110=DIRECTION('',(-0.17364817766693,0.,-0.984807753012208));
#2111=DIRECTION('',(0.,1.,0.));
#2112=DIRECTION('',(-0.17364817766693,0.,-0.984807753012208));
#2113=DIRECTION('',(0.,1.,0.));
#2114=DIRECTION('center_axis',(0.,1.,0.));
#2115=DIRECTION('ref_axis',(1.,0.,0.));
#2116=DIRECTION('center_axis',(0.,-1.,0.));
#2117=DIRECTION('ref_axis',(1.,0.,0.));
#2118=DIRECTION('center_axis',(0.,-1.,0.));
#2119=DIRECTION('ref_axis',(1.,0.,0.));
#2120=DIRECTION('',(0.,1.,0.));
#2121=DIRECTION('center_axis',(0.984807753012208,0.,-0.173648177666931));
#2122=DIRECTION('ref_axis',(-0.173648177666931,0.,-0.984807753012208));
#2123=DIRECTION('',(0.173648177666931,0.,0.984807753012208));
#2124=DIRECTION('',(0.173648177666931,0.,0.984807753012208));
#2125=DIRECTION('',(0.,-1.,0.));
#2126=DIRECTION('center_axis',(-0.984807753012208,0.,-0.173648177666931));
#2127=DIRECTION('ref_axis',(-0.173648177666931,0.,0.984807753012208));
#2128=DIRECTION('',(0.173648177666931,0.,-0.984807753012208));
#2129=DIRECTION('',(0.,1.,0.));
#2130=DIRECTION('',(0.173648177666931,0.,-0.984807753012208));
#2131=DIRECTION('',(0.,1.,0.));
#2132=DIRECTION('center_axis',(0.,1.,0.));
#2133=DIRECTION('ref_axis',(1.,0.,0.));
#2134=DIRECTION('center_axis',(0.,-1.,0.));
#2135=DIRECTION('ref_axis',(1.,0.,0.));
#2136=DIRECTION('center_axis',(0.,-1.,0.));
#2137=DIRECTION('ref_axis',(1.,0.,0.));
#2138=DIRECTION('',(0.,1.,0.));
#2139=DIRECTION('center_axis',(0.984807753012208,0.,0.17364817766693));
#2140=DIRECTION('ref_axis',(0.17364817766693,0.,-0.984807753012208));
#2141=DIRECTION('',(-0.17364817766693,0.,0.984807753012208));
#2142=DIRECTION('',(-0.17364817766693,0.,0.984807753012208));
#2143=DIRECTION('',(0.,-1.,0.));
#2144=DIRECTION('center_axis',(-0.819152044288992,0.,-0.573576436351046));
#2145=DIRECTION('ref_axis',(-0.573576436351046,0.,0.819152044288992));
#2146=DIRECTION('',(0.573576436351046,0.,-0.819152044288992));
#2147=DIRECTION('',(0.,1.,0.));
#2148=DIRECTION('',(0.573576436351046,0.,-0.819152044288992));
#2149=DIRECTION('',(0.,1.,0.));
#2150=DIRECTION('center_axis',(0.,1.,0.));
#2151=DIRECTION('ref_axis',(1.,0.,0.));
#2152=DIRECTION('center_axis',(0.,-1.,0.));
#2153=DIRECTION('ref_axis',(1.,0.,0.));
#2154=DIRECTION('center_axis',(0.,-1.,0.));
#2155=DIRECTION('ref_axis',(1.,0.,0.));
#2156=DIRECTION('',(0.,1.,0.));
#2157=DIRECTION('center_axis',(0.819152044288992,0.,0.573576436351046));
#2158=DIRECTION('ref_axis',(0.573576436351046,0.,-0.819152044288991));
#2159=DIRECTION('',(0.,-1.,0.));
#2160=DIRECTION('',(-0.573576436351046,0.,0.819152044288991));
#2161=DIRECTION('',(-0.573576436351046,0.,0.819152044288992));
#2162=DIRECTION('center_axis',(-0.573576436351047,0.,-0.819152044288991));
#2163=DIRECTION('ref_axis',(-0.819152044288991,0.,0.573576436351046));
#2164=DIRECTION('',(0.819152044288991,0.,-0.573576436351046));
#2165=DIRECTION('',(0.,1.,0.));
#2166=DIRECTION('',(0.819152044288991,0.,-0.573576436351046));
#2167=DIRECTION('',(0.,1.,0.));
#2168=DIRECTION('center_axis',(0.,1.,0.));
#2169=DIRECTION('ref_axis',(1.,0.,0.));
#2170=DIRECTION('center_axis',(0.,-1.,0.));
#2171=DIRECTION('ref_axis',(1.,0.,0.));
#2172=DIRECTION('center_axis',(0.,-1.,0.));
#2173=DIRECTION('ref_axis',(1.,0.,0.));
#2174=DIRECTION('',(0.,1.,0.));
#2175=DIRECTION('center_axis',(0.573576436351046,0.,0.819152044288992));
#2176=DIRECTION('ref_axis',(0.819152044288992,0.,-0.573576436351046));
#2177=DIRECTION('',(-0.819152044288992,0.,0.573576436351046));
#2178=DIRECTION('',(-0.819152044288992,0.,0.573576436351046));
#2179=DIRECTION('',(0.,-1.,0.));
#2180=DIRECTION('center_axis',(0.17364817766693,0.,0.984807753012208));
#2181=DIRECTION('ref_axis',(0.984807753012208,0.,-0.17364817766693));
#2182=DIRECTION('',(-0.984807753012208,0.,0.17364817766693));
#2183=DIRECTION('',(0.,1.,0.));
#2184=DIRECTION('',(-0.984807753012208,0.,0.17364817766693));
#2185=DIRECTION('center_axis',(0.,-1.,0.));
#2186=DIRECTION('ref_axis',(0.,0.,-1.));
#2187=DIRECTION('center_axis',(0.,-1.,0.));
#2188=DIRECTION('ref_axis',(-0.707106781186548,0.,0.707106781186548));
#2189=DIRECTION('',(-1.,0.,0.));
#2190=DIRECTION('',(-1.,0.,0.));
#2191=DIRECTION('',(-1.,0.,0.));
#2192=DIRECTION('center_axis',(0.,-1.,0.));
#2193=DIRECTION('ref_axis',(0.707106781186548,0.,0.707106781186548));
#2194=DIRECTION('',(0.,0.,1.));
#2195=DIRECTION('',(0.,0.,1.));
#2196=DIRECTION('',(0.,0.,1.));
#2197=DIRECTION('center_axis',(0.,-1.,0.));
#2198=DIRECTION('ref_axis',(0.707106781186548,0.,-0.707106781186548));
#2199=DIRECTION('',(1.,0.,0.));
#2200=DIRECTION('',(1.,0.,0.));
#2201=DIRECTION('',(1.,0.,0.));
#2202=DIRECTION('center_axis',(0.,-1.,0.));
#2203=DIRECTION('ref_axis',(-0.707106781186548,0.,-0.707106781186548));
#2204=DIRECTION('',(0.,0.,-1.));
#2205=DIRECTION('',(0.,0.,-1.));
#2206=DIRECTION('',(0.,0.,-1.));
#2207=DIRECTION('center_axis',(-1.,0.,0.));
#2208=DIRECTION('ref_axis',(0.,0.,1.));
#2209=DIRECTION('',(0.,0.,1.));
#2210=DIRECTION('',(0.,0.,1.));
#2211=DIRECTION('',(0.,0.,1.));
#2212=DIRECTION('',(0.,1.,0.));
#2213=DIRECTION('',(0.,0.,1.));
#2214=DIRECTION('',(0.,-1.,0.));
#2215=DIRECTION('',(0.,0.,1.));
#2216=DIRECTION('center_axis',(0.,1.,0.));
#2217=DIRECTION('ref_axis',(-0.707106781186548,0.,-0.707106781186548));
#2218=DIRECTION('center_axis',(0.,-1.,0.));
#2219=DIRECTION('ref_axis',(-0.707106781186548,0.,-0.707106781186548));
#2220=DIRECTION('',(0.,-1.,0.));
#2221=DIRECTION('center_axis',(0.,1.,0.));
#2222=DIRECTION('ref_axis',(-0.707106781186548,0.,-0.707106781186548));
#2223=DIRECTION('center_axis',(0.,-1.,0.));
#2224=DIRECTION('ref_axis',(-0.707106781186548,0.,-0.707106781186548));
#2225=DIRECTION('center_axis',(0.,0.,-1.));
#2226=DIRECTION('ref_axis',(-1.,0.,0.));
#2227=DIRECTION('',(-1.,0.,0.));
#2228=DIRECTION('',(-1.,0.,0.));
#2229=DIRECTION('',(-1.,0.,0.));
#2230=DIRECTION('',(0.,1.,0.));
#2231=DIRECTION('',(-1.,0.,0.));
#2232=DIRECTION('',(-1.,0.,0.));
#2233=DIRECTION('center_axis',(0.,1.,0.));
#2234=DIRECTION('ref_axis',(0.707106781186548,0.,-0.707106781186548));
#2235=DIRECTION('center_axis',(0.,-1.,0.));
#2236=DIRECTION('ref_axis',(0.707106781186548,0.,-0.707106781186548));
#2237=DIRECTION('',(0.,-1.,0.));
#2238=DIRECTION('center_axis',(0.,1.,0.));
#2239=DIRECTION('ref_axis',(0.707106781186548,0.,-0.707106781186548));
#2240=DIRECTION('center_axis',(0.,-1.,0.));
#2241=DIRECTION('ref_axis',(0.707106781186548,0.,-0.707106781186548));
#2242=DIRECTION('center_axis',(0.,1.,0.));
#2243=DIRECTION('ref_axis',(0.,0.,1.));
#2244=DIRECTION('',(0.,0.,-1.));
#2245=DIRECTION('center_axis',(0.,1.,0.));
#2246=DIRECTION('ref_axis',(0.,0.,1.));
#2247=DIRECTION('center_axis',(0.,1.,0.));
#2248=DIRECTION('ref_axis',(0.,0.,1.));
#2249=DIRECTION('',(0.,0.,-1.));
#2250=DIRECTION('center_axis',(0.,1.,0.));
#2251=DIRECTION('ref_axis',(0.,0.,1.));
#2252=DIRECTION('',(0.,0.,-1.));
#2253=DIRECTION('center_axis',(0.,1.,0.));
#2254=DIRECTION('ref_axis',(0.,0.,1.));
#2255=DIRECTION('center_axis',(0.,1.,0.));
#2256=DIRECTION('ref_axis',(0.,0.,1.));
#2257=DIRECTION('center_axis',(0.,-1.,0.));
#2258=DIRECTION('ref_axis',(0.707106781186548,0.,0.707106781186548));
#2259=DIRECTION('',(0.,0.,-1.));
#2260=DIRECTION('center_axis',(0.,1.,0.));
#2261=DIRECTION('ref_axis',(0.,0.,1.));
#2262=DIRECTION('center_axis',(0.,1.,0.));
#2263=DIRECTION('ref_axis',(0.,0.,1.));
#2264=DIRECTION('center_axis',(0.,1.,0.));
#2265=DIRECTION('ref_axis',(0.,0.,1.));
#2266=DIRECTION('',(1.,0.,0.));
#2267=DIRECTION('center_axis',(0.,-1.,0.));
#2268=DIRECTION('ref_axis',(0.707106781186548,0.,0.707106781186548));
#2269=DIRECTION('center_axis',(0.,1.,0.));
#2270=DIRECTION('ref_axis',(0.,0.,1.));
#2271=DIRECTION('center_axis',(0.,1.,0.));
#2272=DIRECTION('ref_axis',(0.,0.,1.));
#2273=DIRECTION('',(1.,0.,0.));
#2274=DIRECTION('center_axis',(0.,1.,0.));
#2275=DIRECTION('ref_axis',(0.,0.,1.));
#2276=DIRECTION('',(1.,0.,0.));
#2277=DIRECTION('center_axis',(0.,1.,0.));
#2278=DIRECTION('ref_axis',(0.,0.,1.));
#2279=DIRECTION('center_axis',(0.,1.,0.));
#2280=DIRECTION('ref_axis',(0.,0.,1.));
#2281=DIRECTION('center_axis',(0.,-1.,0.));
#2282=DIRECTION('ref_axis',(-0.707106781186548,0.,0.707106781186548));
#2283=DIRECTION('',(1.,0.,0.));
#2284=DIRECTION('center_axis',(0.,1.,0.));
#2285=DIRECTION('ref_axis',(0.,0.,1.));
#2286=DIRECTION('center_axis',(0.,1.,0.));
#2287=DIRECTION('ref_axis',(0.,0.,1.));
#2288=DIRECTION('',(0.,0.,-1.));
#2289=DIRECTION('center_axis',(0.,1.,0.));
#2290=DIRECTION('ref_axis',(0.707106781186548,0.,0.707106781186548));
#2291=DIRECTION('',(1.,0.,0.));
#2292=DIRECTION('center_axis',(0.,1.,0.));
#2293=DIRECTION('ref_axis',(-0.707106781186548,0.,0.707106781186548));
#2294=DIRECTION('center_axis',(1.,0.,0.));
#2295=DIRECTION('ref_axis',(0.,0.,-1.));
#2296=DIRECTION('',(0.,1.,0.));
#2297=DIRECTION('center_axis',(0.,1.,0.));
#2298=DIRECTION('ref_axis',(0.707106781186548,0.,0.707106781186548));
#2299=DIRECTION('',(0.,-1.,0.));
#2300=DIRECTION('center_axis',(0.,1.,0.));
#2301=DIRECTION('ref_axis',(-0.707106781186548,0.,0.707106781186548));
#2302=DIRECTION('center_axis',(0.,-1.,0.));
#2303=DIRECTION('ref_axis',(-0.707106781186548,0.,0.707106781186548));
#2304=DIRECTION('',(0.,1.,0.));
#2305=DIRECTION('center_axis',(0.,0.,1.));
#2306=DIRECTION('ref_axis',(1.,0.,0.));
#2307=DIRECTION('center_axis',(0.,1.,0.));
#2308=DIRECTION('ref_axis',(0.,0.,1.));
#2309=CARTESIAN_POINT('',(0.,0.,0.));
#2310=CARTESIAN_POINT('Origin',(0.75,0.,-0.75));
#2311=CARTESIAN_POINT('',(0.8235,0.,-0.75));
#2312=CARTESIAN_POINT('Origin',(0.75,0.,-0.75));
#2313=CARTESIAN_POINT('',(0.8235,0.188,-0.75));
#2314=CARTESIAN_POINT('',(0.8235,0.,-0.75));
#2315=CARTESIAN_POINT('Origin',(0.75,0.188,-0.75));
#2316=CARTESIAN_POINT('Origin',(-0.75,0.,-0.75));
#2317=CARTESIAN_POINT('',(-0.6765,0.,-0.75));
#2318=CARTESIAN_POINT('Origin',(-0.75,0.,-0.75));
#2319=CARTESIAN_POINT('',(-0.6765,0.188,-0.75));
#2320=CARTESIAN_POINT('',(-0.6765,0.,-0.75));
#2321=CARTESIAN_POINT('Origin',(-0.75,0.188,-0.75));
#2322=CARTESIAN_POINT('Origin',(-0.419699999909499,0.,-0.419699999909498));
#2323=CARTESIAN_POINT('',(-0.324699999909499,0.,-0.419699999909498));
#2324=CARTESIAN_POINT('Origin',(-0.419699999909499,0.,-0.419699999909498));
#2325=CARTESIAN_POINT('',(-0.324699999909499,0.188,-0.419699999909498));
#2326=CARTESIAN_POINT('',(-0.324699999909499,0.,-0.419699999909498));
#2327=CARTESIAN_POINT('Origin',(-0.419699999909499,0.188,-0.419699999909498));
#2328=CARTESIAN_POINT('Origin',(0.419699999909499,0.,0.419699999909499));
#2329=CARTESIAN_POINT('',(0.514699999909499,0.,0.419699999909499));
#2330=CARTESIAN_POINT('Origin',(0.419699999909499,0.,0.419699999909499));
#2331=CARTESIAN_POINT('',(0.514699999909499,0.188,0.419699999909499));
#2332=CARTESIAN_POINT('',(0.514699999909499,0.,0.419699999909499));
#2333=CARTESIAN_POINT('Origin',(0.419699999909499,0.188,0.419699999909499));
#2334=CARTESIAN_POINT('Origin',(0.201525432638166,0.,-0.102530483272049));
#2335=CARTESIAN_POINT('',(0.311525432638166,0.,-0.102530483272049));
#2336=CARTESIAN_POINT('Origin',(0.201525432638166,0.,-0.102530483272049));
#2337=CARTESIAN_POINT('',(0.311525432638166,0.188,-0.102530483272049));
#2338=CARTESIAN_POINT('',(0.311525432638166,0.,-0.102530483272049));
#2339=CARTESIAN_POINT('Origin',(0.201525432638166,0.188,-0.102530483272049));
#2340=CARTESIAN_POINT('Origin',(-0.75,0.,0.75));
#2341=CARTESIAN_POINT('',(-0.6765,0.,0.75));
#2342=CARTESIAN_POINT('Origin',(-0.75,0.,0.75));
#2343=CARTESIAN_POINT('',(-0.6765,0.188,0.75));
#2344=CARTESIAN_POINT('',(-0.6765,0.,0.75));
#2345=CARTESIAN_POINT('Origin',(-0.75,0.188,0.75));
#2346=CARTESIAN_POINT('Origin',(-0.102530483272049,0.,0.201525432638167));
#2347=CARTESIAN_POINT('',(0.00746951672795069,0.,0.201525432638167));
#2348=CARTESIAN_POINT('Origin',(-0.102530483272049,0.,0.201525432638167));
#2349=CARTESIAN_POINT('',(0.00746951672795069,0.188,0.201525432638167));
#2350=CARTESIAN_POINT('',(0.00746951672795069,0.,0.201525432638167));
#2351=CARTESIAN_POINT('Origin',(-0.102530483272049,0.188,0.201525432638167));
#2352=CARTESIAN_POINT('Origin',(0.75,0.,0.75));
#2353=CARTESIAN_POINT('',(0.8235,0.,0.75));
#2354=CARTESIAN_POINT('Origin',(0.75,0.,0.75));
#2355=CARTESIAN_POINT('',(0.8235,0.188,0.75));
#2356=CARTESIAN_POINT('',(0.8235,0.,0.75));
#2357=CARTESIAN_POINT('Origin',(0.75,0.188,0.75));
#2358=CARTESIAN_POINT('Origin',(-0.627782853418549,0.188,0.186852050975268));
#2359=CARTESIAN_POINT('',(-0.905511811023622,1.25,0.23582315952508));
#2360=CARTESIAN_POINT('',(-0.627782853418549,1.25,0.186852050975268));
#2361=CARTESIAN_POINT('',(-0.307379620046765,1.25,0.130356316225592));
#2362=CARTESIAN_POINT('',(-0.905511811023622,0.188,0.23582315952508));
#2363=CARTESIAN_POINT('',(-0.905511811023622,0.094,0.23582315952508));
#2364=CARTESIAN_POINT('',(-0.627782853418549,0.188,0.186852050975268));
#2365=CARTESIAN_POINT('',(-0.905511811023622,0.188,0.23582315952508));
#2366=CARTESIAN_POINT('',(-0.627782853418549,0.188,0.186852050975268));
#2367=CARTESIAN_POINT('Origin',(0.,0.188,0.));
#2368=CARTESIAN_POINT('',(-0.653830080068589,1.25,0.0391308880234371));
#2369=CARTESIAN_POINT('Origin',(0.,1.25,0.));
#2370=CARTESIAN_POINT('',(-0.653830080068589,0.188,0.0391308880234371));
#2371=CARTESIAN_POINT('Origin',(0.,0.188,0.));
#2372=CARTESIAN_POINT('',(-0.653830080068589,0.188,0.0391308880234371));
#2373=CARTESIAN_POINT('Origin',(-0.905511811023622,0.188,0.0835091677422184));
#2374=CARTESIAN_POINT('',(-0.905511811023622,1.25,0.0835091677422185));
#2375=CARTESIAN_POINT('',(-0.459267712174321,1.25,0.00482429313315119));
#2376=CARTESIAN_POINT('',(-0.905511811023622,0.188,0.0835091677422184));
#2377=CARTESIAN_POINT('',(-0.653830080068589,0.188,0.0391308880234371));
#2378=CARTESIAN_POINT('',(-0.905511811023622,0.094,0.0835091677422186));
#2379=CARTESIAN_POINT('Origin',(-0.653830080068589,0.188,-0.0391308880234369));
#2380=CARTESIAN_POINT('',(-0.905511811023622,1.25,-0.0835091677422182));
#2381=CARTESIAN_POINT('',(-0.653830080068589,1.25,-0.039130888023437));
#2382=CARTESIAN_POINT('',(-0.333426846696804,1.25,0.0173648467262396));
#2383=CARTESIAN_POINT('',(-0.905511811023622,0.188,-0.0835091677422182));
#2384=CARTESIAN_POINT('',(-0.905511811023622,0.094,-0.0835091677422183));
#2385=CARTESIAN_POINT('',(-0.653830080068589,0.188,-0.039130888023437));
#2386=CARTESIAN_POINT('',(-0.905511811023622,0.188,-0.0835091677422182));
#2387=CARTESIAN_POINT('',(-0.653830080068589,0.188,-0.039130888023437));
#2388=CARTESIAN_POINT('Origin',(0.,0.188,0.));
#2389=CARTESIAN_POINT('',(-0.627782853418549,1.25,-0.186852050975268));
#2390=CARTESIAN_POINT('Origin',(0.,1.25,0.));
#2391=CARTESIAN_POINT('',(-0.627782853418549,0.188,-0.186852050975268));
#2392=CARTESIAN_POINT('Origin',(0.,0.188,0.));
#2393=CARTESIAN_POINT('',(-0.627782853418549,0.188,-0.186852050975268));
#2394=CARTESIAN_POINT('Origin',(-0.905511811023622,0.188,-0.23582315952508));
#2395=CARTESIAN_POINT('',(-0.905511811023622,1.25,-0.23582315952508));
#2396=CARTESIAN_POINT('',(-0.446244098849301,1.25,-0.154841870500498));
#2397=CARTESIAN_POINT('',(-0.905511811023622,0.188,-0.23582315952508));
#2398=CARTESIAN_POINT('',(-0.627782853418549,0.188,-0.186852050975268));
#2399=CARTESIAN_POINT('',(-0.905511811023622,0.094,-0.23582315952508));
#2400=CARTESIAN_POINT('Origin',(-0.678996295199056,0.188,-0.383880230157736));
#2401=CARTESIAN_POINT('',(-0.905511811023622,1.25,-0.542488101859558));
#2402=CARTESIAN_POINT('',(-0.678996295199056,1.25,-0.383880230157736));
#2403=CARTESIAN_POINT('',(-0.361007263962692,1.25,-0.161221913418031));
#2404=CARTESIAN_POINT('',(-0.905511811023622,0.188,-0.542488101859558));
#2405=CARTESIAN_POINT('',(-0.905511811023622,0.094,-0.542488101859558));
#2406=CARTESIAN_POINT('',(-0.678996295199056,0.188,-0.383880230157736));
#2407=CARTESIAN_POINT('',(-0.905511811023622,0.188,-0.542488101859558));
#2408=CARTESIAN_POINT('',(-0.678996295199056,0.188,-0.383880230157736));
#2409=CARTESIAN_POINT('Origin',(0.,0.188,0.));
#2410=CARTESIAN_POINT('',(-0.592959829746399,1.25,-0.506753036801084));
#2411=CARTESIAN_POINT('Origin',(0.,1.25,0.));
#2412=CARTESIAN_POINT('',(-0.592959829746399,0.188,-0.506753036801084));
#2413=CARTESIAN_POINT('Origin',(0.,0.188,0.));
#2414=CARTESIAN_POINT('',(-0.592959829746399,0.188,-0.506753036801084));
#2415=CARTESIAN_POINT('Origin',(-0.905511811023622,0.188,-0.725604290173776));
#2416=CARTESIAN_POINT('',(-0.897123014957091,1.25,-0.719730391931487));
#2417=CARTESIAN_POINT('',(-0.431246789148647,1.25,-0.393520346747725));
#2418=CARTESIAN_POINT('',(-0.897123014957091,0.188,-0.719730391931487));
#2419=CARTESIAN_POINT('',(-0.592959829746399,0.188,-0.506753036801084));
#2420=CARTESIAN_POINT('',(-0.897123014957091,0.,-0.719730391931487));
#2421=CARTESIAN_POINT('Origin',(-0.506753036801085,0.188,-0.592959829746399));
#2422=CARTESIAN_POINT('',(-0.719730391931487,0.188,-0.89712301495709));
#2423=CARTESIAN_POINT('',(-0.719730391931487,1.25,-0.89712301495709));
#2424=CARTESIAN_POINT('',(-0.719730391931487,0.,-0.89712301495709));
#2425=CARTESIAN_POINT('',(-0.506753036801085,0.188,-0.592959829746399));
#2426=CARTESIAN_POINT('',(-0.725604290173776,0.188,-0.905511811023622));
#2427=CARTESIAN_POINT('',(-0.506753036801085,1.25,-0.592959829746399));
#2428=CARTESIAN_POINT('',(-0.506753036801085,0.188,-0.592959829746399));
#2429=CARTESIAN_POINT('',(-0.284094720061379,1.25,-0.274970798510035));
#2430=CARTESIAN_POINT('Origin',(0.,0.188,0.));
#2431=CARTESIAN_POINT('',(-0.383880230157736,1.25,-0.678996295199056));
#2432=CARTESIAN_POINT('Origin',(0.,1.25,0.));
#2433=CARTESIAN_POINT('',(-0.383880230157736,0.188,-0.678996295199056));
#2434=CARTESIAN_POINT('Origin',(0.,0.188,0.));
#2435=CARTESIAN_POINT('',(-0.383880230157736,0.188,-0.678996295199056));
#2436=CARTESIAN_POINT('Origin',(-0.542488101859558,0.188,-0.905511811023622));
#2437=CARTESIAN_POINT('',(-0.542488101859558,1.25,-0.905511811023622));
#2438=CARTESIAN_POINT('',(-0.240525849268942,1.25,-0.474265021874975));
#2439=CARTESIAN_POINT('',(-0.542488101859558,0.188,-0.905511811023622));
#2440=CARTESIAN_POINT('',(-0.383880230157736,0.188,-0.678996295199056));
#2441=CARTESIAN_POINT('',(-0.542488101859558,0.094,-0.905511811023622));
#2442=CARTESIAN_POINT('Origin',(-0.186852050975268,0.188,-0.627782853418549));
#2443=CARTESIAN_POINT('',(-0.23582315952508,1.25,-0.905511811023622));
#2444=CARTESIAN_POINT('',(-0.186852050975268,1.25,-0.627782853418549));
#2445=CARTESIAN_POINT('',(-0.130356316225592,1.25,-0.307379620046765));
#2446=CARTESIAN_POINT('',(-0.23582315952508,0.188,-0.905511811023622));
#2447=CARTESIAN_POINT('',(-0.23582315952508,0.094,-0.905511811023622));
#2448=CARTESIAN_POINT('',(-0.186852050975268,0.188,-0.627782853418549));
#2449=CARTESIAN_POINT('',(-0.23582315952508,0.188,-0.905511811023622));
#2450=CARTESIAN_POINT('',(-0.186852050975268,0.188,-0.627782853418549));
#2451=CARTESIAN_POINT('Origin',(0.,0.188,0.));
#2452=CARTESIAN_POINT('',(-0.0391308880234372,1.25,-0.653830080068589));
#2453=CARTESIAN_POINT('Origin',(0.,1.25,0.));
#2454=CARTESIAN_POINT('',(-0.0391308880234372,0.188,-0.653830080068589));
#2455=CARTESIAN_POINT('Origin',(0.,0.188,0.));
#2456=CARTESIAN_POINT('',(-0.0391308880234372,0.188,-0.653830080068589));
#2457=CARTESIAN_POINT('Origin',(-0.0835091677422185,0.188,-0.905511811023622));
#2458=CARTESIAN_POINT('',(-0.0835091677422185,1.25,-0.905511811023622));
#2459=CARTESIAN_POINT('',(-0.00482429313315121,1.25,-0.459267712174321));
#2460=CARTESIAN_POINT('',(-0.0835091677422185,0.188,-0.905511811023622));
#2461=CARTESIAN_POINT('',(-0.0391308880234372,0.188,-0.653830080068589));
#2462=CARTESIAN_POINT('',(-0.0835091677422186,0.094,-0.905511811023622));
#2463=CARTESIAN_POINT('Origin',(0.0391308880234369,0.188,-0.653830080068589));
#2464=CARTESIAN_POINT('',(0.0835091677422182,1.25,-0.905511811023622));
#2465=CARTESIAN_POINT('',(0.0391308880234369,1.25,-0.653830080068589));
#2466=CARTESIAN_POINT('',(-0.0173648467262396,1.25,-0.333426846696804));
#2467=CARTESIAN_POINT('',(0.0835091677422182,0.188,-0.905511811023622));
#2468=CARTESIAN_POINT('',(0.083509167742218,0.094,-0.905511811023622));
#2469=CARTESIAN_POINT('',(0.0391308880234369,0.188,-0.653830080068589));
#2470=CARTESIAN_POINT('',(0.0835091677422182,0.188,-0.905511811023622));
#2471=CARTESIAN_POINT('',(0.0391308880234369,0.188,-0.653830080068589));
#2472=CARTESIAN_POINT('Origin',(0.,0.188,0.));
#2473=CARTESIAN_POINT('',(0.186852050975268,1.25,-0.627782853418549));
#2474=CARTESIAN_POINT('Origin',(0.,1.25,0.));
#2475=CARTESIAN_POINT('',(0.186852050975268,0.188,-0.627782853418549));
#2476=CARTESIAN_POINT('Origin',(0.,0.188,0.));
#2477=CARTESIAN_POINT('',(0.186852050975268,0.188,-0.627782853418549));
#2478=CARTESIAN_POINT('Origin',(0.23582315952508,0.188,-0.905511811023622));
#2479=CARTESIAN_POINT('',(0.23582315952508,1.25,-0.905511811023622));
#2480=CARTESIAN_POINT('',(0.154841870500498,1.25,-0.446244098849301));
#2481=CARTESIAN_POINT('',(0.23582315952508,0.188,-0.905511811023622));
#2482=CARTESIAN_POINT('',(0.186852050975268,0.188,-0.627782853418549));
#2483=CARTESIAN_POINT('',(0.23582315952508,0.094,-0.905511811023622));
#2484=CARTESIAN_POINT('Origin',(0.383880230157736,0.188,-0.678996295199056));
#2485=CARTESIAN_POINT('',(0.542488101859558,1.25,-0.905511811023622));
#2486=CARTESIAN_POINT('',(0.383880230157736,1.25,-0.678996295199056));
#2487=CARTESIAN_POINT('',(0.161221913418031,1.25,-0.361007263962692));
#2488=CARTESIAN_POINT('',(0.542488101859558,0.188,-0.905511811023622));
#2489=CARTESIAN_POINT('',(0.542488101859558,0.094,-0.905511811023622));
#2490=CARTESIAN_POINT('',(0.383880230157736,0.188,-0.678996295199056));
#2491=CARTESIAN_POINT('',(0.542488101859558,0.188,-0.905511811023622));
#2492=CARTESIAN_POINT('',(0.383880230157736,0.188,-0.678996295199056));
#2493=CARTESIAN_POINT('Origin',(0.,0.188,0.));
#2494=CARTESIAN_POINT('',(0.506753036801085,1.25,-0.592959829746399));
#2495=CARTESIAN_POINT('Origin',(0.,1.25,0.));
#2496=CARTESIAN_POINT('',(0.506753036801085,0.188,-0.592959829746399));
#2497=CARTESIAN_POINT('Origin',(0.,0.188,0.));
#2498=CARTESIAN_POINT('',(0.506753036801085,0.188,-0.592959829746399));
#2499=CARTESIAN_POINT('Origin',(0.725604290173776,0.188,-0.905511811023622));
#2500=CARTESIAN_POINT('',(0.719730391931487,1.25,-0.89712301495709));
#2501=CARTESIAN_POINT('',(0.393520346747725,1.25,-0.431246789148647));
#2502=CARTESIAN_POINT('',(0.719730391931487,0.188,-0.897123014957091));
#2503=CARTESIAN_POINT('',(0.506753036801085,0.188,-0.592959829746399));
#2504=CARTESIAN_POINT('',(0.719730391931487,0.,-0.89712301495709));
#2505=CARTESIAN_POINT('Origin',(0.592959829746399,0.188,-0.506753036801085));
#2506=CARTESIAN_POINT('',(0.897123014957091,0.188,-0.719730391931487));
#2507=CARTESIAN_POINT('',(0.89712301495709,1.25,-0.719730391931487));
#2508=CARTESIAN_POINT('',(0.89712301495709,0.,-0.719730391931487));
#2509=CARTESIAN_POINT('',(0.592959829746399,0.188,-0.506753036801085));
#2510=CARTESIAN_POINT('',(0.905511811023622,0.188,-0.725604290173776));
#2511=CARTESIAN_POINT('',(0.592959829746399,1.25,-0.506753036801085));
#2512=CARTESIAN_POINT('',(0.592959829746399,0.188,-0.506753036801085));
#2513=CARTESIAN_POINT('',(0.274970798510035,1.25,-0.284094720061379));
#2514=CARTESIAN_POINT('Origin',(0.,0.188,0.));
#2515=CARTESIAN_POINT('',(0.678996295199056,1.25,-0.383880230157736));
#2516=CARTESIAN_POINT('Origin',(0.,1.25,0.));
#2517=CARTESIAN_POINT('',(0.678996295199056,0.188,-0.383880230157736));
#2518=CARTESIAN_POINT('Origin',(0.,0.188,0.));
#2519=CARTESIAN_POINT('',(0.678996295199056,0.188,-0.383880230157736));
#2520=CARTESIAN_POINT('Origin',(0.905511811023622,0.188,-0.542488101859558));
#2521=CARTESIAN_POINT('',(0.905511811023622,1.25,-0.542488101859558));
#2522=CARTESIAN_POINT('',(0.474265021874975,1.25,-0.240525849268942));
#2523=CARTESIAN_POINT('',(0.905511811023622,0.188,-0.542488101859558));
#2524=CARTESIAN_POINT('',(0.678996295199056,0.188,-0.383880230157736));
#2525=CARTESIAN_POINT('',(0.905511811023622,0.094,-0.542488101859558));
#2526=CARTESIAN_POINT('Origin',(0.,0.188,0.));
#2527=CARTESIAN_POINT('',(0.627782853418549,1.25,-0.186852050975268));
#2528=CARTESIAN_POINT('',(0.653830080068589,1.25,-0.039130888023437));
#2529=CARTESIAN_POINT('Origin',(0.,1.25,0.));
#2530=CARTESIAN_POINT('',(0.627782853418549,0.188,-0.186852050975268));
#2531=CARTESIAN_POINT('',(0.627782853418549,0.188,-0.186852050975268));
#2532=CARTESIAN_POINT('',(0.653830080068589,0.188,-0.039130888023437));
#2533=CARTESIAN_POINT('Origin',(0.,0.188,0.));
#2534=CARTESIAN_POINT('',(0.653830080068589,0.188,-0.039130888023437));
#2535=CARTESIAN_POINT('Origin',(0.905511811023622,0.188,-0.0835091677422183));
#2536=CARTESIAN_POINT('',(0.905511811023622,1.25,-0.0835091677422183));
#2537=CARTESIAN_POINT('',(0.459267712174321,1.25,-0.00482429313315113));
#2538=CARTESIAN_POINT('',(0.905511811023622,0.188,-0.0835091677422183));
#2539=CARTESIAN_POINT('',(0.653830080068589,0.188,-0.039130888023437));
#2540=CARTESIAN_POINT('',(0.905511811023622,0.094,-0.0835091677422184));
#2541=CARTESIAN_POINT('Origin',(0.653830080068589,0.188,0.039130888023437));
#2542=CARTESIAN_POINT('',(0.905511811023622,1.25,0.0835091677422183));
#2543=CARTESIAN_POINT('',(0.653830080068589,1.25,0.039130888023437));
#2544=CARTESIAN_POINT('',(0.333426846696804,1.25,-0.0173648467262395));
#2545=CARTESIAN_POINT('',(0.905511811023622,0.188,0.0835091677422183));
#2546=CARTESIAN_POINT('',(0.905511811023622,0.094,0.0835091677422183));
#2547=CARTESIAN_POINT('',(0.653830080068589,0.188,0.039130888023437));
#2548=CARTESIAN_POINT('',(0.905511811023622,0.188,0.0835091677422183));
#2549=CARTESIAN_POINT('',(0.653830080068589,0.188,0.039130888023437));
#2550=CARTESIAN_POINT('Origin',(0.,0.188,0.));
#2551=CARTESIAN_POINT('',(0.627782853418549,1.25,0.186852050975268));
#2552=CARTESIAN_POINT('Origin',(0.,1.25,0.));
#2553=CARTESIAN_POINT('',(0.627782853418549,0.188,0.186852050975268));
#2554=CARTESIAN_POINT('Origin',(0.,0.188,0.));
#2555=CARTESIAN_POINT('',(0.627782853418549,0.188,0.186852050975268));
#2556=CARTESIAN_POINT('Origin',(0.905511811023622,0.188,0.23582315952508));
#2557=CARTESIAN_POINT('',(0.905511811023622,1.25,0.23582315952508));
#2558=CARTESIAN_POINT('',(0.446244098849301,1.25,0.154841870500498));
#2559=CARTESIAN_POINT('',(0.905511811023622,0.188,0.23582315952508));
#2560=CARTESIAN_POINT('',(0.627782853418549,0.188,0.186852050975268));
#2561=CARTESIAN_POINT('',(0.905511811023622,0.094,0.23582315952508));
#2562=CARTESIAN_POINT('Origin',(0.678996295199056,0.188,0.383880230157736));
#2563=CARTESIAN_POINT('',(0.905511811023622,1.25,0.542488101859558));
#2564=CARTESIAN_POINT('',(0.678996295199056,1.25,0.383880230157736));
#2565=CARTESIAN_POINT('',(0.361007263962692,1.25,0.161221913418031));
#2566=CARTESIAN_POINT('',(0.905511811023622,0.188,0.542488101859558));
#2567=CARTESIAN_POINT('',(0.905511811023622,0.094,0.542488101859558));
#2568=CARTESIAN_POINT('',(0.678996295199056,0.188,0.383880230157736));
#2569=CARTESIAN_POINT('',(0.905511811023622,0.188,0.542488101859558));
#2570=CARTESIAN_POINT('',(0.678996295199056,0.188,0.383880230157736));
#2571=CARTESIAN_POINT('Origin',(0.,0.188,0.));
#2572=CARTESIAN_POINT('',(0.592959829746399,1.25,0.506753036801085));
#2573=CARTESIAN_POINT('Origin',(0.,1.25,0.));
#2574=CARTESIAN_POINT('',(0.592959829746399,0.188,0.506753036801085));
#2575=CARTESIAN_POINT('Origin',(0.,0.188,0.));
#2576=CARTESIAN_POINT('',(0.592959829746399,0.188,0.506753036801085));
#2577=CARTESIAN_POINT('Origin',(0.905511811023622,0.188,0.725604290173776));
#2578=CARTESIAN_POINT('',(0.89712301495709,1.25,0.719730391931487));
#2579=CARTESIAN_POINT('',(0.897123014957091,0.188,0.719730391931487));
#2580=CARTESIAN_POINT('',(0.89712301495709,0.,0.719730391931487));
#2581=CARTESIAN_POINT('',(0.431246789148647,1.25,0.393520346747725));
#2582=CARTESIAN_POINT('',(0.592959829746399,0.188,0.506753036801085));
#2583=CARTESIAN_POINT('Origin',(0.506753036801085,0.188,0.592959829746399));
#2584=CARTESIAN_POINT('',(0.719730391931487,1.25,0.897123014957091));
#2585=CARTESIAN_POINT('',(0.506753036801085,1.25,0.592959829746399));
#2586=CARTESIAN_POINT('',(0.284094720061379,1.25,0.274970798510035));
#2587=CARTESIAN_POINT('',(0.719730391931487,0.188,0.89712301495709));
#2588=CARTESIAN_POINT('',(0.719730391931487,0.,0.897123014957091));
#2589=CARTESIAN_POINT('',(0.506753036801085,0.188,0.592959829746399));
#2590=CARTESIAN_POINT('',(0.725604290173776,0.188,0.905511811023622));
#2591=CARTESIAN_POINT('',(0.506753036801085,0.188,0.592959829746399));
#2592=CARTESIAN_POINT('Origin',(0.,0.188,0.));
#2593=CARTESIAN_POINT('',(0.383880230157736,1.25,0.678996295199056));
#2594=CARTESIAN_POINT('Origin',(0.,1.25,0.));
#2595=CARTESIAN_POINT('',(0.383880230157736,0.188,0.678996295199056));
#2596=CARTESIAN_POINT('Origin',(0.,0.188,0.));
#2597=CARTESIAN_POINT('',(0.383880230157736,0.188,0.678996295199056));
#2598=CARTESIAN_POINT('Origin',(0.542488101859558,0.188,0.905511811023622));
#2599=CARTESIAN_POINT('',(0.542488101859558,1.25,0.905511811023622));
#2600=CARTESIAN_POINT('',(0.240525849268942,1.25,0.474265021874975));
#2601=CARTESIAN_POINT('',(0.542488101859558,0.188,0.905511811023622));
#2602=CARTESIAN_POINT('',(0.383880230157736,0.188,0.678996295199056));
#2603=CARTESIAN_POINT('',(0.542488101859558,0.094,0.905511811023622));
#2604=CARTESIAN_POINT('Origin',(0.186852050975268,0.188,0.627782853418549));
#2605=CARTESIAN_POINT('',(0.23582315952508,1.25,0.905511811023622));
#2606=CARTESIAN_POINT('',(0.186852050975268,1.25,0.627782853418549));
#2607=CARTESIAN_POINT('',(0.130356316225592,1.25,0.307379620046765));
#2608=CARTESIAN_POINT('',(0.23582315952508,0.188,0.905511811023622));
#2609=CARTESIAN_POINT('',(0.23582315952508,0.094,0.905511811023622));
#2610=CARTESIAN_POINT('',(0.186852050975268,0.188,0.627782853418549));
#2611=CARTESIAN_POINT('',(0.23582315952508,0.188,0.905511811023622));
#2612=CARTESIAN_POINT('',(0.186852050975268,0.188,0.627782853418549));
#2613=CARTESIAN_POINT('Origin',(0.,0.188,0.));
#2614=CARTESIAN_POINT('',(0.0391308880234371,1.25,0.653830080068589));
#2615=CARTESIAN_POINT('Origin',(0.,1.25,0.));
#2616=CARTESIAN_POINT('',(0.0391308880234371,0.188,0.653830080068589));
#2617=CARTESIAN_POINT('Origin',(0.,0.188,0.));
#2618=CARTESIAN_POINT('',(0.0391308880234371,0.188,0.653830080068589));
#2619=CARTESIAN_POINT('Origin',(0.0835091677422184,0.188,0.905511811023622));
#2620=CARTESIAN_POINT('',(0.0835091677422183,1.25,0.905511811023622));
#2621=CARTESIAN_POINT('',(0.00482429313315116,1.25,0.459267712174321));
#2622=CARTESIAN_POINT('',(0.0835091677422184,0.188,0.905511811023622));
#2623=CARTESIAN_POINT('',(0.0391308880234371,0.188,0.653830080068589));
#2624=CARTESIAN_POINT('',(0.0835091677422184,0.094,0.905511811023622));
#2625=CARTESIAN_POINT('Origin',(-0.039130888023437,0.188,0.653830080068589));
#2626=CARTESIAN_POINT('',(-0.0835091677422183,1.25,0.905511811023622));
#2627=CARTESIAN_POINT('',(-0.039130888023437,1.25,0.653830080068589));
#2628=CARTESIAN_POINT('',(0.0173648467262395,1.25,0.333426846696804));
#2629=CARTESIAN_POINT('',(-0.0835091677422183,0.188,0.905511811023622));
#2630=CARTESIAN_POINT('',(-0.0835091677422183,0.094,0.905511811023622));
#2631=CARTESIAN_POINT('',(-0.039130888023437,0.188,0.653830080068589));
#2632=CARTESIAN_POINT('',(-0.0835091677422183,0.188,0.905511811023622));
#2633=CARTESIAN_POINT('',(-0.039130888023437,0.188,0.653830080068589));
#2634=CARTESIAN_POINT('Origin',(0.,0.188,0.));
#2635=CARTESIAN_POINT('',(-0.186852050975268,1.25,0.627782853418549));
#2636=CARTESIAN_POINT('Origin',(0.,1.25,0.));
#2637=CARTESIAN_POINT('',(-0.186852050975268,0.188,0.627782853418549));
#2638=CARTESIAN_POINT('Origin',(0.,0.188,0.));
#2639=CARTESIAN_POINT('',(-0.186852050975268,0.188,0.627782853418549));
#2640=CARTESIAN_POINT('Origin',(-0.23582315952508,0.188,0.905511811023622));
#2641=CARTESIAN_POINT('',(-0.23582315952508,1.25,0.905511811023622));
#2642=CARTESIAN_POINT('',(-0.154841870500498,1.25,0.446244098849301));
#2643=CARTESIAN_POINT('',(-0.23582315952508,0.188,0.905511811023622));
#2644=CARTESIAN_POINT('',(-0.186852050975268,0.188,0.627782853418549));
#2645=CARTESIAN_POINT('',(-0.23582315952508,0.094,0.905511811023622));
#2646=CARTESIAN_POINT('Origin',(-0.383880230157736,0.188,0.678996295199056));
#2647=CARTESIAN_POINT('',(-0.542488101859558,1.25,0.905511811023622));
#2648=CARTESIAN_POINT('',(-0.383880230157736,1.25,0.678996295199056));
#2649=CARTESIAN_POINT('',(-0.161221913418031,1.25,0.361007263962692));
#2650=CARTESIAN_POINT('',(-0.542488101859558,0.188,0.905511811023622));
#2651=CARTESIAN_POINT('',(-0.542488101859558,0.094,0.905511811023622));
#2652=CARTESIAN_POINT('',(-0.383880230157736,0.188,0.678996295199056));
#2653=CARTESIAN_POINT('',(-0.542488101859558,0.188,0.905511811023622));
#2654=CARTESIAN_POINT('',(-0.383880230157736,0.188,0.678996295199056));
#2655=CARTESIAN_POINT('Origin',(0.,0.188,0.));
#2656=CARTESIAN_POINT('',(-0.506753036801084,1.25,0.592959829746399));
#2657=CARTESIAN_POINT('Origin',(0.,1.25,0.));
#2658=CARTESIAN_POINT('',(-0.506753036801084,0.188,0.592959829746399));
#2659=CARTESIAN_POINT('Origin',(0.,0.188,0.));
#2660=CARTESIAN_POINT('',(-0.506753036801084,0.188,0.592959829746399));
#2661=CARTESIAN_POINT('Origin',(-0.725604290173776,0.188,0.905511811023622));
#2662=CARTESIAN_POINT('',(-0.719730391931487,1.25,0.897123014957091));
#2663=CARTESIAN_POINT('',(-0.719730391931487,0.188,0.897123014957091));
#2664=CARTESIAN_POINT('',(-0.719730391931487,0.,0.897123014957091));
#2665=CARTESIAN_POINT('',(-0.393520346747725,1.25,0.431246789148647));
#2666=CARTESIAN_POINT('',(-0.506753036801084,0.188,0.592959829746399));
#2667=CARTESIAN_POINT('Origin',(-0.592959829746399,0.188,0.506753036801085));
#2668=CARTESIAN_POINT('',(-0.89712301495709,1.25,0.719730391931487));
#2669=CARTESIAN_POINT('',(-0.592959829746399,1.25,0.506753036801085));
#2670=CARTESIAN_POINT('',(-0.274970798510035,1.25,0.284094720061379));
#2671=CARTESIAN_POINT('',(-0.89712301495709,0.188,0.719730391931487));
#2672=CARTESIAN_POINT('',(-0.89712301495709,0.,0.719730391931487));
#2673=CARTESIAN_POINT('',(-0.592959829746399,0.188,0.506753036801085));
#2674=CARTESIAN_POINT('',(-0.905511811023622,0.188,0.725604290173776));
#2675=CARTESIAN_POINT('',(-0.592959829746399,0.188,0.506753036801085));
#2676=CARTESIAN_POINT('Origin',(0.,0.188,0.));
#2677=CARTESIAN_POINT('',(-0.678996295199056,1.25,0.383880230157736));
#2678=CARTESIAN_POINT('Origin',(0.,1.25,0.));
#2679=CARTESIAN_POINT('',(-0.678996295199056,0.188,0.383880230157736));
#2680=CARTESIAN_POINT('Origin',(0.,0.188,0.));
#2681=CARTESIAN_POINT('',(-0.678996295199056,0.188,0.383880230157736));
#2682=CARTESIAN_POINT('Origin',(-0.905511811023622,0.188,0.542488101859558));
#2683=CARTESIAN_POINT('',(-0.905511811023622,1.25,0.542488101859558));
#2684=CARTESIAN_POINT('',(-0.474265021874975,1.25,0.240525849268942));
#2685=CARTESIAN_POINT('',(-0.905511811023622,0.188,0.542488101859558));
#2686=CARTESIAN_POINT('',(-0.678996295199056,0.188,0.383880230157736));
#2687=CARTESIAN_POINT('',(-0.905511811023622,0.094,0.542488101859558));
#2688=CARTESIAN_POINT('Origin',(0.627782853418549,0.188,-0.186852050975268));
#2689=CARTESIAN_POINT('',(0.905511811023622,1.25,-0.23582315952508));
#2690=CARTESIAN_POINT('',(0.307379620046765,1.25,-0.130356316225592));
#2691=CARTESIAN_POINT('',(0.905511811023622,0.188,-0.23582315952508));
#2692=CARTESIAN_POINT('',(0.905511811023622,0.094,-0.23582315952508));
#2693=CARTESIAN_POINT('',(0.905511811023622,0.188,-0.23582315952508));
#2694=CARTESIAN_POINT('Origin',(-8.74191357972564E-17,0.188,8.74191357972564E-17));
#2695=CARTESIAN_POINT('Origin',(-0.655511811023622,0.188,0.655511811023622));
#2696=CARTESIAN_POINT('',(-0.452755905511811,0.188,0.905511811023622));
#2697=CARTESIAN_POINT('',(-0.452755905511811,0.188,0.905511811023622));
#2698=CARTESIAN_POINT('',(-0.452755905511811,0.188,0.905511811023622));
#2699=CARTESIAN_POINT('Origin',(0.655511811023622,0.188,0.655511811023622));
#2700=CARTESIAN_POINT('',(0.905511811023622,0.188,0.452755905511811));
#2701=CARTESIAN_POINT('',(0.905511811023622,0.188,0.452755905511811));
#2702=CARTESIAN_POINT('',(0.905511811023622,0.188,0.452755905511811));
#2703=CARTESIAN_POINT('Origin',(0.655511811023622,0.188,-0.655511811023622));
#2704=CARTESIAN_POINT('',(0.452755905511811,0.188,-0.905511811023622));
#2705=CARTESIAN_POINT('',(0.452755905511811,0.188,-0.905511811023622));
#2706=CARTESIAN_POINT('',(0.452755905511811,0.188,-0.905511811023622));
#2707=CARTESIAN_POINT('Origin',(-0.655511811023622,0.188,-0.655511811023622));
#2708=CARTESIAN_POINT('',(-0.905511811023622,0.188,-0.452755905511811));
#2709=CARTESIAN_POINT('',(-0.905511811023622,0.188,-0.452755905511811));
#2710=CARTESIAN_POINT('',(-0.905511811023622,0.188,-0.452755905511811));
#2711=CARTESIAN_POINT('Origin',(-0.905511811023622,0.,-0.905511811023622));
#2712=CARTESIAN_POINT('',(-0.905511811023622,1.25,-0.905511811023622));
#2713=CARTESIAN_POINT('',(-0.905511811023622,1.25,-0.905511811023622));
#2714=CARTESIAN_POINT('',(-0.905511811023622,1.25,-0.655511811023622));
#2715=CARTESIAN_POINT('',(-0.905511811023622,1.25,-0.905511811023622));
#2716=CARTESIAN_POINT('',(-0.905511811023622,0.,-0.655511811023622));
#2717=CARTESIAN_POINT('',(-0.905511811023622,0.,-0.655511811023622));
#2718=CARTESIAN_POINT('',(-0.905511811023622,0.,0.655511811023622));
#2719=CARTESIAN_POINT('',(-0.905511811023622,0.,-0.905511811023622));
#2720=CARTESIAN_POINT('',(-0.905511811023622,1.25,0.655511811023622));
#2721=CARTESIAN_POINT('',(-0.905511811023622,0.,0.655511811023622));
#2722=CARTESIAN_POINT('',(-0.905511811023622,1.25,-0.905511811023622));
#2723=CARTESIAN_POINT('Origin',(-0.655511811023622,0.,-0.655511811023622));
#2724=CARTESIAN_POINT('',(-0.655511811023622,1.25,-0.905511811023622));
#2725=CARTESIAN_POINT('Origin',(-0.655511811023622,1.25,-0.655511811023622));
#2726=CARTESIAN_POINT('',(-0.655511811023622,0.,-0.905511811023622));
#2727=CARTESIAN_POINT('',(-0.655511811023622,0.,-0.905511811023622));
#2728=CARTESIAN_POINT('Origin',(-0.655511811023622,0.,-0.655511811023622));
#2729=CARTESIAN_POINT('Origin',(-0.655511811023622,1.25,-0.655511811023622));
#2730=CARTESIAN_POINT('Origin',(0.905511811023622,0.,-0.905511811023622));
#2731=CARTESIAN_POINT('',(0.905511811023622,1.25,-0.905511811023622));
#2732=CARTESIAN_POINT('',(0.905511811023622,1.25,-0.905511811023622));
#2733=CARTESIAN_POINT('',(0.655511811023622,1.25,-0.905511811023622));
#2734=CARTESIAN_POINT('',(0.905511811023622,1.25,-0.905511811023622));
#2735=CARTESIAN_POINT('',(0.655511811023622,0.,-0.905511811023622));
#2736=CARTESIAN_POINT('',(0.655511811023622,0.,-0.905511811023622));
#2737=CARTESIAN_POINT('',(0.905511811023622,0.,-0.905511811023622));
#2738=CARTESIAN_POINT('',(0.905511811023622,1.25,-0.905511811023622));
#2739=CARTESIAN_POINT('Origin',(0.655511811023622,0.,-0.655511811023622));
#2740=CARTESIAN_POINT('',(0.905511811023622,1.25,-0.655511811023622));
#2741=CARTESIAN_POINT('Origin',(0.655511811023622,1.25,-0.655511811023622));
#2742=CARTESIAN_POINT('',(0.905511811023622,0.,-0.655511811023622));
#2743=CARTESIAN_POINT('',(0.905511811023622,0.,-0.655511811023622));
#2744=CARTESIAN_POINT('Origin',(0.655511811023622,0.,-0.655511811023622));
#2745=CARTESIAN_POINT('Origin',(0.655511811023622,1.25,-0.655511811023622));
#2746=CARTESIAN_POINT('Origin',(0.,1.25,0.));
#2747=CARTESIAN_POINT('',(0.905511811023622,1.25,0.905511811023622));
#2748=CARTESIAN_POINT('Origin',(0.,1.25,0.));
#2749=CARTESIAN_POINT('Origin',(0.,1.25,0.));
#2750=CARTESIAN_POINT('',(0.905511811023622,1.25,0.905511811023622));
#2751=CARTESIAN_POINT('Origin',(0.,1.25,0.));
#2752=CARTESIAN_POINT('',(0.905511811023622,1.25,0.905511811023622));
#2753=CARTESIAN_POINT('Origin',(0.,1.25,0.));
#2754=CARTESIAN_POINT('Origin',(0.,1.25,0.));
#2755=CARTESIAN_POINT('',(0.905511811023622,1.25,0.655511811023622));
#2756=CARTESIAN_POINT('Origin',(0.655511811023622,1.25,0.655511811023622));
#2757=CARTESIAN_POINT('',(0.905511811023622,1.25,0.905511811023622));
#2758=CARTESIAN_POINT('Origin',(0.,1.25,0.));
#2759=CARTESIAN_POINT('Origin',(0.,1.25,0.));
#2760=CARTESIAN_POINT('Origin',(0.,1.25,0.));
#2761=CARTESIAN_POINT('',(0.655511811023622,1.25,0.905511811023622));
#2762=CARTESIAN_POINT('',(-0.905511811023622,1.25,0.905511811023622));
#2763=CARTESIAN_POINT('Origin',(0.655511811023622,1.25,0.655511811023622));
#2764=CARTESIAN_POINT('Origin',(0.,1.25,0.));
#2765=CARTESIAN_POINT('Origin',(0.,1.25,0.));
#2766=CARTESIAN_POINT('',(-0.905511811023622,1.25,0.905511811023622));
#2767=CARTESIAN_POINT('Origin',(0.,1.25,0.));
#2768=CARTESIAN_POINT('',(-0.905511811023622,1.25,0.905511811023622));
#2769=CARTESIAN_POINT('Origin',(0.,1.25,0.));
#2770=CARTESIAN_POINT('Origin',(0.,1.25,0.));
#2771=CARTESIAN_POINT('',(-0.655511811023622,1.25,0.905511811023622));
#2772=CARTESIAN_POINT('Origin',(-0.655511811023622,1.25,0.655511811023622));
#2773=CARTESIAN_POINT('',(-0.905511811023622,1.25,0.905511811023622));
#2774=CARTESIAN_POINT('Origin',(0.,1.25,0.));
#2775=CARTESIAN_POINT('Origin',(0.,0.,0.));
#2776=CARTESIAN_POINT('',(0.905511811023622,0.,0.655511811023622));
#2777=CARTESIAN_POINT('',(0.905511811023622,0.,0.905511811023622));
#2778=CARTESIAN_POINT('',(0.655511811023622,0.,0.905511811023622));
#2779=CARTESIAN_POINT('Origin',(0.655511811023622,0.,0.655511811023622));
#2780=CARTESIAN_POINT('',(-0.655511811023622,0.,0.905511811023622));
#2781=CARTESIAN_POINT('',(-0.905511811023622,0.,0.905511811023622));
#2782=CARTESIAN_POINT('Origin',(-0.655511811023622,0.,0.655511811023622));
#2783=CARTESIAN_POINT('Origin',(0.905511811023622,0.,0.905511811023622));
#2784=CARTESIAN_POINT('',(0.905511811023622,0.,0.655511811023622));
#2785=CARTESIAN_POINT('Origin',(0.655511811023622,0.,0.655511811023622));
#2786=CARTESIAN_POINT('',(0.655511811023622,0.,0.905511811023622));
#2787=CARTESIAN_POINT('Origin',(-0.655511811023622,0.,0.655511811023622));
#2788=CARTESIAN_POINT('Origin',(-0.655511811023622,1.25,0.655511811023622));
#2789=CARTESIAN_POINT('',(-0.655511811023622,0.,0.905511811023622));
#2790=CARTESIAN_POINT('Origin',(-0.905511811023622,0.,0.905511811023622));
#2791=CARTESIAN_POINT('Origin',(0.,1.25,0.));
#2792=UNCERTAINTY_MEASURE_WITH_UNIT(LENGTH_MEASURE(0.000393700787401575),
#2798,'DISTANCE_ACCURACY_VALUE',
'Maximum model space distance between geometric entities at asserted c
onnectivities');
#2793=UNCERTAINTY_MEASURE_WITH_UNIT(LENGTH_MEASURE(0.000393700787401575),
#2798,'DISTANCE_ACCURACY_VALUE',
'Maximum model space distance between geometric entities at asserted c
onnectivities');
#2794=(
GEOMETRIC_REPRESENTATION_CONTEXT(3)
GLOBAL_UNCERTAINTY_ASSIGNED_CONTEXT((#2792))
GLOBAL_UNIT_ASSIGNED_CONTEXT((#2798,#2802,#2803))
REPRESENTATION_CONTEXT('','3D')
);
#2795=(
GEOMETRIC_REPRESENTATION_CONTEXT(3)
GLOBAL_UNCERTAINTY_ASSIGNED_CONTEXT((#2793))
GLOBAL_UNIT_ASSIGNED_CONTEXT((#2798,#2802,#2803))
REPRESENTATION_CONTEXT('','3D')
);
#2796=DIMENSIONAL_EXPONENTS(1.,0.,0.,0.,0.,0.,0.);
#2797=DIMENSIONAL_EXPONENTS(0.,1.,0.,0.,0.,0.,0.);
#2798=(
CONVERSION_BASED_UNIT('inch',#2801)
LENGTH_UNIT()
NAMED_UNIT(#2796)
);
#2799=(
LENGTH_UNIT()
NAMED_UNIT(*)
SI_UNIT(.MILLI.,.METRE.)
);
#2800=(
LENGTH_UNIT()
NAMED_UNIT(*)
SI_UNIT(.CENTI.,.METRE.)
);
#2801=LENGTH_MEASURE_WITH_UNIT(LENGTH_MEASURE(25.4),#2799);
#2802=(
NAMED_UNIT(*)
PLANE_ANGLE_UNIT()
SI_UNIT($,.RADIAN.)
);
#2803=(
NAMED_UNIT(*)
SI_UNIT($,.STERADIAN.)
SOLID_ANGLE_UNIT()
);
#2804=SHAPE_DEFINITION_REPRESENTATION(#2805,#2806);
#2805=PRODUCT_DEFINITION_SHAPE('',$,#2808);
#2806=SHAPE_REPRESENTATION('',(#1692),#2794);
#2807=PRODUCT_DEFINITION_CONTEXT('part definition',#2812,'design');
#2808=PRODUCT_DEFINITION('680-125K','680-125K',#2809,#2807);
#2809=PRODUCT_DEFINITION_FORMATION('',$,#2814);
#2810=PRODUCT_RELATED_PRODUCT_CATEGORY('680-125K','680-125K',(#2814));
#2811=APPLICATION_PROTOCOL_DEFINITION('international standard',
'automotive_design',2009,#2812);
#2812=APPLICATION_CONTEXT(
'Core Data for Automotive Mechanical Design Process');
#2813=PRODUCT_CONTEXT('part definition',#2812,'mechanical');
#2814=PRODUCT('680-125K','680-125K',' ',(#2813));
#2815=PRESENTATION_STYLE_ASSIGNMENT((#2816));
#2816=SURFACE_STYLE_USAGE(.BOTH.,#2819);
#2817=SURFACE_STYLE_RENDERING_WITH_PROPERTIES($,#2823,(#2818));
#2818=SURFACE_STYLE_TRANSPARENT(0.);
#2819=SURFACE_SIDE_STYLE('',(#2820,#2817));
#2820=SURFACE_STYLE_FILL_AREA(#2821);
#2821=FILL_AREA_STYLE('',(#2822));
#2822=FILL_AREA_STYLE_COLOUR('',#2823);
#2823=COLOUR_RGB('',0.0392156862745098,0.0392156862745098,0.0392156862745098);
ENDSEC;
END-ISO-10303-21;
