ISO-10303-21;
HEADER;
/* Generated by software containing ST-Developer
 * from STEP Tools, Inc. (www.steptools.com) 
 */

FILE_DESCRIPTION(
/* description */ (
'model of CP_Axial_L55.0mm_D26.0mm_P60.00mm_Horizontal'),
/* implementation_level */ '2;1');

FILE_NAME(
/* name */ 'CP_Axial_L54.4mm_D26.0mm_P55.88mm_Horizontal.stp',
/* time_stamp */ '2026-07-08T16:04:05-04:00',
/* author */ ('jwheatley'),
/* organization */ ('OCC'),
/* preprocessor_version */ 'ST-DEVELOPER v20.1',
/* originating_system */ 'Autodesk Inventor 2026',
/* authorisation */ '');

FILE_SCHEMA (('AUTOMOTIVE_DESIGN { 1 0 10303 214 3 1 1 }'));
ENDSEC;

DATA;
#10=MECHANICAL_DESIGN_GEOMETRIC_PRESENTATION_REPRESENTATION('',(#1001,#1002,
#1003,#1004,#1005,#1006,#1007,#1008,#1009,#1010,#1011,#1012,#1013,#1014,
#1015,#1016,#1017,#1018,#1019,#1020,#1021,#1022,#1023,#1024,#1025,#1026,
#1027,#1028,#1029,#1030,#1031,#1032,#1033,#1034,#1035,#1036,#1037,#1038,
#1039,#1040,#1041,#1042,#1043,#1044,#1045,#1046,#1047,#1048,#1049,#1050,
#1051,#1052,#1053),#2580);
#11=SHAPE_REPRESENTATION_RELATIONSHIP('SRR','None',#2587,#12);
#12=ADVANCED_BREP_SHAPE_REPRESENTATION('',(#1115),#2579);
#13=ORIENTED_CLOSED_SHELL('',*,#1114,.F.);
#14=FACE_BOUND('',#283,.T.);
#15=FACE_BOUND('',#295,.T.);
#16=FACE_BOUND('',#296,.T.);
#17=FACE_BOUND('',#306,.T.);
#18=FACE_BOUND('',#316,.T.);
#19=(
BOUNDED_SURFACE()
B_SPLINE_SURFACE(2,5,((#2114,#2115,#2116,#2117,#2118,#2119,#2120,#2121,
#2122,#2123,#2124,#2125,#2126,#2127),(#2128,#2129,#2130,#2131,#2132,#2133,
#2134,#2135,#2136,#2137,#2138,#2139,#2140,#2141),(#2142,#2143,#2144,#2145,
#2146,#2147,#2148,#2149,#2150,#2151,#2152,#2153,#2154,#2155)),
 .UNSPECIFIED.,.F.,.F.,.F.)
B_SPLINE_SURFACE_WITH_KNOTS((3,3),(6,4,4,6),(0.,10.218031495684),(-0.621427688663,
-6.949420766365E-7,10.218030800741,10.839456835526),.UNSPECIFIED.)
GEOMETRIC_REPRESENTATION_ITEM()
RATIONAL_B_SPLINE_SURFACE(((1.,1.,1.,1.,1.,1.,1.,1.,1.,1.,1.,1.,1.,1.),
(0.93061798229,0.93061798229,0.93061798229,0.93061798229,0.93061798229,
0.93061798229,0.93061798229,0.93061798229,0.93061798229,0.93061798229,0.93061798229,
0.93061798229,0.93061798229,0.93061798229),(1.,1.,1.,1.,1.,1.,1.,1.,1.,
1.,1.,1.,1.,1.)))
REPRESENTATION_ITEM('')
SURFACE()
);
#20=(
BOUNDED_SURFACE()
B_SPLINE_SURFACE(2,12,((#2215,#2216,#2217,#2218,#2219,#2220,#2221,#2222,
#2223,#2224,#2225,#2226,#2227,#2228,#2229,#2230,#2231,#2232,#2233,#2234,
#2235,#2236,#2237,#2238,#2239,#2240,#2241,#2242,#2243,#2244,#2245,#2246,
#2247,#2248,#2249),(#2250,#2251,#2252,#2253,#2254,#2255,#2256,#2257,#2258,
#2259,#2260,#2261,#2262,#2263,#2264,#2265,#2266,#2267,#2268,#2269,#2270,
#2271,#2272,#2273,#2274,#2275,#2276,#2277,#2278,#2279,#2280,#2281,#2282,
#2283,#2284),(#2285,#2286,#2287,#2288,#2289,#2290,#2291,#2292,#2293,#2294,
#2295,#2296,#2297,#2298,#2299,#2300,#2301,#2302,#2303,#2304,#2305,#2306,
#2307,#2308,#2309,#2310,#2311,#2312,#2313,#2314,#2315,#2316,#2317,#2318,
#2319),(#2320,#2321,#2322,#2323,#2324,#2325,#2326,#2327,#2328,#2329,#2330,
#2331,#2332,#2333,#2334,#2335,#2336,#2337,#2338,#2339,#2340,#2341,#2342,
#2343,#2344,#2345,#2346,#2347,#2348,#2349,#2350,#2351,#2352,#2353,#2354),
(#2355,#2356,#2357,#2358,#2359,#2360,#2361,#2362,#2363,#2364,#2365,#2366,
#2367,#2368,#2369,#2370,#2371,#2372,#2373,#2374,#2375,#2376,#2377,#2378,
#2379,#2380,#2381,#2382,#2383,#2384,#2385,#2386,#2387,#2388,#2389),(#2390,
#2391,#2392,#2393,#2394,#2395,#2396,#2397,#2398,#2399,#2400,#2401,#2402,
#2403,#2404,#2405,#2406,#2407,#2408,#2409,#2410,#2411,#2412,#2413,#2414,
#2415,#2416,#2417,#2418,#2419,#2420,#2421,#2422,#2423,#2424),(#2425,#2426,
#2427,#2428,#2429,#2430,#2431,#2432,#2433,#2434,#2435,#2436,#2437,#2438,
#2439,#2440,#2441,#2442,#2443,#2444,#2445,#2446,#2447,#2448,#2449,#2450,
#2451,#2452,#2453,#2454,#2455,#2456,#2457,#2458,#2459)),.UNSPECIFIED.,.F.,
 .F.,.F.)
B_SPLINE_SURFACE_WITH_KNOTS((3,2,2,3),(13,11,11,13),(-0.71471232869169,
0.,71.471232869169,72.1859451978607),(-3.045201336233,-1.43260253308E-15,
71.471232869169,74.516434205402),.UNSPECIFIED.)
GEOMETRIC_REPRESENTATION_ITEM()
RATIONAL_B_SPLINE_SURFACE(((1.,1.,1.,1.,1.,1.,1.,1.,1.,1.,1.,1.,1.,1.,1.,
1.,1.,1.,1.,1.,1.,1.,1.,1.,1.,1.,1.,1.,1.,1.,1.,1.,1.,1.,1.),(1.,1.,1.,
1.,1.,1.,1.,1.,1.,1.,1.,1.,1.,1.,1.,1.,1.,1.,1.,1.,1.,1.,1.,1.,1.,1.,1.,
1.,1.,1.,1.,1.,1.,1.,1.),(1.,1.,1.,1.,1.,1.,1.,1.,1.,1.,1.,1.,1.,1.,1.,
1.,1.,1.,1.,1.,1.,1.,1.,1.,1.,1.,1.,1.,1.,1.,1.,1.,1.,1.,1.),(0.93061798229,
0.93061798229,0.93061798229,0.93061798229,0.93061798229,0.93061798229,0.93061798229,
0.93061798229,0.93061798229,0.93061798229,0.93061798229,0.93061798229,0.93061798229,
0.930618018082,0.930617509921,0.930619548237,0.930615047256,0.93062155682,
0.930615047256,0.930619548237,0.930617509921,0.930618018082,0.93061798229,
0.93061798229,0.93061798229,0.93061798229,0.93061798229,0.93061798229,0.93061798229,
0.93061798229,0.93061798229,0.93061798229,0.93061798229,0.93061798229,0.93061798229),
(1.,1.,1.,1.,1.,1.,1.,1.,1.,1.,1.,1.,1.,1.,1.,1.,1.,1.,1.,1.,1.,1.,1.,1.,
1.,1.,1.,1.,1.,1.,1.,1.,1.,1.,1.),(1.,1.,1.,1.,1.,1.,1.,1.,1.,1.,1.,1.,
1.,1.,1.,1.,1.,1.,1.,1.,1.,1.,1.,1.,1.,1.,1.,1.,1.,1.,1.,1.,1.,1.,1.),(1.,
1.,1.,1.,1.,1.,1.,1.,1.,1.,1.,1.,1.,1.,1.,1.,1.,1.,1.,1.,1.,1.,1.,1.,1.,
1.,1.,1.,1.,1.,1.,1.,1.,1.,1.)))
REPRESENTATION_ITEM('')
SURFACE()
);
#21=LINE('',#1657,#84);
#22=LINE('',#1670,#85);
#23=LINE('',#1720,#86);
#24=LINE('',#1771,#87);
#25=LINE('',#1821,#88);
#26=LINE('',#1871,#89);
#27=LINE('',#1876,#90);
#28=LINE('',#1877,#91);
#29=LINE('',#1878,#92);
#30=LINE('',#1903,#93);
#31=LINE('',#1907,#94);
#32=LINE('',#1910,#95);
#33=LINE('',#1935,#96);
#34=LINE('',#1936,#97);
#35=LINE('',#1961,#98);
#36=LINE('',#1965,#99);
#37=LINE('',#1992,#100);
#38=LINE('',#1993,#101);
#39=LINE('',#1994,#102);
#40=LINE('',#2019,#103);
#41=LINE('',#2023,#104);
#42=LINE('',#2026,#105);
#43=LINE('',#2051,#106);
#44=LINE('',#2052,#107);
#45=LINE('',#2077,#108);
#46=LINE('',#2081,#109);
#47=LINE('',#2163,#110);
#48=LINE('',#2165,#111);
#49=LINE('',#2177,#112);
#50=LINE('',#2178,#113);
#51=LINE('',#2181,#114);
#52=LINE('',#2183,#115);
#53=LINE('',#2189,#116);
#54=LINE('',#2190,#117);
#55=LINE('',#2193,#118);
#56=LINE('',#2196,#119);
#57=LINE('',#2199,#120);
#58=LINE('',#2202,#121);
#59=LINE('',#2211,#122);
#60=LINE('',#2214,#123);
#61=LINE('',#2479,#124);
#62=LINE('',#2482,#125);
#63=LINE('',#2502,#126);
#64=LINE('',#2503,#127);
#65=LINE('',#2509,#128);
#66=LINE('',#2512,#129);
#67=LINE('',#2515,#130);
#68=LINE('',#2516,#131);
#69=LINE('',#2520,#132);
#70=LINE('',#2522,#133);
#71=LINE('',#2525,#134);
#72=LINE('',#2527,#135);
#73=LINE('',#2539,#136);
#74=LINE('',#2543,#137);
#75=LINE('',#2549,#138);
#76=LINE('',#2555,#139);
#77=LINE('',#2557,#140);
#78=LINE('',#2558,#141);
#79=LINE('',#2562,#142);
#80=LINE('',#2564,#143);
#81=LINE('',#2568,#144);
#82=LINE('',#2569,#145);
#83=LINE('',#2573,#146);
#84=VECTOR('',#1290,0.45);
#85=VECTOR('',#1305,1.);
#86=VECTOR('',#1308,1.);
#87=VECTOR('',#1313,1.);
#88=VECTOR('',#1316,1.);
#89=VECTOR('',#1321,0.45);
#90=VECTOR('',#1326,1.);
#91=VECTOR('',#1327,1.);
#92=VECTOR('',#1328,1.);
#93=VECTOR('',#1331,1.);
#94=VECTOR('',#1336,1.);
#95=VECTOR('',#1339,1.);
#96=VECTOR('',#1342,1.);
#97=VECTOR('',#1343,1.);
#98=VECTOR('',#1346,1.);
#99=VECTOR('',#1351,1.);
#100=VECTOR('',#1356,1.);
#101=VECTOR('',#1357,1.);
#102=VECTOR('',#1358,1.);
#103=VECTOR('',#1361,1.);
#104=VECTOR('',#1366,1.);
#105=VECTOR('',#1369,1.);
#106=VECTOR('',#1372,1.);
#107=VECTOR('',#1373,1.);
#108=VECTOR('',#1376,1.);
#109=VECTOR('',#1381,1.);
#110=VECTOR('',#1402,1.);
#111=VECTOR('',#1403,1.);
#112=VECTOR('',#1418,0.999999999999701);
#113=VECTOR('',#1419,0.999999999999701);
#114=VECTOR('',#1422,1.);
#115=VECTOR('',#1423,1.);
#116=VECTOR('',#1430,0.999999999999701);
#117=VECTOR('',#1431,0.999999999999701);
#118=VECTOR('',#1434,1.);
#119=VECTOR('',#1437,1.);
#120=VECTOR('',#1440,0.999999999999701);
#121=VECTOR('',#1443,0.999999999999701);
#122=VECTOR('',#1454,1.);
#123=VECTOR('',#1457,1.);
#124=VECTOR('',#1482,1.);
#125=VECTOR('',#1485,1.);
#126=VECTOR('',#1508,1.);
#127=VECTOR('',#1509,1.);
#128=VECTOR('',#1518,0.999999999999701);
#129=VECTOR('',#1521,0.999999999999701);
#130=VECTOR('',#1524,1.);
#131=VECTOR('',#1525,0.999999999999701);
#132=VECTOR('',#1530,0.999999999999701);
#133=VECTOR('',#1533,1.);
#134=VECTOR('',#1536,1.);
#135=VECTOR('',#1537,1.);
#136=VECTOR('',#1558,0.45);
#137=VECTOR('',#1561,0.999999999999701);
#138=VECTOR('',#1566,0.999999999999701);
#139=VECTOR('',#1573,1.);
#140=VECTOR('',#1574,1.);
#141=VECTOR('',#1575,0.999999999999701);
#142=VECTOR('',#1580,1.);
#143=VECTOR('',#1581,0.45);
#144=VECTOR('',#1586,0.999999999999701);
#145=VECTOR('',#1587,1.);
#146=VECTOR('',#1592,9.1);
#147=CYLINDRICAL_SURFACE('',#1146,0.45);
#148=CYLINDRICAL_SURFACE('',#1153,13.01);
#149=CYLINDRICAL_SURFACE('',#1156,13.01);
#150=CYLINDRICAL_SURFACE('',#1159,0.45);
#151=CYLINDRICAL_SURFACE('',#1162,1.29);
#152=CYLINDRICAL_SURFACE('',#1165,1.29);
#153=CYLINDRICAL_SURFACE('',#1167,1.29);
#154=CYLINDRICAL_SURFACE('',#1170,1.29);
#155=CYLINDRICAL_SURFACE('',#1172,1.29);
#156=CYLINDRICAL_SURFACE('',#1175,1.29);
#157=CYLINDRICAL_SURFACE('',#1177,1.29);
#158=CYLINDRICAL_SURFACE('',#1180,1.29);
#159=CYLINDRICAL_SURFACE('',#1189,13.01);
#160=CYLINDRICAL_SURFACE('',#1197,9.09);
#161=CYLINDRICAL_SURFACE('',#1201,9.1);
#162=CYLINDRICAL_SURFACE('',#1209,13.);
#163=CYLINDRICAL_SURFACE('',#1222,13.);
#164=CYLINDRICAL_SURFACE('',#1233,13.01);
#165=CYLINDRICAL_SURFACE('',#1244,9.1);
#166=CYLINDRICAL_SURFACE('',#1246,9.1);
#167=CYLINDRICAL_SURFACE('',#1253,0.45);
#168=CYLINDRICAL_SURFACE('',#1254,0.45);
#169=CYLINDRICAL_SURFACE('',#1261,0.45);
#170=CYLINDRICAL_SURFACE('',#1265,9.1);
#171=PLANE('',#1144);
#172=PLANE('',#1161);
#173=PLANE('',#1163);
#174=PLANE('',#1166);
#175=PLANE('',#1168);
#176=PLANE('',#1171);
#177=PLANE('',#1173);
#178=PLANE('',#1176);
#179=PLANE('',#1178);
#180=PLANE('',#1195);
#181=PLANE('',#1199);
#182=PLANE('',#1203);
#183=PLANE('',#1238);
#184=PLANE('',#1240);
#185=PLANE('',#1241);
#186=PLANE('',#1243);
#187=PLANE('',#1248);
#188=PLANE('',#1250);
#189=PLANE('',#1255);
#190=PLANE('',#1260);
#191=PLANE('',#1264);
#192=PLANE('',#1268);
#193=PLANE('',#1269);
#194=FACE_OUTER_BOUND('',#253,.T.);
#195=FACE_OUTER_BOUND('',#254,.T.);
#196=FACE_OUTER_BOUND('',#255,.T.);
#197=FACE_OUTER_BOUND('',#256,.T.);
#198=FACE_OUTER_BOUND('',#257,.T.);
#199=FACE_OUTER_BOUND('',#258,.T.);
#200=FACE_OUTER_BOUND('',#259,.T.);
#201=FACE_OUTER_BOUND('',#260,.T.);
#202=FACE_OUTER_BOUND('',#261,.T.);
#203=FACE_OUTER_BOUND('',#262,.T.);
#204=FACE_OUTER_BOUND('',#263,.T.);
#205=FACE_OUTER_BOUND('',#264,.T.);
#206=FACE_OUTER_BOUND('',#265,.T.);
#207=FACE_OUTER_BOUND('',#266,.T.);
#208=FACE_OUTER_BOUND('',#267,.T.);
#209=FACE_OUTER_BOUND('',#268,.T.);
#210=FACE_OUTER_BOUND('',#269,.T.);
#211=FACE_OUTER_BOUND('',#270,.T.);
#212=FACE_OUTER_BOUND('',#271,.T.);
#213=FACE_OUTER_BOUND('',#272,.T.);
#214=FACE_OUTER_BOUND('',#273,.T.);
#215=FACE_OUTER_BOUND('',#274,.T.);
#216=FACE_OUTER_BOUND('',#275,.T.);
#217=FACE_OUTER_BOUND('',#276,.T.);
#218=FACE_OUTER_BOUND('',#277,.T.);
#219=FACE_OUTER_BOUND('',#278,.T.);
#220=FACE_OUTER_BOUND('',#279,.T.);
#221=FACE_OUTER_BOUND('',#280,.T.);
#222=FACE_OUTER_BOUND('',#281,.T.);
#223=FACE_OUTER_BOUND('',#282,.T.);
#224=FACE_OUTER_BOUND('',#284,.T.);
#225=FACE_OUTER_BOUND('',#285,.T.);
#226=FACE_OUTER_BOUND('',#286,.T.);
#227=FACE_OUTER_BOUND('',#287,.T.);
#228=FACE_OUTER_BOUND('',#288,.T.);
#229=FACE_OUTER_BOUND('',#289,.T.);
#230=FACE_OUTER_BOUND('',#290,.T.);
#231=FACE_OUTER_BOUND('',#291,.T.);
#232=FACE_OUTER_BOUND('',#292,.T.);
#233=FACE_OUTER_BOUND('',#293,.T.);
#234=FACE_OUTER_BOUND('',#294,.T.);
#235=FACE_OUTER_BOUND('',#297,.T.);
#236=FACE_OUTER_BOUND('',#298,.T.);
#237=FACE_OUTER_BOUND('',#299,.T.);
#238=FACE_OUTER_BOUND('',#300,.T.);
#239=FACE_OUTER_BOUND('',#301,.T.);
#240=FACE_OUTER_BOUND('',#302,.T.);
#241=FACE_OUTER_BOUND('',#303,.T.);
#242=FACE_OUTER_BOUND('',#304,.T.);
#243=FACE_OUTER_BOUND('',#305,.T.);
#244=FACE_OUTER_BOUND('',#307,.T.);
#245=FACE_OUTER_BOUND('',#308,.T.);
#246=FACE_OUTER_BOUND('',#309,.T.);
#247=FACE_OUTER_BOUND('',#310,.T.);
#248=FACE_OUTER_BOUND('',#311,.T.);
#249=FACE_OUTER_BOUND('',#312,.T.);
#250=FACE_OUTER_BOUND('',#313,.T.);
#251=FACE_OUTER_BOUND('',#314,.T.);
#252=FACE_OUTER_BOUND('',#315,.T.);
#253=EDGE_LOOP('',(#675,#676,#677,#678,#679,#680,#681,#682,#683,#684,#685));
#254=EDGE_LOOP('',(#686));
#255=EDGE_LOOP('',(#687,#688,#689,#690,#691));
#256=EDGE_LOOP('',(#692,#693,#694,#695,#696,#697));
#257=EDGE_LOOP('',(#698,#699,#700,#701,#702,#703,#704,#705));
#258=EDGE_LOOP('',(#706,#707,#708,#709,#710,#711,#712,#713));
#259=EDGE_LOOP('',(#714,#715,#716,#717,#718));
#260=EDGE_LOOP('',(#719,#720,#721,#722));
#261=EDGE_LOOP('',(#723,#724,#725,#726));
#262=EDGE_LOOP('',(#727,#728,#729,#730));
#263=EDGE_LOOP('',(#731,#732,#733,#734));
#264=EDGE_LOOP('',(#735,#736,#737,#738));
#265=EDGE_LOOP('',(#739,#740,#741,#742));
#266=EDGE_LOOP('',(#743,#744,#745,#746));
#267=EDGE_LOOP('',(#747,#748,#749,#750));
#268=EDGE_LOOP('',(#751,#752,#753,#754));
#269=EDGE_LOOP('',(#755,#756,#757,#758));
#270=EDGE_LOOP('',(#759,#760,#761,#762));
#271=EDGE_LOOP('',(#763,#764,#765,#766));
#272=EDGE_LOOP('',(#767,#768,#769,#770));
#273=EDGE_LOOP('',(#771,#772,#773,#774));
#274=EDGE_LOOP('',(#775,#776,#777,#778));
#275=EDGE_LOOP('',(#779,#780,#781,#782));
#276=EDGE_LOOP('',(#783,#784,#785,#786));
#277=EDGE_LOOP('',(#787,#788,#789,#790));
#278=EDGE_LOOP('',(#791,#792,#793,#794));
#279=EDGE_LOOP('',(#795,#796,#797,#798));
#280=EDGE_LOOP('',(#799,#800,#801,#802));
#281=EDGE_LOOP('',(#803,#804,#805,#806));
#282=EDGE_LOOP('',(#807,#808,#809,#810));
#283=EDGE_LOOP('',(#811));
#284=EDGE_LOOP('',(#812,#813,#814,#815));
#285=EDGE_LOOP('',(#816,#817,#818,#819));
#286=EDGE_LOOP('',(#820,#821,#822,#823));
#287=EDGE_LOOP('',(#824,#825,#826,#827));
#288=EDGE_LOOP('',(#828,#829,#830,#831));
#289=EDGE_LOOP('',(#832,#833,#834,#835));
#290=EDGE_LOOP('',(#836,#837,#838,#839));
#291=EDGE_LOOP('',(#840,#841,#842,#843));
#292=EDGE_LOOP('',(#844,#845,#846,#847));
#293=EDGE_LOOP('',(#848,#849,#850,#851));
#294=EDGE_LOOP('',(#852,#853,#854,#855));
#295=EDGE_LOOP('',(#856,#857,#858,#859,#860,#861,#862,#863));
#296=EDGE_LOOP('',(#864,#865,#866,#867,#868,#869,#870,#871));
#297=EDGE_LOOP('',(#872,#873,#874,#875));
#298=EDGE_LOOP('',(#876,#877,#878,#879));
#299=EDGE_LOOP('',(#880,#881,#882,#883,#884,#885,#886,#887,#888,#889,#890,
#891,#892,#893,#894,#895,#896,#897,#898,#899,#900,#901));
#300=EDGE_LOOP('',(#902,#903,#904,#905));
#301=EDGE_LOOP('',(#906,#907,#908,#909,#910,#911,#912,#913,#914,#915,#916,
#917,#918,#919,#920,#921,#922,#923,#924,#925,#926,#927));
#302=EDGE_LOOP('',(#928,#929,#930,#931));
#303=EDGE_LOOP('',(#932,#933,#934,#935,#936,#937));
#304=EDGE_LOOP('',(#938));
#305=EDGE_LOOP('',(#939,#940));
#306=EDGE_LOOP('',(#941,#942,#943,#944));
#307=EDGE_LOOP('',(#945,#946,#947,#948,#949));
#308=EDGE_LOOP('',(#950,#951,#952,#953,#954));
#309=EDGE_LOOP('',(#955,#956,#957,#958,#959,#960));
#310=EDGE_LOOP('',(#961,#962,#963,#964));
#311=EDGE_LOOP('',(#965,#966,#967,#968,#969,#970,#971,#972));
#312=EDGE_LOOP('',(#973,#974,#975,#976));
#313=EDGE_LOOP('',(#977,#978,#979,#980,#981,#982,#983,#984));
#314=EDGE_LOOP('',(#985,#986,#987,#988));
#315=EDGE_LOOP('',(#989));
#316=EDGE_LOOP('',(#990));
#317=B_SPLINE_CURVE_WITH_KNOTS('',3,(#1605,#1606,#1607,#1608,#1609,#1610,
#1611,#1612,#1613,#1614,#1615,#1616),.UNSPECIFIED.,.F.,.F.,(4,2,2,2,2,4),
(0.133471080126023,0.150098581898604,0.166796317574928,0.183526232269681,
0.200246522708048,0.200346639545963),.UNSPECIFIED.);
#318=B_SPLINE_CURVE_WITH_KNOTS('',3,(#1623,#1624,#1625,#1626,#1627,#1628,
#1629,#1630,#1631,#1632,#1633,#1634),.UNSPECIFIED.,.F.,.F.,(4,2,2,2,2,4),
(0.0665955209237757,0.0666956375439981,0.0834159279823654,0.100145842677118,
0.116843578353442,0.133471080126023),.UNSPECIFIED.);
#319=B_SPLINE_CURVE_WITH_KNOTS('',3,(#1636,#1637,#1638,#1639,#1640,#1641),
 .UNSPECIFIED.,.F.,.F.,(4,2,4),(-0.00262285152297466,0.,0.00338007453297762),
 .UNSPECIFIED.);
#320=B_SPLINE_CURVE_WITH_KNOTS('',3,(#1644,#1645,#1646,#1647,#1648,#1649,
#1650,#1651),.UNSPECIFIED.,.F.,.F.,(4,2,2,4),(0.40702448995291,0.408953150733325,
0.410978626859349,0.414048165995148),.UNSPECIFIED.);
#321=B_SPLINE_CURVE_WITH_KNOTS('',6,(#1672,#1673,#1674,#1675,#1676,#1677,
#1678,#1679,#1680,#1681,#1682,#1683,#1684,#1685,#1686,#1687,#1688,#1689,
#1690,#1691,#1692,#1693),.UNSPECIFIED.,.F.,.F.,(7,5,5,5,7),(0.,0.480343719657,
0.653948838357,0.790320888503,1.),.UNSPECIFIED.);
#322=B_SPLINE_CURVE_WITH_KNOTS('',6,(#1697,#1698,#1699,#1700,#1701,#1702,
#1703,#1704,#1705,#1706,#1707,#1708,#1709,#1710,#1711,#1712,#1713,#1714,
#1715,#1716,#1717,#1718),.UNSPECIFIED.,.F.,.F.,(7,5,5,5,7),(0.,0.480343712879,
0.653948829129,0.790320877351,1.),.UNSPECIFIED.);
#323=B_SPLINE_CURVE_WITH_KNOTS('',6,(#1722,#1723,#1724,#1725,#1726,#1727,
#1728,#1729,#1730,#1731,#1732,#1733,#1734,#1735,#1736,#1737,#1738,#1739,
#1740,#1741,#1742,#1743),.UNSPECIFIED.,.F.,.F.,(7,5,5,5,7),(0.,0.480343719657,
0.653948838357,0.790320888503,1.),.UNSPECIFIED.);
#324=B_SPLINE_CURVE_WITH_KNOTS('',6,(#1746,#1747,#1748,#1749,#1750,#1751,
#1752,#1753,#1754,#1755,#1756,#1757,#1758,#1759,#1760,#1761,#1762,#1763,
#1764,#1765,#1766,#1767),.UNSPECIFIED.,.F.,.F.,(7,5,5,5,7),(0.,0.480343719657,
0.653948838357,0.790320888503,1.),.UNSPECIFIED.);
#325=B_SPLINE_CURVE_WITH_KNOTS('',6,(#1773,#1774,#1775,#1776,#1777,#1778,
#1779,#1780,#1781,#1782,#1783,#1784,#1785,#1786,#1787,#1788,#1789,#1790,
#1791,#1792,#1793,#1794),.UNSPECIFIED.,.F.,.F.,(7,5,5,5,7),(0.,0.480343719657,
0.653948838357,0.790320888503,1.),.UNSPECIFIED.);
#326=B_SPLINE_CURVE_WITH_KNOTS('',6,(#1798,#1799,#1800,#1801,#1802,#1803,
#1804,#1805,#1806,#1807,#1808,#1809,#1810,#1811,#1812,#1813,#1814,#1815,
#1816,#1817,#1818,#1819),.UNSPECIFIED.,.F.,.F.,(7,5,5,5,7),(0.,0.480343712879,
0.653948829129,0.790320877351,1.),.UNSPECIFIED.);
#327=B_SPLINE_CURVE_WITH_KNOTS('',6,(#1823,#1824,#1825,#1826,#1827,#1828,
#1829,#1830,#1831,#1832,#1833,#1834,#1835,#1836,#1837,#1838,#1839,#1840,
#1841,#1842,#1843,#1844),.UNSPECIFIED.,.F.,.F.,(7,5,5,5,7),(0.,0.480343712879,
0.653948829129,0.790320877351,1.),.UNSPECIFIED.);
#328=B_SPLINE_CURVE_WITH_KNOTS('',6,(#1847,#1848,#1849,#1850,#1851,#1852,
#1853,#1854,#1855,#1856,#1857,#1858,#1859,#1860,#1861,#1862,#1863,#1864,
#1865,#1866,#1867,#1868),.UNSPECIFIED.,.F.,.F.,(7,5,5,5,7),(0.,0.480343712879,
0.65394882913,0.790320877352,1.),.UNSPECIFIED.);
#329=B_SPLINE_CURVE_WITH_KNOTS('',6,(#1881,#1882,#1883,#1884,#1885,#1886,
#1887,#1888,#1889,#1890,#1891,#1892,#1893,#1894,#1895,#1896,#1897,#1898,
#1899,#1900,#1901,#1902),.UNSPECIFIED.,.F.,.F.,(7,5,5,5,7),(0.,0.480343719657,
0.653948838357,0.790320888503,1.),.UNSPECIFIED.);
#330=B_SPLINE_CURVE_WITH_KNOTS('',6,(#1911,#1912,#1913,#1914,#1915,#1916,
#1917,#1918,#1919,#1920,#1921,#1922,#1923,#1924,#1925,#1926,#1927,#1928,
#1929,#1930,#1931,#1932),.UNSPECIFIED.,.F.,.F.,(7,5,5,5,7),(0.,0.480343712879,
0.653948829129,0.790320877351,1.),.UNSPECIFIED.);
#331=B_SPLINE_CURVE_WITH_KNOTS('',6,(#1939,#1940,#1941,#1942,#1943,#1944,
#1945,#1946,#1947,#1948,#1949,#1950,#1951,#1952,#1953,#1954,#1955,#1956,
#1957,#1958,#1959,#1960),.UNSPECIFIED.,.F.,.F.,(7,5,5,5,7),(0.,0.480343719657,
0.653948838357,0.790320888503,1.),.UNSPECIFIED.);
#332=B_SPLINE_CURVE_WITH_KNOTS('',6,(#1967,#1968,#1969,#1970,#1971,#1972,
#1973,#1974,#1975,#1976,#1977,#1978,#1979,#1980,#1981,#1982,#1983,#1984,
#1985,#1986,#1987,#1988),.UNSPECIFIED.,.F.,.F.,(7,5,5,5,7),(0.,0.480343719657,
0.653948838357,0.790320888503,1.),.UNSPECIFIED.);
#333=B_SPLINE_CURVE_WITH_KNOTS('',6,(#1997,#1998,#1999,#2000,#2001,#2002,
#2003,#2004,#2005,#2006,#2007,#2008,#2009,#2010,#2011,#2012,#2013,#2014,
#2015,#2016,#2017,#2018),.UNSPECIFIED.,.F.,.F.,(7,5,5,5,7),(0.,0.480343719657,
0.653948838357,0.790320888503,1.),.UNSPECIFIED.);
#334=B_SPLINE_CURVE_WITH_KNOTS('',6,(#2027,#2028,#2029,#2030,#2031,#2032,
#2033,#2034,#2035,#2036,#2037,#2038,#2039,#2040,#2041,#2042,#2043,#2044,
#2045,#2046,#2047,#2048),.UNSPECIFIED.,.F.,.F.,(7,5,5,5,7),(0.,0.480343712879,
0.653948829129,0.790320877351,1.),.UNSPECIFIED.);
#335=B_SPLINE_CURVE_WITH_KNOTS('',6,(#2055,#2056,#2057,#2058,#2059,#2060,
#2061,#2062,#2063,#2064,#2065,#2066,#2067,#2068,#2069,#2070,#2071,#2072,
#2073,#2074,#2075,#2076),.UNSPECIFIED.,.F.,.F.,(7,5,5,5,7),(0.,0.480343712879,
0.653948829129,0.790320877351,1.),.UNSPECIFIED.);
#336=B_SPLINE_CURVE_WITH_KNOTS('',6,(#2083,#2084,#2085,#2086,#2087,#2088,
#2089,#2090,#2091,#2092,#2093,#2094,#2095,#2096,#2097,#2098,#2099,#2100,
#2101,#2102,#2103,#2104),.UNSPECIFIED.,.F.,.F.,(7,5,5,5,7),(0.,0.480343712879,
0.65394882913,0.790320877352,1.),.UNSPECIFIED.);
#337=CIRCLE('',#1139,0.45);
#338=CIRCLE('',#1140,0.449999999999999);
#339=CIRCLE('',#1141,0.45);
#340=CIRCLE('',#1142,0.45);
#341=CIRCLE('',#1143,0.45);
#342=CIRCLE('',#1145,0.45);
#343=CIRCLE('',#1147,0.45);
#344=CIRCLE('',#1148,0.45);
#345=CIRCLE('',#1150,0.45);
#346=CIRCLE('',#1151,0.45);
#347=CIRCLE('',#1152,0.45000000000001);
#348=CIRCLE('',#1154,13.01);
#349=CIRCLE('',#1155,13.01);
#350=CIRCLE('',#1157,13.01);
#351=CIRCLE('',#1158,13.01);
#352=CIRCLE('',#1160,0.45);
#353=CIRCLE('',#1164,13.01);
#354=CIRCLE('',#1169,13.01);
#355=CIRCLE('',#1174,13.01);
#356=CIRCLE('',#1179,13.01);
#357=CIRCLE('',#1182,12.9296298985873);
#358=CIRCLE('',#1183,0.485412195974);
#359=CIRCLE('',#1184,12.929629897376);
#360=CIRCLE('',#1185,0.485412195974);
#361=CIRCLE('',#1186,0.300000000001529);
#362=CIRCLE('',#1187,0.300000000001137);
#363=CIRCLE('',#1188,13.01);
#364=CIRCLE('',#1190,13.01);
#365=CIRCLE('',#1192,12.8);
#366=CIRCLE('',#1193,0.21);
#367=CIRCLE('',#1194,0.21);
#368=CIRCLE('',#1196,9.09);
#369=CIRCLE('',#1198,9.09);
#370=CIRCLE('',#1200,9.1);
#371=CIRCLE('',#1202,9.1);
#372=CIRCLE('',#1204,12.8);
#373=CIRCLE('',#1206,0.2);
#374=CIRCLE('',#1207,13.);
#375=CIRCLE('',#1208,0.2);
#376=CIRCLE('',#1210,13.);
#377=CIRCLE('',#1211,0.300000000000655);
#378=CIRCLE('',#1212,12.9196298973754);
#379=CIRCLE('',#1213,0.299999999989022);
#380=CIRCLE('',#1215,12.9196298965027);
#381=CIRCLE('',#1216,0.485412195974);
#382=CIRCLE('',#1217,0.485412195974);
#383=CIRCLE('',#1219,0.300000005276692);
#384=CIRCLE('',#1220,0.300000005276692);
#385=CIRCLE('',#1221,13.);
#386=CIRCLE('',#1223,13.);
#387=CIRCLE('',#1225,0.2);
#388=CIRCLE('',#1226,12.8);
#389=CIRCLE('',#1227,0.2);
#390=CIRCLE('',#1229,0.21);
#391=CIRCLE('',#1230,13.01);
#392=CIRCLE('',#1231,0.21);
#393=CIRCLE('',#1232,12.8);
#394=CIRCLE('',#1234,13.01);
#395=CIRCLE('',#1236,0.299999992685904);
#396=CIRCLE('',#1237,0.299999992685904);
#397=CIRCLE('',#1239,9.1);
#398=CIRCLE('',#1242,9.1);
#399=CIRCLE('',#1245,9.1);
#400=CIRCLE('',#1247,9.1);
#401=CIRCLE('',#1249,0.45);
#402=CIRCLE('',#1251,0.45);
#403=CIRCLE('',#1252,0.45);
#404=CIRCLE('',#1256,0.45);
#405=CIRCLE('',#1257,0.45);
#406=CIRCLE('',#1258,9.1);
#407=CIRCLE('',#1259,9.1);
#408=CIRCLE('',#1262,0.45);
#409=CIRCLE('',#1263,0.45);
#410=CIRCLE('',#1266,9.1);
#411=CIRCLE('',#1267,9.1);
#412=VERTEX_POINT('',#1601);
#413=VERTEX_POINT('',#1602);
#414=VERTEX_POINT('',#1604);
#415=VERTEX_POINT('',#1617);
#416=VERTEX_POINT('',#1619);
#417=VERTEX_POINT('',#1622);
#418=VERTEX_POINT('',#1635);
#419=VERTEX_POINT('',#1642);
#420=VERTEX_POINT('',#1653);
#421=VERTEX_POINT('',#1656);
#422=VERTEX_POINT('',#1658);
#423=VERTEX_POINT('',#1662);
#424=VERTEX_POINT('',#1663);
#425=VERTEX_POINT('',#1668);
#426=VERTEX_POINT('',#1669);
#427=VERTEX_POINT('',#1671);
#428=VERTEX_POINT('',#1694);
#429=VERTEX_POINT('',#1696);
#430=VERTEX_POINT('',#1719);
#431=VERTEX_POINT('',#1721);
#432=VERTEX_POINT('',#1744);
#433=VERTEX_POINT('',#1769);
#434=VERTEX_POINT('',#1770);
#435=VERTEX_POINT('',#1772);
#436=VERTEX_POINT('',#1795);
#437=VERTEX_POINT('',#1797);
#438=VERTEX_POINT('',#1820);
#439=VERTEX_POINT('',#1822);
#440=VERTEX_POINT('',#1845);
#441=VERTEX_POINT('',#1870);
#442=VERTEX_POINT('',#1874);
#443=VERTEX_POINT('',#1875);
#444=VERTEX_POINT('',#1880);
#445=VERTEX_POINT('',#1905);
#446=VERTEX_POINT('',#1909);
#447=VERTEX_POINT('',#1934);
#448=VERTEX_POINT('',#1938);
#449=VERTEX_POINT('',#1963);
#450=VERTEX_POINT('',#1990);
#451=VERTEX_POINT('',#1991);
#452=VERTEX_POINT('',#1996);
#453=VERTEX_POINT('',#2021);
#454=VERTEX_POINT('',#2025);
#455=VERTEX_POINT('',#2050);
#456=VERTEX_POINT('',#2054);
#457=VERTEX_POINT('',#2079);
#458=VERTEX_POINT('',#2106);
#459=VERTEX_POINT('',#2107);
#460=VERTEX_POINT('',#2109);
#461=VERTEX_POINT('',#2111);
#462=VERTEX_POINT('',#2156);
#463=VERTEX_POINT('',#2158);
#464=VERTEX_POINT('',#2162);
#465=VERTEX_POINT('',#2164);
#466=VERTEX_POINT('',#2168);
#467=VERTEX_POINT('',#2169);
#468=VERTEX_POINT('',#2174);
#469=VERTEX_POINT('',#2175);
#470=VERTEX_POINT('',#2180);
#471=VERTEX_POINT('',#2182);
#472=VERTEX_POINT('',#2186);
#473=VERTEX_POINT('',#2187);
#474=VERTEX_POINT('',#2192);
#475=VERTEX_POINT('',#2194);
#476=VERTEX_POINT('',#2198);
#477=VERTEX_POINT('',#2200);
#478=VERTEX_POINT('',#2204);
#479=VERTEX_POINT('',#2206);
#480=VERTEX_POINT('',#2210);
#481=VERTEX_POINT('',#2212);
#482=VERTEX_POINT('',#2460);
#483=VERTEX_POINT('',#2462);
#484=VERTEX_POINT('',#2466);
#485=VERTEX_POINT('',#2467);
#486=VERTEX_POINT('',#2472);
#487=VERTEX_POINT('',#2474);
#488=VERTEX_POINT('',#2478);
#489=VERTEX_POINT('',#2480);
#490=VERTEX_POINT('',#2484);
#491=VERTEX_POINT('',#2486);
#492=VERTEX_POINT('',#2490);
#493=VERTEX_POINT('',#2491);
#494=VERTEX_POINT('',#2493);
#495=VERTEX_POINT('',#2495);
#496=VERTEX_POINT('',#2499);
#497=VERTEX_POINT('',#2500);
#498=VERTEX_POINT('',#2508);
#499=VERTEX_POINT('',#2510);
#500=VERTEX_POINT('',#2514);
#501=VERTEX_POINT('',#2518);
#502=VERTEX_POINT('',#2524);
#503=VERTEX_POINT('',#2526);
#504=VERTEX_POINT('',#2532);
#505=VERTEX_POINT('',#2541);
#506=VERTEX_POINT('',#2542);
#507=VERTEX_POINT('',#2544);
#508=VERTEX_POINT('',#2546);
#509=VERTEX_POINT('',#2548);
#510=VERTEX_POINT('',#2550);
#511=VERTEX_POINT('',#2554);
#512=VERTEX_POINT('',#2556);
#513=VERTEX_POINT('',#2560);
#514=VERTEX_POINT('',#2563);
#515=VERTEX_POINT('',#2567);
#516=VERTEX_POINT('',#2571);
#517=EDGE_CURVE('',#412,#413,#337,.T.);
#518=EDGE_CURVE('',#414,#412,#317,.T.);
#519=EDGE_CURVE('',#414,#415,#338,.T.);
#520=EDGE_CURVE('',#415,#416,#339,.T.);
#521=EDGE_CURVE('',#416,#415,#340,.T.);
#522=EDGE_CURVE('',#417,#414,#318,.T.);
#523=EDGE_CURVE('',#418,#417,#319,.T.);
#524=EDGE_CURVE('',#419,#418,#341,.T.);
#525=EDGE_CURVE('',#412,#419,#320,.T.);
#526=EDGE_CURVE('',#420,#420,#342,.T.);
#527=EDGE_CURVE('',#420,#421,#21,.T.);
#528=EDGE_CURVE('',#422,#421,#343,.T.);
#529=EDGE_CURVE('',#421,#422,#344,.T.);
#530=EDGE_CURVE('',#423,#424,#345,.T.);
#531=EDGE_CURVE('',#424,#423,#346,.T.);
#532=EDGE_CURVE('',#424,#422,#347,.T.);
#533=EDGE_CURVE('',#425,#426,#22,.T.);
#534=EDGE_CURVE('',#426,#427,#321,.T.);
#535=EDGE_CURVE('',#428,#427,#348,.T.);
#536=EDGE_CURVE('',#429,#428,#322,.T.);
#537=EDGE_CURVE('',#430,#429,#23,.T.);
#538=EDGE_CURVE('',#430,#431,#323,.T.);
#539=EDGE_CURVE('',#431,#432,#349,.T.);
#540=EDGE_CURVE('',#425,#432,#324,.T.);
#541=EDGE_CURVE('',#433,#434,#24,.T.);
#542=EDGE_CURVE('',#434,#435,#325,.T.);
#543=EDGE_CURVE('',#436,#435,#350,.T.);
#544=EDGE_CURVE('',#437,#436,#326,.T.);
#545=EDGE_CURVE('',#438,#437,#25,.T.);
#546=EDGE_CURVE('',#438,#439,#327,.T.);
#547=EDGE_CURVE('',#439,#440,#351,.T.);
#548=EDGE_CURVE('',#433,#440,#328,.T.);
#549=EDGE_CURVE('',#423,#441,#26,.T.);
#550=EDGE_CURVE('',#441,#441,#352,.T.);
#551=EDGE_CURVE('',#442,#443,#27,.T.);
#552=EDGE_CURVE('',#426,#443,#28,.T.);
#553=EDGE_CURVE('',#425,#442,#29,.T.);
#554=EDGE_CURVE('',#443,#444,#329,.T.);
#555=EDGE_CURVE('',#427,#444,#30,.T.);
#556=EDGE_CURVE('',#445,#444,#353,.T.);
#557=EDGE_CURVE('',#428,#445,#31,.T.);
#558=EDGE_CURVE('',#429,#446,#32,.T.);
#559=EDGE_CURVE('',#446,#445,#330,.T.);
#560=EDGE_CURVE('',#447,#446,#33,.T.);
#561=EDGE_CURVE('',#430,#447,#34,.T.);
#562=EDGE_CURVE('',#447,#448,#331,.T.);
#563=EDGE_CURVE('',#431,#448,#35,.T.);
#564=EDGE_CURVE('',#448,#449,#354,.T.);
#565=EDGE_CURVE('',#432,#449,#36,.T.);
#566=EDGE_CURVE('',#442,#449,#332,.T.);
#567=EDGE_CURVE('',#450,#451,#37,.T.);
#568=EDGE_CURVE('',#434,#451,#38,.T.);
#569=EDGE_CURVE('',#433,#450,#39,.T.);
#570=EDGE_CURVE('',#451,#452,#333,.T.);
#571=EDGE_CURVE('',#435,#452,#40,.T.);
#572=EDGE_CURVE('',#453,#452,#355,.T.);
#573=EDGE_CURVE('',#436,#453,#41,.T.);
#574=EDGE_CURVE('',#437,#454,#42,.T.);
#575=EDGE_CURVE('',#454,#453,#334,.T.);
#576=EDGE_CURVE('',#455,#454,#43,.T.);
#577=EDGE_CURVE('',#438,#455,#44,.T.);
#578=EDGE_CURVE('',#455,#456,#335,.T.);
#579=EDGE_CURVE('',#439,#456,#45,.T.);
#580=EDGE_CURVE('',#456,#457,#356,.T.);
#581=EDGE_CURVE('',#440,#457,#46,.T.);
#582=EDGE_CURVE('',#450,#457,#336,.T.);
#583=EDGE_CURVE('',#458,#459,#357,.T.);
#584=EDGE_CURVE('',#460,#458,#358,.T.);
#585=EDGE_CURVE('',#461,#460,#359,.T.);
#586=EDGE_CURVE('',#461,#459,#360,.T.);
#587=EDGE_CURVE('',#462,#461,#361,.T.);
#588=EDGE_CURVE('',#463,#460,#362,.T.);
#589=EDGE_CURVE('',#462,#463,#363,.T.);
#590=EDGE_CURVE('',#464,#462,#47,.T.);
#591=EDGE_CURVE('',#465,#463,#48,.T.);
#592=EDGE_CURVE('',#464,#465,#364,.T.);
#593=EDGE_CURVE('',#466,#467,#365,.T.);
#594=EDGE_CURVE('',#466,#464,#366,.T.);
#595=EDGE_CURVE('',#467,#465,#367,.T.);
#596=EDGE_CURVE('',#468,#469,#368,.T.);
#597=EDGE_CURVE('',#468,#466,#49,.T.);
#598=EDGE_CURVE('',#469,#467,#50,.T.);
#599=EDGE_CURVE('',#470,#468,#51,.T.);
#600=EDGE_CURVE('',#471,#469,#52,.T.);
#601=EDGE_CURVE('',#470,#471,#369,.T.);
#602=EDGE_CURVE('',#472,#473,#370,.T.);
#603=EDGE_CURVE('',#472,#470,#53,.T.);
#604=EDGE_CURVE('',#473,#471,#54,.T.);
#605=EDGE_CURVE('',#473,#474,#55,.T.);
#606=EDGE_CURVE('',#474,#475,#371,.T.);
#607=EDGE_CURVE('',#472,#475,#56,.T.);
#608=EDGE_CURVE('',#474,#476,#57,.T.);
#609=EDGE_CURVE('',#476,#477,#372,.T.);
#610=EDGE_CURVE('',#475,#477,#58,.T.);
#611=EDGE_CURVE('',#476,#478,#373,.T.);
#612=EDGE_CURVE('',#478,#479,#374,.T.);
#613=EDGE_CURVE('',#477,#479,#375,.T.);
#614=EDGE_CURVE('',#478,#480,#59,.T.);
#615=EDGE_CURVE('',#480,#481,#376,.T.);
#616=EDGE_CURVE('',#479,#481,#60,.T.);
#617=EDGE_CURVE('',#480,#482,#377,.T.);
#618=EDGE_CURVE('',#482,#483,#378,.T.);
#619=EDGE_CURVE('',#481,#483,#379,.T.);
#620=EDGE_CURVE('',#484,#485,#380,.T.);
#621=EDGE_CURVE('',#483,#484,#381,.T.);
#622=EDGE_CURVE('',#482,#485,#382,.T.);
#623=EDGE_CURVE('',#486,#484,#383,.F.);
#624=EDGE_CURVE('',#485,#487,#384,.F.);
#625=EDGE_CURVE('',#487,#486,#385,.T.);
#626=EDGE_CURVE('',#487,#488,#61,.T.);
#627=EDGE_CURVE('',#489,#488,#386,.T.);
#628=EDGE_CURVE('',#486,#489,#62,.T.);
#629=EDGE_CURVE('',#488,#490,#387,.F.);
#630=EDGE_CURVE('',#490,#491,#388,.T.);
#631=EDGE_CURVE('',#491,#489,#389,.F.);
#632=EDGE_CURVE('',#492,#493,#390,.T.);
#633=EDGE_CURVE('',#493,#494,#391,.T.);
#634=EDGE_CURVE('',#494,#495,#392,.T.);
#635=EDGE_CURVE('',#495,#492,#393,.T.);
#636=EDGE_CURVE('',#496,#497,#394,.T.);
#637=EDGE_CURVE('',#496,#494,#63,.T.);
#638=EDGE_CURVE('',#497,#493,#64,.T.);
#639=EDGE_CURVE('',#459,#496,#395,.T.);
#640=EDGE_CURVE('',#497,#458,#396,.T.);
#641=EDGE_CURVE('',#490,#498,#65,.T.);
#642=EDGE_CURVE('',#498,#499,#397,.T.);
#643=EDGE_CURVE('',#491,#499,#66,.T.);
#644=EDGE_CURVE('',#500,#499,#67,.T.);
#645=EDGE_CURVE('',#495,#500,#68,.T.);
#646=EDGE_CURVE('',#500,#501,#398,.T.);
#647=EDGE_CURVE('',#492,#501,#69,.T.);
#648=EDGE_CURVE('',#501,#498,#70,.T.);
#649=EDGE_CURVE('',#499,#502,#71,.T.);
#650=EDGE_CURVE('',#498,#503,#72,.T.);
#651=EDGE_CURVE('',#502,#503,#399,.T.);
#652=EDGE_CURVE('',#503,#502,#400,.T.);
#653=EDGE_CURVE('',#504,#504,#401,.T.);
#654=EDGE_CURVE('',#412,#413,#402,.T.);
#655=EDGE_CURVE('',#413,#417,#403,.T.);
#656=EDGE_CURVE('',#504,#416,#73,.T.);
#657=EDGE_CURVE('',#505,#506,#74,.T.);
#658=EDGE_CURVE('',#506,#507,#404,.T.);
#659=EDGE_CURVE('',#507,#508,#405,.T.);
#660=EDGE_CURVE('',#509,#508,#75,.T.);
#661=EDGE_CURVE('',#510,#509,#406,.T.);
#662=EDGE_CURVE('',#505,#510,#407,.T.);
#663=EDGE_CURVE('',#511,#506,#76,.T.);
#664=EDGE_CURVE('',#512,#505,#77,.T.);
#665=EDGE_CURVE('',#512,#511,#78,.T.);
#666=EDGE_CURVE('',#513,#511,#408,.T.);
#667=EDGE_CURVE('',#513,#508,#79,.T.);
#668=EDGE_CURVE('',#507,#514,#80,.T.);
#669=EDGE_CURVE('',#514,#514,#409,.T.);
#670=EDGE_CURVE('',#515,#513,#81,.T.);
#671=EDGE_CURVE('',#515,#509,#82,.T.);
#672=EDGE_CURVE('',#516,#516,#410,.T.);
#673=EDGE_CURVE('',#516,#510,#83,.T.);
#674=EDGE_CURVE('',#515,#512,#411,.T.);
#675=ORIENTED_EDGE('',*,*,#517,.T.);
#676=ORIENTED_EDGE('',*,*,#517,.F.);
#677=ORIENTED_EDGE('',*,*,#518,.F.);
#678=ORIENTED_EDGE('',*,*,#519,.T.);
#679=ORIENTED_EDGE('',*,*,#520,.T.);
#680=ORIENTED_EDGE('',*,*,#521,.T.);
#681=ORIENTED_EDGE('',*,*,#519,.F.);
#682=ORIENTED_EDGE('',*,*,#522,.F.);
#683=ORIENTED_EDGE('',*,*,#523,.F.);
#684=ORIENTED_EDGE('',*,*,#524,.F.);
#685=ORIENTED_EDGE('',*,*,#525,.F.);
#686=ORIENTED_EDGE('',*,*,#526,.F.);
#687=ORIENTED_EDGE('',*,*,#526,.T.);
#688=ORIENTED_EDGE('',*,*,#527,.T.);
#689=ORIENTED_EDGE('',*,*,#528,.F.);
#690=ORIENTED_EDGE('',*,*,#529,.F.);
#691=ORIENTED_EDGE('',*,*,#527,.F.);
#692=ORIENTED_EDGE('',*,*,#530,.F.);
#693=ORIENTED_EDGE('',*,*,#531,.F.);
#694=ORIENTED_EDGE('',*,*,#532,.T.);
#695=ORIENTED_EDGE('',*,*,#528,.T.);
#696=ORIENTED_EDGE('',*,*,#529,.T.);
#697=ORIENTED_EDGE('',*,*,#532,.F.);
#698=ORIENTED_EDGE('',*,*,#533,.T.);
#699=ORIENTED_EDGE('',*,*,#534,.T.);
#700=ORIENTED_EDGE('',*,*,#535,.F.);
#701=ORIENTED_EDGE('',*,*,#536,.F.);
#702=ORIENTED_EDGE('',*,*,#537,.F.);
#703=ORIENTED_EDGE('',*,*,#538,.T.);
#704=ORIENTED_EDGE('',*,*,#539,.T.);
#705=ORIENTED_EDGE('',*,*,#540,.F.);
#706=ORIENTED_EDGE('',*,*,#541,.T.);
#707=ORIENTED_EDGE('',*,*,#542,.T.);
#708=ORIENTED_EDGE('',*,*,#543,.F.);
#709=ORIENTED_EDGE('',*,*,#544,.F.);
#710=ORIENTED_EDGE('',*,*,#545,.F.);
#711=ORIENTED_EDGE('',*,*,#546,.T.);
#712=ORIENTED_EDGE('',*,*,#547,.T.);
#713=ORIENTED_EDGE('',*,*,#548,.F.);
#714=ORIENTED_EDGE('',*,*,#530,.T.);
#715=ORIENTED_EDGE('',*,*,#531,.T.);
#716=ORIENTED_EDGE('',*,*,#549,.T.);
#717=ORIENTED_EDGE('',*,*,#550,.T.);
#718=ORIENTED_EDGE('',*,*,#549,.F.);
#719=ORIENTED_EDGE('',*,*,#551,.T.);
#720=ORIENTED_EDGE('',*,*,#552,.F.);
#721=ORIENTED_EDGE('',*,*,#533,.F.);
#722=ORIENTED_EDGE('',*,*,#553,.T.);
#723=ORIENTED_EDGE('',*,*,#552,.T.);
#724=ORIENTED_EDGE('',*,*,#554,.T.);
#725=ORIENTED_EDGE('',*,*,#555,.F.);
#726=ORIENTED_EDGE('',*,*,#534,.F.);
#727=ORIENTED_EDGE('',*,*,#535,.T.);
#728=ORIENTED_EDGE('',*,*,#555,.T.);
#729=ORIENTED_EDGE('',*,*,#556,.F.);
#730=ORIENTED_EDGE('',*,*,#557,.F.);
#731=ORIENTED_EDGE('',*,*,#558,.F.);
#732=ORIENTED_EDGE('',*,*,#536,.T.);
#733=ORIENTED_EDGE('',*,*,#557,.T.);
#734=ORIENTED_EDGE('',*,*,#559,.F.);
#735=ORIENTED_EDGE('',*,*,#560,.F.);
#736=ORIENTED_EDGE('',*,*,#561,.F.);
#737=ORIENTED_EDGE('',*,*,#537,.T.);
#738=ORIENTED_EDGE('',*,*,#558,.T.);
#739=ORIENTED_EDGE('',*,*,#561,.T.);
#740=ORIENTED_EDGE('',*,*,#562,.T.);
#741=ORIENTED_EDGE('',*,*,#563,.F.);
#742=ORIENTED_EDGE('',*,*,#538,.F.);
#743=ORIENTED_EDGE('',*,*,#539,.F.);
#744=ORIENTED_EDGE('',*,*,#563,.T.);
#745=ORIENTED_EDGE('',*,*,#564,.T.);
#746=ORIENTED_EDGE('',*,*,#565,.F.);
#747=ORIENTED_EDGE('',*,*,#553,.F.);
#748=ORIENTED_EDGE('',*,*,#540,.T.);
#749=ORIENTED_EDGE('',*,*,#565,.T.);
#750=ORIENTED_EDGE('',*,*,#566,.F.);
#751=ORIENTED_EDGE('',*,*,#567,.T.);
#752=ORIENTED_EDGE('',*,*,#568,.F.);
#753=ORIENTED_EDGE('',*,*,#541,.F.);
#754=ORIENTED_EDGE('',*,*,#569,.T.);
#755=ORIENTED_EDGE('',*,*,#568,.T.);
#756=ORIENTED_EDGE('',*,*,#570,.T.);
#757=ORIENTED_EDGE('',*,*,#571,.F.);
#758=ORIENTED_EDGE('',*,*,#542,.F.);
#759=ORIENTED_EDGE('',*,*,#543,.T.);
#760=ORIENTED_EDGE('',*,*,#571,.T.);
#761=ORIENTED_EDGE('',*,*,#572,.F.);
#762=ORIENTED_EDGE('',*,*,#573,.F.);
#763=ORIENTED_EDGE('',*,*,#574,.F.);
#764=ORIENTED_EDGE('',*,*,#544,.T.);
#765=ORIENTED_EDGE('',*,*,#573,.T.);
#766=ORIENTED_EDGE('',*,*,#575,.F.);
#767=ORIENTED_EDGE('',*,*,#576,.F.);
#768=ORIENTED_EDGE('',*,*,#577,.F.);
#769=ORIENTED_EDGE('',*,*,#545,.T.);
#770=ORIENTED_EDGE('',*,*,#574,.T.);
#771=ORIENTED_EDGE('',*,*,#577,.T.);
#772=ORIENTED_EDGE('',*,*,#578,.T.);
#773=ORIENTED_EDGE('',*,*,#579,.F.);
#774=ORIENTED_EDGE('',*,*,#546,.F.);
#775=ORIENTED_EDGE('',*,*,#547,.F.);
#776=ORIENTED_EDGE('',*,*,#579,.T.);
#777=ORIENTED_EDGE('',*,*,#580,.T.);
#778=ORIENTED_EDGE('',*,*,#581,.F.);
#779=ORIENTED_EDGE('',*,*,#569,.F.);
#780=ORIENTED_EDGE('',*,*,#548,.T.);
#781=ORIENTED_EDGE('',*,*,#581,.T.);
#782=ORIENTED_EDGE('',*,*,#582,.F.);
#783=ORIENTED_EDGE('',*,*,#583,.F.);
#784=ORIENTED_EDGE('',*,*,#584,.F.);
#785=ORIENTED_EDGE('',*,*,#585,.F.);
#786=ORIENTED_EDGE('',*,*,#586,.T.);
#787=ORIENTED_EDGE('',*,*,#587,.T.);
#788=ORIENTED_EDGE('',*,*,#585,.T.);
#789=ORIENTED_EDGE('',*,*,#588,.F.);
#790=ORIENTED_EDGE('',*,*,#589,.F.);
#791=ORIENTED_EDGE('',*,*,#590,.T.);
#792=ORIENTED_EDGE('',*,*,#589,.T.);
#793=ORIENTED_EDGE('',*,*,#591,.F.);
#794=ORIENTED_EDGE('',*,*,#592,.F.);
#795=ORIENTED_EDGE('',*,*,#593,.F.);
#796=ORIENTED_EDGE('',*,*,#594,.T.);
#797=ORIENTED_EDGE('',*,*,#592,.T.);
#798=ORIENTED_EDGE('',*,*,#595,.F.);
#799=ORIENTED_EDGE('',*,*,#596,.F.);
#800=ORIENTED_EDGE('',*,*,#597,.T.);
#801=ORIENTED_EDGE('',*,*,#593,.T.);
#802=ORIENTED_EDGE('',*,*,#598,.F.);
#803=ORIENTED_EDGE('',*,*,#599,.T.);
#804=ORIENTED_EDGE('',*,*,#596,.T.);
#805=ORIENTED_EDGE('',*,*,#600,.F.);
#806=ORIENTED_EDGE('',*,*,#601,.F.);
#807=ORIENTED_EDGE('',*,*,#602,.F.);
#808=ORIENTED_EDGE('',*,*,#603,.T.);
#809=ORIENTED_EDGE('',*,*,#601,.T.);
#810=ORIENTED_EDGE('',*,*,#604,.F.);
#811=ORIENTED_EDGE('',*,*,#550,.F.);
#812=ORIENTED_EDGE('',*,*,#605,.T.);
#813=ORIENTED_EDGE('',*,*,#606,.T.);
#814=ORIENTED_EDGE('',*,*,#607,.F.);
#815=ORIENTED_EDGE('',*,*,#602,.T.);
#816=ORIENTED_EDGE('',*,*,#606,.F.);
#817=ORIENTED_EDGE('',*,*,#608,.T.);
#818=ORIENTED_EDGE('',*,*,#609,.T.);
#819=ORIENTED_EDGE('',*,*,#610,.F.);
#820=ORIENTED_EDGE('',*,*,#609,.F.);
#821=ORIENTED_EDGE('',*,*,#611,.T.);
#822=ORIENTED_EDGE('',*,*,#612,.T.);
#823=ORIENTED_EDGE('',*,*,#613,.F.);
#824=ORIENTED_EDGE('',*,*,#614,.T.);
#825=ORIENTED_EDGE('',*,*,#615,.T.);
#826=ORIENTED_EDGE('',*,*,#616,.F.);
#827=ORIENTED_EDGE('',*,*,#612,.F.);
#828=ORIENTED_EDGE('',*,*,#617,.T.);
#829=ORIENTED_EDGE('',*,*,#618,.T.);
#830=ORIENTED_EDGE('',*,*,#619,.F.);
#831=ORIENTED_EDGE('',*,*,#615,.F.);
#832=ORIENTED_EDGE('',*,*,#620,.F.);
#833=ORIENTED_EDGE('',*,*,#621,.F.);
#834=ORIENTED_EDGE('',*,*,#618,.F.);
#835=ORIENTED_EDGE('',*,*,#622,.T.);
#836=ORIENTED_EDGE('',*,*,#623,.T.);
#837=ORIENTED_EDGE('',*,*,#620,.T.);
#838=ORIENTED_EDGE('',*,*,#624,.T.);
#839=ORIENTED_EDGE('',*,*,#625,.T.);
#840=ORIENTED_EDGE('',*,*,#625,.F.);
#841=ORIENTED_EDGE('',*,*,#626,.T.);
#842=ORIENTED_EDGE('',*,*,#627,.F.);
#843=ORIENTED_EDGE('',*,*,#628,.F.);
#844=ORIENTED_EDGE('',*,*,#629,.T.);
#845=ORIENTED_EDGE('',*,*,#630,.T.);
#846=ORIENTED_EDGE('',*,*,#631,.T.);
#847=ORIENTED_EDGE('',*,*,#627,.T.);
#848=ORIENTED_EDGE('',*,*,#632,.T.);
#849=ORIENTED_EDGE('',*,*,#633,.T.);
#850=ORIENTED_EDGE('',*,*,#634,.T.);
#851=ORIENTED_EDGE('',*,*,#635,.T.);
#852=ORIENTED_EDGE('',*,*,#636,.F.);
#853=ORIENTED_EDGE('',*,*,#637,.T.);
#854=ORIENTED_EDGE('',*,*,#633,.F.);
#855=ORIENTED_EDGE('',*,*,#638,.F.);
#856=ORIENTED_EDGE('',*,*,#582,.T.);
#857=ORIENTED_EDGE('',*,*,#580,.F.);
#858=ORIENTED_EDGE('',*,*,#578,.F.);
#859=ORIENTED_EDGE('',*,*,#576,.T.);
#860=ORIENTED_EDGE('',*,*,#575,.T.);
#861=ORIENTED_EDGE('',*,*,#572,.T.);
#862=ORIENTED_EDGE('',*,*,#570,.F.);
#863=ORIENTED_EDGE('',*,*,#567,.F.);
#864=ORIENTED_EDGE('',*,*,#566,.T.);
#865=ORIENTED_EDGE('',*,*,#564,.F.);
#866=ORIENTED_EDGE('',*,*,#562,.F.);
#867=ORIENTED_EDGE('',*,*,#560,.T.);
#868=ORIENTED_EDGE('',*,*,#559,.T.);
#869=ORIENTED_EDGE('',*,*,#556,.T.);
#870=ORIENTED_EDGE('',*,*,#554,.F.);
#871=ORIENTED_EDGE('',*,*,#551,.F.);
#872=ORIENTED_EDGE('',*,*,#639,.T.);
#873=ORIENTED_EDGE('',*,*,#636,.T.);
#874=ORIENTED_EDGE('',*,*,#640,.T.);
#875=ORIENTED_EDGE('',*,*,#583,.T.);
#876=ORIENTED_EDGE('',*,*,#630,.F.);
#877=ORIENTED_EDGE('',*,*,#641,.T.);
#878=ORIENTED_EDGE('',*,*,#642,.T.);
#879=ORIENTED_EDGE('',*,*,#643,.F.);
#880=ORIENTED_EDGE('',*,*,#639,.F.);
#881=ORIENTED_EDGE('',*,*,#586,.F.);
#882=ORIENTED_EDGE('',*,*,#587,.F.);
#883=ORIENTED_EDGE('',*,*,#590,.F.);
#884=ORIENTED_EDGE('',*,*,#594,.F.);
#885=ORIENTED_EDGE('',*,*,#597,.F.);
#886=ORIENTED_EDGE('',*,*,#599,.F.);
#887=ORIENTED_EDGE('',*,*,#603,.F.);
#888=ORIENTED_EDGE('',*,*,#607,.T.);
#889=ORIENTED_EDGE('',*,*,#610,.T.);
#890=ORIENTED_EDGE('',*,*,#613,.T.);
#891=ORIENTED_EDGE('',*,*,#616,.T.);
#892=ORIENTED_EDGE('',*,*,#619,.T.);
#893=ORIENTED_EDGE('',*,*,#621,.T.);
#894=ORIENTED_EDGE('',*,*,#623,.F.);
#895=ORIENTED_EDGE('',*,*,#628,.T.);
#896=ORIENTED_EDGE('',*,*,#631,.F.);
#897=ORIENTED_EDGE('',*,*,#643,.T.);
#898=ORIENTED_EDGE('',*,*,#644,.F.);
#899=ORIENTED_EDGE('',*,*,#645,.F.);
#900=ORIENTED_EDGE('',*,*,#634,.F.);
#901=ORIENTED_EDGE('',*,*,#637,.F.);
#902=ORIENTED_EDGE('',*,*,#635,.F.);
#903=ORIENTED_EDGE('',*,*,#645,.T.);
#904=ORIENTED_EDGE('',*,*,#646,.T.);
#905=ORIENTED_EDGE('',*,*,#647,.F.);
#906=ORIENTED_EDGE('',*,*,#640,.F.);
#907=ORIENTED_EDGE('',*,*,#638,.T.);
#908=ORIENTED_EDGE('',*,*,#632,.F.);
#909=ORIENTED_EDGE('',*,*,#647,.T.);
#910=ORIENTED_EDGE('',*,*,#648,.T.);
#911=ORIENTED_EDGE('',*,*,#641,.F.);
#912=ORIENTED_EDGE('',*,*,#629,.F.);
#913=ORIENTED_EDGE('',*,*,#626,.F.);
#914=ORIENTED_EDGE('',*,*,#624,.F.);
#915=ORIENTED_EDGE('',*,*,#622,.F.);
#916=ORIENTED_EDGE('',*,*,#617,.F.);
#917=ORIENTED_EDGE('',*,*,#614,.F.);
#918=ORIENTED_EDGE('',*,*,#611,.F.);
#919=ORIENTED_EDGE('',*,*,#608,.F.);
#920=ORIENTED_EDGE('',*,*,#605,.F.);
#921=ORIENTED_EDGE('',*,*,#604,.T.);
#922=ORIENTED_EDGE('',*,*,#600,.T.);
#923=ORIENTED_EDGE('',*,*,#598,.T.);
#924=ORIENTED_EDGE('',*,*,#595,.T.);
#925=ORIENTED_EDGE('',*,*,#591,.T.);
#926=ORIENTED_EDGE('',*,*,#588,.T.);
#927=ORIENTED_EDGE('',*,*,#584,.T.);
#928=ORIENTED_EDGE('',*,*,#649,.F.);
#929=ORIENTED_EDGE('',*,*,#642,.F.);
#930=ORIENTED_EDGE('',*,*,#650,.T.);
#931=ORIENTED_EDGE('',*,*,#651,.F.);
#932=ORIENTED_EDGE('',*,*,#649,.T.);
#933=ORIENTED_EDGE('',*,*,#652,.F.);
#934=ORIENTED_EDGE('',*,*,#650,.F.);
#935=ORIENTED_EDGE('',*,*,#648,.F.);
#936=ORIENTED_EDGE('',*,*,#646,.F.);
#937=ORIENTED_EDGE('',*,*,#644,.T.);
#938=ORIENTED_EDGE('',*,*,#653,.F.);
#939=ORIENTED_EDGE('',*,*,#652,.T.);
#940=ORIENTED_EDGE('',*,*,#651,.T.);
#941=ORIENTED_EDGE('',*,*,#522,.T.);
#942=ORIENTED_EDGE('',*,*,#518,.T.);
#943=ORIENTED_EDGE('',*,*,#654,.T.);
#944=ORIENTED_EDGE('',*,*,#655,.T.);
#945=ORIENTED_EDGE('',*,*,#523,.T.);
#946=ORIENTED_EDGE('',*,*,#655,.F.);
#947=ORIENTED_EDGE('',*,*,#654,.F.);
#948=ORIENTED_EDGE('',*,*,#525,.T.);
#949=ORIENTED_EDGE('',*,*,#524,.T.);
#950=ORIENTED_EDGE('',*,*,#653,.T.);
#951=ORIENTED_EDGE('',*,*,#656,.T.);
#952=ORIENTED_EDGE('',*,*,#520,.F.);
#953=ORIENTED_EDGE('',*,*,#521,.F.);
#954=ORIENTED_EDGE('',*,*,#656,.F.);
#955=ORIENTED_EDGE('',*,*,#657,.T.);
#956=ORIENTED_EDGE('',*,*,#658,.T.);
#957=ORIENTED_EDGE('',*,*,#659,.T.);
#958=ORIENTED_EDGE('',*,*,#660,.F.);
#959=ORIENTED_EDGE('',*,*,#661,.F.);
#960=ORIENTED_EDGE('',*,*,#662,.F.);
#961=ORIENTED_EDGE('',*,*,#663,.T.);
#962=ORIENTED_EDGE('',*,*,#657,.F.);
#963=ORIENTED_EDGE('',*,*,#664,.F.);
#964=ORIENTED_EDGE('',*,*,#665,.T.);
#965=ORIENTED_EDGE('',*,*,#658,.F.);
#966=ORIENTED_EDGE('',*,*,#663,.F.);
#967=ORIENTED_EDGE('',*,*,#666,.F.);
#968=ORIENTED_EDGE('',*,*,#667,.T.);
#969=ORIENTED_EDGE('',*,*,#659,.F.);
#970=ORIENTED_EDGE('',*,*,#668,.T.);
#971=ORIENTED_EDGE('',*,*,#669,.T.);
#972=ORIENTED_EDGE('',*,*,#668,.F.);
#973=ORIENTED_EDGE('',*,*,#667,.F.);
#974=ORIENTED_EDGE('',*,*,#670,.F.);
#975=ORIENTED_EDGE('',*,*,#671,.T.);
#976=ORIENTED_EDGE('',*,*,#660,.T.);
#977=ORIENTED_EDGE('',*,*,#672,.T.);
#978=ORIENTED_EDGE('',*,*,#673,.T.);
#979=ORIENTED_EDGE('',*,*,#661,.T.);
#980=ORIENTED_EDGE('',*,*,#671,.F.);
#981=ORIENTED_EDGE('',*,*,#674,.T.);
#982=ORIENTED_EDGE('',*,*,#664,.T.);
#983=ORIENTED_EDGE('',*,*,#662,.T.);
#984=ORIENTED_EDGE('',*,*,#673,.F.);
#985=ORIENTED_EDGE('',*,*,#670,.T.);
#986=ORIENTED_EDGE('',*,*,#666,.T.);
#987=ORIENTED_EDGE('',*,*,#665,.F.);
#988=ORIENTED_EDGE('',*,*,#674,.F.);
#989=ORIENTED_EDGE('',*,*,#672,.F.);
#990=ORIENTED_EDGE('',*,*,#669,.F.);
#991=TOROIDAL_SURFACE('',#1138,0.89999999999999,0.44999999999999);
#992=TOROIDAL_SURFACE('',#1149,0.900000000000002,0.449999999999991);
#993=TOROIDAL_SURFACE('',#1181,13.2849999999995,0.485412195973998);
#994=TOROIDAL_SURFACE('',#1191,12.7999999999995,0.209999999999999);
#995=TOROIDAL_SURFACE('',#1205,12.7999999999995,0.200000000000002);
#996=TOROIDAL_SURFACE('',#1214,13.2749999999999,0.485412195973998);
#997=TOROIDAL_SURFACE('',#1218,12.6999999947233,0.300000005276692);
#998=TOROIDAL_SURFACE('',#1224,12.8,0.2);
#999=TOROIDAL_SURFACE('',#1228,12.8,0.21);
#1000=TOROIDAL_SURFACE('',#1235,12.7100000073141,0.299999992685904);
#1001=STYLED_ITEM('',(#2629),#1054);
#1002=STYLED_ITEM('',(#2629),#1055);
#1003=STYLED_ITEM('',(#2629),#1056);
#1004=STYLED_ITEM('',(#2629),#1057);
#1005=STYLED_ITEM('',(#2630),#1058);
#1006=STYLED_ITEM('',(#2630),#1059);
#1007=STYLED_ITEM('',(#2629),#1060);
#1008=STYLED_ITEM('',(#2631),#1061);
#1009=STYLED_ITEM('',(#2632),#1062);
#1010=STYLED_ITEM('',(#2633),#1063);
#1011=STYLED_ITEM('',(#2634),#1064);
#1012=STYLED_ITEM('',(#2635),#1065);
#1013=STYLED_ITEM('',(#2636),#1066);
#1014=STYLED_ITEM('',(#2637),#1067);
#1015=STYLED_ITEM('',(#2638),#1068);
#1016=STYLED_ITEM('',(#2639),#1069);
#1017=STYLED_ITEM('',(#2640),#1070);
#1018=STYLED_ITEM('',(#2641),#1071);
#1019=STYLED_ITEM('',(#2642),#1072);
#1020=STYLED_ITEM('',(#2643),#1073);
#1021=STYLED_ITEM('',(#2644),#1074);
#1022=STYLED_ITEM('',(#2645),#1075);
#1023=STYLED_ITEM('',(#2630),#1076);
#1024=STYLED_ITEM('',(#2629),#1077);
#1025=STYLED_ITEM('',(#2629),#1078);
#1026=STYLED_ITEM('',(#2629),#1079);
#1027=STYLED_ITEM('',(#2629),#1080);
#1028=STYLED_ITEM('',(#2629),#1081);
#1029=STYLED_ITEM('',(#2629),#1082);
#1030=STYLED_ITEM('',(#2629),#1083);
#1031=STYLED_ITEM('',(#2646),#1084);
#1032=STYLED_ITEM('',(#2646),#1085);
#1033=STYLED_ITEM('',(#2646),#1086);
#1034=STYLED_ITEM('',(#2646),#1087);
#1035=STYLED_ITEM('',(#2646),#1088);
#1036=STYLED_ITEM('',(#2646),#1089);
#1037=STYLED_ITEM('',(#2646),#1090);
#1038=STYLED_ITEM('',(#2646),#1091);
#1039=STYLED_ITEM('',(#2646),#1092);
#1040=STYLED_ITEM('',(#2629),#1093);
#1041=STYLED_ITEM('',(#2629),#1094);
#1042=STYLED_ITEM('',(#2629),#1095);
#1043=STYLED_ITEM('',(#2646),#1096);
#1044=STYLED_ITEM('',(#2647),#1097);
#1045=STYLED_ITEM('',(#2629),#1098);
#1046=STYLED_ITEM('',(#2648),#1099);
#1047=STYLED_ITEM('',(#2646),#1100);
#1048=STYLED_ITEM('',(#2629),#1101);
#1049=STYLED_ITEM('',(#2629),#1102);
#1050=STYLED_ITEM('',(#2629),#1103);
#1051=STYLED_ITEM('',(#2629),#1104);
#1052=STYLED_ITEM('',(#2629),#1105);
#1053=STYLED_ITEM('',(#2628),#1115);
#1054=ADVANCED_FACE('',(#194),#991,.T.);
#1055=ADVANCED_FACE('',(#195),#171,.F.);
#1056=ADVANCED_FACE('',(#196),#147,.T.);
#1057=ADVANCED_FACE('',(#197),#992,.T.);
#1058=ADVANCED_FACE('',(#198),#148,.T.);
#1059=ADVANCED_FACE('',(#199),#149,.T.);
#1060=ADVANCED_FACE('',(#200),#150,.T.);
#1061=ADVANCED_FACE('',(#201),#172,.F.);
#1062=ADVANCED_FACE('',(#202),#151,.T.);
#1063=ADVANCED_FACE('',(#203),#173,.T.);
#1064=ADVANCED_FACE('',(#204),#152,.T.);
#1065=ADVANCED_FACE('',(#205),#174,.T.);
#1066=ADVANCED_FACE('',(#206),#153,.T.);
#1067=ADVANCED_FACE('',(#207),#175,.F.);
#1068=ADVANCED_FACE('',(#208),#154,.T.);
#1069=ADVANCED_FACE('',(#209),#176,.F.);
#1070=ADVANCED_FACE('',(#210),#155,.T.);
#1071=ADVANCED_FACE('',(#211),#177,.T.);
#1072=ADVANCED_FACE('',(#212),#156,.T.);
#1073=ADVANCED_FACE('',(#213),#178,.T.);
#1074=ADVANCED_FACE('',(#214),#157,.T.);
#1075=ADVANCED_FACE('',(#215),#179,.F.);
#1076=ADVANCED_FACE('',(#216),#158,.T.);
#1077=ADVANCED_FACE('',(#217),#993,.F.);
#1078=ADVANCED_FACE('',(#218),#19,.T.);
#1079=ADVANCED_FACE('',(#219),#159,.T.);
#1080=ADVANCED_FACE('',(#220),#994,.T.);
#1081=ADVANCED_FACE('',(#221),#180,.T.);
#1082=ADVANCED_FACE('',(#222),#160,.F.);
#1083=ADVANCED_FACE('',(#223,#14),#181,.F.);
#1084=ADVANCED_FACE('',(#224),#161,.F.);
#1085=ADVANCED_FACE('',(#225),#182,.T.);
#1086=ADVANCED_FACE('',(#226),#995,.T.);
#1087=ADVANCED_FACE('',(#227),#162,.T.);
#1088=ADVANCED_FACE('',(#228),#20,.T.);
#1089=ADVANCED_FACE('',(#229),#996,.F.);
#1090=ADVANCED_FACE('',(#230),#997,.T.);
#1091=ADVANCED_FACE('',(#231),#163,.T.);
#1092=ADVANCED_FACE('',(#232),#998,.T.);
#1093=ADVANCED_FACE('',(#233),#999,.T.);
#1094=ADVANCED_FACE('',(#234,#15,#16),#164,.T.);
#1095=ADVANCED_FACE('',(#235),#1000,.T.);
#1096=ADVANCED_FACE('',(#236),#183,.F.);
#1097=ADVANCED_FACE('',(#237),#184,.F.);
#1098=ADVANCED_FACE('',(#238),#185,.F.);
#1099=ADVANCED_FACE('',(#239),#186,.T.);
#1100=ADVANCED_FACE('',(#240),#165,.F.);
#1101=ADVANCED_FACE('',(#241),#166,.F.);
#1102=ADVANCED_FACE('',(#242),#187,.F.);
#1103=ADVANCED_FACE('',(#243,#17),#188,.T.);
#1104=ADVANCED_FACE('',(#244),#167,.F.);
#1105=ADVANCED_FACE('',(#245),#168,.T.);
#1106=ADVANCED_FACE('',(#246),#189,.F.);
#1107=ADVANCED_FACE('',(#247),#190,.T.);
#1108=ADVANCED_FACE('',(#248),#169,.T.);
#1109=ADVANCED_FACE('',(#249),#191,.F.);
#1110=ADVANCED_FACE('',(#250),#170,.F.);
#1111=ADVANCED_FACE('',(#251),#192,.F.);
#1112=ADVANCED_FACE('',(#252,#18),#193,.F.);
#1113=CLOSED_SHELL('',(#1054,#1055,#1056,#1057,#1058,#1059,#1060,#1061,
#1062,#1063,#1064,#1065,#1066,#1067,#1068,#1069,#1070,#1071,#1072,#1073,
#1074,#1075,#1076,#1077,#1078,#1079,#1080,#1081,#1082,#1083,#1084,#1085,
#1086,#1087,#1088,#1089,#1090,#1091,#1092,#1093,#1094,#1095,#1096,#1097,
#1098,#1099,#1100,#1101,#1102,#1103,#1104,#1105));
#1114=CLOSED_SHELL('',(#1106,#1107,#1108,#1109,#1110,#1111,#1112));
#1115=BREP_WITH_VOIDS('Solid1',#1113,(#13));
#1116=DERIVED_UNIT_ELEMENT(#1119,1.);
#1117=DERIVED_UNIT_ELEMENT(#2582,-3.);
#1118=DIMENSIONAL_EXPONENTS(0.,1.,0.,0.,0.,0.,0.);
#1119=(
CONVERSION_BASED_UNIT('gram',#1121)
MASS_UNIT()
NAMED_UNIT(#1118)
);
#1120=(
MASS_UNIT()
NAMED_UNIT(*)
SI_UNIT(.KILO.,.GRAM.)
);
#1121=MASS_MEASURE_WITH_UNIT(MASS_MEASURE(0.001),#1120);
#1122=DERIVED_UNIT((#1116,#1117));
#1123=MEASURE_REPRESENTATION_ITEM('density measure',
POSITIVE_RATIO_MEASURE(1.),#1122);
#1124=PROPERTY_DEFINITION_REPRESENTATION(#1129,#1126);
#1125=PROPERTY_DEFINITION_REPRESENTATION(#1130,#1127);
#1126=REPRESENTATION('material name',(#1128),#2579);
#1127=REPRESENTATION('density',(#1123),#2579);
#1128=DESCRIPTIVE_REPRESENTATION_ITEM('Generic','Generic');
#1129=PROPERTY_DEFINITION('material property','material name',#2589);
#1130=PROPERTY_DEFINITION('material property','density of part',#2589);
#1131=DATE_TIME_ROLE('creation_date');
#1132=APPLIED_DATE_AND_TIME_ASSIGNMENT(#1133,#1131,(#2589));
#1133=DATE_AND_TIME(#1134,#1135);
#1134=CALENDAR_DATE(2018,20,4);
#1135=LOCAL_TIME(0,0,0.,#1136);
#1136=COORDINATED_UNIVERSAL_TIME_OFFSET(0,0,.BEHIND.);
#1137=AXIS2_PLACEMENT_3D('',#1599,#1270,#1271);
#1138=AXIS2_PLACEMENT_3D('',#1600,#1272,#1273);
#1139=AXIS2_PLACEMENT_3D('',#1603,#1274,#1275);
#1140=AXIS2_PLACEMENT_3D('',#1618,#1276,#1277);
#1141=AXIS2_PLACEMENT_3D('',#1620,#1278,#1279);
#1142=AXIS2_PLACEMENT_3D('',#1621,#1280,#1281);
#1143=AXIS2_PLACEMENT_3D('',#1643,#1282,#1283);
#1144=AXIS2_PLACEMENT_3D('',#1652,#1284,#1285);
#1145=AXIS2_PLACEMENT_3D('',#1654,#1286,#1287);
#1146=AXIS2_PLACEMENT_3D('',#1655,#1288,#1289);
#1147=AXIS2_PLACEMENT_3D('',#1659,#1291,#1292);
#1148=AXIS2_PLACEMENT_3D('',#1660,#1293,#1294);
#1149=AXIS2_PLACEMENT_3D('',#1661,#1295,#1296);
#1150=AXIS2_PLACEMENT_3D('',#1664,#1297,#1298);
#1151=AXIS2_PLACEMENT_3D('',#1665,#1299,#1300);
#1152=AXIS2_PLACEMENT_3D('',#1666,#1301,#1302);
#1153=AXIS2_PLACEMENT_3D('',#1667,#1303,#1304);
#1154=AXIS2_PLACEMENT_3D('',#1695,#1306,#1307);
#1155=AXIS2_PLACEMENT_3D('',#1745,#1309,#1310);
#1156=AXIS2_PLACEMENT_3D('',#1768,#1311,#1312);
#1157=AXIS2_PLACEMENT_3D('',#1796,#1314,#1315);
#1158=AXIS2_PLACEMENT_3D('',#1846,#1317,#1318);
#1159=AXIS2_PLACEMENT_3D('',#1869,#1319,#1320);
#1160=AXIS2_PLACEMENT_3D('',#1872,#1322,#1323);
#1161=AXIS2_PLACEMENT_3D('',#1873,#1324,#1325);
#1162=AXIS2_PLACEMENT_3D('',#1879,#1329,#1330);
#1163=AXIS2_PLACEMENT_3D('',#1904,#1332,#1333);
#1164=AXIS2_PLACEMENT_3D('',#1906,#1334,#1335);
#1165=AXIS2_PLACEMENT_3D('',#1908,#1337,#1338);
#1166=AXIS2_PLACEMENT_3D('',#1933,#1340,#1341);
#1167=AXIS2_PLACEMENT_3D('',#1937,#1344,#1345);
#1168=AXIS2_PLACEMENT_3D('',#1962,#1347,#1348);
#1169=AXIS2_PLACEMENT_3D('',#1964,#1349,#1350);
#1170=AXIS2_PLACEMENT_3D('',#1966,#1352,#1353);
#1171=AXIS2_PLACEMENT_3D('',#1989,#1354,#1355);
#1172=AXIS2_PLACEMENT_3D('',#1995,#1359,#1360);
#1173=AXIS2_PLACEMENT_3D('',#2020,#1362,#1363);
#1174=AXIS2_PLACEMENT_3D('',#2022,#1364,#1365);
#1175=AXIS2_PLACEMENT_3D('',#2024,#1367,#1368);
#1176=AXIS2_PLACEMENT_3D('',#2049,#1370,#1371);
#1177=AXIS2_PLACEMENT_3D('',#2053,#1374,#1375);
#1178=AXIS2_PLACEMENT_3D('',#2078,#1377,#1378);
#1179=AXIS2_PLACEMENT_3D('',#2080,#1379,#1380);
#1180=AXIS2_PLACEMENT_3D('',#2082,#1382,#1383);
#1181=AXIS2_PLACEMENT_3D('',#2105,#1384,#1385);
#1182=AXIS2_PLACEMENT_3D('',#2108,#1386,#1387);
#1183=AXIS2_PLACEMENT_3D('',#2110,#1388,#1389);
#1184=AXIS2_PLACEMENT_3D('',#2112,#1390,#1391);
#1185=AXIS2_PLACEMENT_3D('',#2113,#1392,#1393);
#1186=AXIS2_PLACEMENT_3D('',#2157,#1394,#1395);
#1187=AXIS2_PLACEMENT_3D('',#2159,#1396,#1397);
#1188=AXIS2_PLACEMENT_3D('',#2160,#1398,#1399);
#1189=AXIS2_PLACEMENT_3D('',#2161,#1400,#1401);
#1190=AXIS2_PLACEMENT_3D('',#2166,#1404,#1405);
#1191=AXIS2_PLACEMENT_3D('',#2167,#1406,#1407);
#1192=AXIS2_PLACEMENT_3D('',#2170,#1408,#1409);
#1193=AXIS2_PLACEMENT_3D('',#2171,#1410,#1411);
#1194=AXIS2_PLACEMENT_3D('',#2172,#1412,#1413);
#1195=AXIS2_PLACEMENT_3D('',#2173,#1414,#1415);
#1196=AXIS2_PLACEMENT_3D('',#2176,#1416,#1417);
#1197=AXIS2_PLACEMENT_3D('',#2179,#1420,#1421);
#1198=AXIS2_PLACEMENT_3D('',#2184,#1424,#1425);
#1199=AXIS2_PLACEMENT_3D('',#2185,#1426,#1427);
#1200=AXIS2_PLACEMENT_3D('',#2188,#1428,#1429);
#1201=AXIS2_PLACEMENT_3D('',#2191,#1432,#1433);
#1202=AXIS2_PLACEMENT_3D('',#2195,#1435,#1436);
#1203=AXIS2_PLACEMENT_3D('',#2197,#1438,#1439);
#1204=AXIS2_PLACEMENT_3D('',#2201,#1441,#1442);
#1205=AXIS2_PLACEMENT_3D('',#2203,#1444,#1445);
#1206=AXIS2_PLACEMENT_3D('',#2205,#1446,#1447);
#1207=AXIS2_PLACEMENT_3D('',#2207,#1448,#1449);
#1208=AXIS2_PLACEMENT_3D('',#2208,#1450,#1451);
#1209=AXIS2_PLACEMENT_3D('',#2209,#1452,#1453);
#1210=AXIS2_PLACEMENT_3D('',#2213,#1455,#1456);
#1211=AXIS2_PLACEMENT_3D('',#2461,#1458,#1459);
#1212=AXIS2_PLACEMENT_3D('',#2463,#1460,#1461);
#1213=AXIS2_PLACEMENT_3D('',#2464,#1462,#1463);
#1214=AXIS2_PLACEMENT_3D('',#2465,#1464,#1465);
#1215=AXIS2_PLACEMENT_3D('',#2468,#1466,#1467);
#1216=AXIS2_PLACEMENT_3D('',#2469,#1468,#1469);
#1217=AXIS2_PLACEMENT_3D('',#2470,#1470,#1471);
#1218=AXIS2_PLACEMENT_3D('',#2471,#1472,#1473);
#1219=AXIS2_PLACEMENT_3D('',#2473,#1474,#1475);
#1220=AXIS2_PLACEMENT_3D('',#2475,#1476,#1477);
#1221=AXIS2_PLACEMENT_3D('',#2476,#1478,#1479);
#1222=AXIS2_PLACEMENT_3D('',#2477,#1480,#1481);
#1223=AXIS2_PLACEMENT_3D('',#2481,#1483,#1484);
#1224=AXIS2_PLACEMENT_3D('',#2483,#1486,#1487);
#1225=AXIS2_PLACEMENT_3D('',#2485,#1488,#1489);
#1226=AXIS2_PLACEMENT_3D('',#2487,#1490,#1491);
#1227=AXIS2_PLACEMENT_3D('',#2488,#1492,#1493);
#1228=AXIS2_PLACEMENT_3D('',#2489,#1494,#1495);
#1229=AXIS2_PLACEMENT_3D('',#2492,#1496,#1497);
#1230=AXIS2_PLACEMENT_3D('',#2494,#1498,#1499);
#1231=AXIS2_PLACEMENT_3D('',#2496,#1500,#1501);
#1232=AXIS2_PLACEMENT_3D('',#2497,#1502,#1503);
#1233=AXIS2_PLACEMENT_3D('',#2498,#1504,#1505);
#1234=AXIS2_PLACEMENT_3D('',#2501,#1506,#1507);
#1235=AXIS2_PLACEMENT_3D('',#2504,#1510,#1511);
#1236=AXIS2_PLACEMENT_3D('',#2505,#1512,#1513);
#1237=AXIS2_PLACEMENT_3D('',#2506,#1514,#1515);
#1238=AXIS2_PLACEMENT_3D('',#2507,#1516,#1517);
#1239=AXIS2_PLACEMENT_3D('',#2511,#1519,#1520);
#1240=AXIS2_PLACEMENT_3D('',#2513,#1522,#1523);
#1241=AXIS2_PLACEMENT_3D('',#2517,#1526,#1527);
#1242=AXIS2_PLACEMENT_3D('',#2519,#1528,#1529);
#1243=AXIS2_PLACEMENT_3D('',#2521,#1531,#1532);
#1244=AXIS2_PLACEMENT_3D('',#2523,#1534,#1535);
#1245=AXIS2_PLACEMENT_3D('',#2528,#1538,#1539);
#1246=AXIS2_PLACEMENT_3D('',#2529,#1540,#1541);
#1247=AXIS2_PLACEMENT_3D('',#2530,#1542,#1543);
#1248=AXIS2_PLACEMENT_3D('',#2531,#1544,#1545);
#1249=AXIS2_PLACEMENT_3D('',#2533,#1546,#1547);
#1250=AXIS2_PLACEMENT_3D('',#2534,#1548,#1549);
#1251=AXIS2_PLACEMENT_3D('',#2535,#1550,#1551);
#1252=AXIS2_PLACEMENT_3D('',#2536,#1552,#1553);
#1253=AXIS2_PLACEMENT_3D('',#2537,#1554,#1555);
#1254=AXIS2_PLACEMENT_3D('',#2538,#1556,#1557);
#1255=AXIS2_PLACEMENT_3D('',#2540,#1559,#1560);
#1256=AXIS2_PLACEMENT_3D('',#2545,#1562,#1563);
#1257=AXIS2_PLACEMENT_3D('',#2547,#1564,#1565);
#1258=AXIS2_PLACEMENT_3D('',#2551,#1567,#1568);
#1259=AXIS2_PLACEMENT_3D('',#2552,#1569,#1570);
#1260=AXIS2_PLACEMENT_3D('',#2553,#1571,#1572);
#1261=AXIS2_PLACEMENT_3D('',#2559,#1576,#1577);
#1262=AXIS2_PLACEMENT_3D('',#2561,#1578,#1579);
#1263=AXIS2_PLACEMENT_3D('',#2565,#1582,#1583);
#1264=AXIS2_PLACEMENT_3D('',#2566,#1584,#1585);
#1265=AXIS2_PLACEMENT_3D('',#2570,#1588,#1589);
#1266=AXIS2_PLACEMENT_3D('',#2572,#1590,#1591);
#1267=AXIS2_PLACEMENT_3D('',#2574,#1593,#1594);
#1268=AXIS2_PLACEMENT_3D('',#2575,#1595,#1596);
#1269=AXIS2_PLACEMENT_3D('',#2576,#1597,#1598);
#1270=DIRECTION('axis',(0.,0.,1.));
#1271=DIRECTION('refdir',(1.,0.,0.));
#1272=DIRECTION('center_axis',(1.1317049434667E-14,1.,-2.36496300587652E-15));
#1273=DIRECTION('ref_axis',(0.,2.36496300587652E-15,1.));
#1274=DIRECTION('center_axis',(-1.,0.,0.));
#1275=DIRECTION('ref_axis',(0.,1.,0.));
#1276=DIRECTION('center_axis',(1.1317049434667E-14,1.,-2.36496300587652E-15));
#1277=DIRECTION('ref_axis',(1.38593883659568E-30,2.36496300587652E-15,1.));
#1278=DIRECTION('center_axis',(0.,0.,1.));
#1279=DIRECTION('ref_axis',(1.144237745222E-17,1.,0.));
#1280=DIRECTION('center_axis',(0.,0.,1.));
#1281=DIRECTION('ref_axis',(1.144237745222E-17,1.,0.));
#1282=DIRECTION('center_axis',(-1.,1.144237745222E-17,1.110223024625E-16));
#1283=DIRECTION('ref_axis',(1.144237745222E-17,1.,0.));
#1284=DIRECTION('center_axis',(0.,0.,1.));
#1285=DIRECTION('ref_axis',(1.110223024625E-16,-1.,0.));
#1286=DIRECTION('center_axis',(0.,0.,1.));
#1287=DIRECTION('ref_axis',(1.110223024625E-16,-1.,0.));
#1288=DIRECTION('center_axis',(0.,0.,-1.));
#1289=DIRECTION('ref_axis',(1.110223024625E-16,-1.,0.));
#1290=DIRECTION('',(0.,0.,1.));
#1291=DIRECTION('center_axis',(0.,0.,1.));
#1292=DIRECTION('ref_axis',(1.110223024625E-16,-1.,0.));
#1293=DIRECTION('center_axis',(0.,0.,1.));
#1294=DIRECTION('ref_axis',(1.110223024625E-16,-1.,0.));
#1295=DIRECTION('center_axis',(-1.02145563336898E-14,-1.,-2.38621407538528E-15));
#1296=DIRECTION('ref_axis',(0.,2.38621407538528E-15,-1.));
#1297=DIRECTION('center_axis',(1.,1.110223024625E-16,1.110223024625E-16));
#1298=DIRECTION('ref_axis',(1.110223024625E-16,-1.,0.));
#1299=DIRECTION('center_axis',(1.,1.110223024625E-16,1.110223024625E-16));
#1300=DIRECTION('ref_axis',(1.110223024625E-16,-1.,0.));
#1301=DIRECTION('center_axis',(-1.02145563336898E-14,-1.,-2.38621407538528E-15));
#1302=DIRECTION('ref_axis',(-1.25092237187634E-30,2.38621407538528E-15,
-1.));
#1303=DIRECTION('center_axis',(1.,0.,2.22044604925E-16));
#1304=DIRECTION('ref_axis',(-2.0514246579476E-16,-0.382683432365114,0.923879532511277));
#1305=DIRECTION('',(1.,0.,2.22044604925E-16));
#1306=DIRECTION('center_axis',(1.,0.,2.22044604925E-16));
#1307=DIRECTION('ref_axis',(-2.0514246579476E-16,-0.382683432365114,0.923879532511277));
#1308=DIRECTION('',(1.,0.,2.22044604925E-16));
#1309=DIRECTION('center_axis',(1.,0.,2.22044604925E-16));
#1310=DIRECTION('ref_axis',(-2.0514246579476E-16,-0.382683432365114,0.923879532511277));
#1311=DIRECTION('center_axis',(1.,0.,2.22044604925E-16));
#1312=DIRECTION('ref_axis',(-2.0514246579476E-16,-0.382683432365114,0.923879532511277));
#1313=DIRECTION('',(1.,0.,2.22044604925E-16));
#1314=DIRECTION('center_axis',(1.,0.,2.22044604925E-16));
#1315=DIRECTION('ref_axis',(-2.0514246579476E-16,-0.382683432365114,0.923879532511277));
#1316=DIRECTION('',(1.,0.,2.22044604925E-16));
#1317=DIRECTION('center_axis',(1.,0.,2.22044604925E-16));
#1318=DIRECTION('ref_axis',(-2.0514246579476E-16,-0.382683432365114,0.923879532511277));
#1319=DIRECTION('center_axis',(-1.,0.,0.));
#1320=DIRECTION('ref_axis',(0.,1.,0.));
#1321=DIRECTION('',(1.,0.,0.));
#1322=DIRECTION('center_axis',(-1.,0.,0.));
#1323=DIRECTION('ref_axis',(0.,1.,0.));
#1324=DIRECTION('center_axis',(0.,1.,0.));
#1325=DIRECTION('ref_axis',(2.22044604925E-16,0.,-1.));
#1326=DIRECTION('',(1.,0.,2.22044604925E-16));
#1327=DIRECTION('',(2.22044604925E-16,0.,-1.));
#1328=DIRECTION('',(2.22044604925E-16,0.,-1.));
#1329=DIRECTION('center_axis',(2.22044604925E-16,0.,-1.));
#1330=DIRECTION('ref_axis',(0.,-1.,0.));
#1331=DIRECTION('',(2.22044604925E-16,0.,-1.));
#1332=DIRECTION('center_axis',(1.,0.,2.22044604925E-16));
#1333=DIRECTION('ref_axis',(2.22044604925E-16,0.,-1.));
#1334=DIRECTION('center_axis',(1.,0.,2.22044604925E-16));
#1335=DIRECTION('ref_axis',(-2.0514246579476E-16,-0.382683432365114,0.923879532511277));
#1336=DIRECTION('',(2.22044604925E-16,0.,-1.));
#1337=DIRECTION('center_axis',(2.22044604925E-16,0.,-1.));
#1338=DIRECTION('ref_axis',(0.,1.,0.));
#1339=DIRECTION('',(2.22044604925E-16,0.,-1.));
#1340=DIRECTION('center_axis',(0.,1.,0.));
#1341=DIRECTION('ref_axis',(2.22044604925E-16,0.,-1.));
#1342=DIRECTION('',(1.,0.,2.22044604925E-16));
#1343=DIRECTION('',(2.22044604925E-16,0.,-1.));
#1344=DIRECTION('center_axis',(2.22044604925E-16,0.,-1.));
#1345=DIRECTION('ref_axis',(0.,1.,0.));
#1346=DIRECTION('',(2.22044604925E-16,0.,-1.));
#1347=DIRECTION('center_axis',(1.,0.,2.22044604925E-16));
#1348=DIRECTION('ref_axis',(2.22044604925E-16,0.,-1.));
#1349=DIRECTION('center_axis',(1.,0.,2.22044604925E-16));
#1350=DIRECTION('ref_axis',(-2.0514246579476E-16,-0.382683432365114,0.923879532511277));
#1351=DIRECTION('',(2.22044604925E-16,0.,-1.));
#1352=DIRECTION('center_axis',(2.22044604925E-16,0.,-1.));
#1353=DIRECTION('ref_axis',(0.,-1.,0.));
#1354=DIRECTION('center_axis',(0.,1.,0.));
#1355=DIRECTION('ref_axis',(2.22044604925E-16,0.,-1.));
#1356=DIRECTION('',(1.,0.,2.22044604925E-16));
#1357=DIRECTION('',(2.22044604925E-16,0.,-1.));
#1358=DIRECTION('',(2.22044604925E-16,0.,-1.));
#1359=DIRECTION('center_axis',(2.22044604925E-16,0.,-1.));
#1360=DIRECTION('ref_axis',(0.,-1.,0.));
#1361=DIRECTION('',(2.22044604925E-16,0.,-1.));
#1362=DIRECTION('center_axis',(1.,0.,2.22044604925E-16));
#1363=DIRECTION('ref_axis',(2.22044604925E-16,0.,-1.));
#1364=DIRECTION('center_axis',(1.,0.,2.22044604925E-16));
#1365=DIRECTION('ref_axis',(-2.0514246579476E-16,-0.382683432365114,0.923879532511277));
#1366=DIRECTION('',(2.22044604925E-16,0.,-1.));
#1367=DIRECTION('center_axis',(2.22044604925E-16,0.,-1.));
#1368=DIRECTION('ref_axis',(0.,1.,0.));
#1369=DIRECTION('',(2.22044604925E-16,0.,-1.));
#1370=DIRECTION('center_axis',(0.,1.,0.));
#1371=DIRECTION('ref_axis',(2.22044604925E-16,0.,-1.));
#1372=DIRECTION('',(1.,0.,2.22044604925E-16));
#1373=DIRECTION('',(2.22044604925E-16,0.,-1.));
#1374=DIRECTION('center_axis',(2.22044604925E-16,0.,-1.));
#1375=DIRECTION('ref_axis',(0.,1.,0.));
#1376=DIRECTION('',(2.22044604925E-16,0.,-1.));
#1377=DIRECTION('center_axis',(1.,0.,2.22044604925E-16));
#1378=DIRECTION('ref_axis',(2.22044604925E-16,0.,-1.));
#1379=DIRECTION('center_axis',(1.,0.,2.22044604925E-16));
#1380=DIRECTION('ref_axis',(-2.0514246579476E-16,-0.382683432365114,0.923879532511277));
#1381=DIRECTION('',(2.22044604925E-16,0.,-1.));
#1382=DIRECTION('center_axis',(2.22044604925E-16,0.,-1.));
#1383=DIRECTION('ref_axis',(0.,-1.,0.));
#1384=DIRECTION('center_axis',(1.,1.14831599276122E-16,3.2008342980857E-16));
#1385=DIRECTION('ref_axis',(-3.22495219119087E-16,-1.22464679914735E-16,
1.));
#1386=DIRECTION('center_axis',(1.,0.,2.22044604925E-16));
#1387=DIRECTION('ref_axis',(-3.43466296663746E-16,-2.42707285655541E-17,
1.));
#1388=DIRECTION('center_axis',(-8.32667268469149E-17,-0.923879532511277,
0.382683432365115));
#1389=DIRECTION('ref_axis',(-0.824041924199312,-0.216801194476221,-0.52340438404314));
#1390=DIRECTION('center_axis',(-1.,5.72169437256342E-15,-4.51212739668243E-15));
#1391=DIRECTION('ref_axis',(-1.97493120600155E-15,0.382683432365078,0.923879532511292));
#1392=DIRECTION('center_axis',(1.11022302462533E-16,-0.923879532511277,
-0.382683432365115));
#1393=DIRECTION('ref_axis',(-0.824041924199312,0.216801194476221,-0.52340438404314));
#1394=DIRECTION('center_axis',(1.72874271742269E-12,0.923879532507969,0.382683432373099));
#1395=DIRECTION('ref_axis',(0.681197541737197,-0.280162409934291,0.676371889710838));
#1396=DIRECTION('center_axis',(-1.77268076862616E-12,0.923879532507932,
-0.382683432373189));
#1397=DIRECTION('ref_axis',(0.681197541738243,0.280162409934011,0.676371889709901));
#1398=DIRECTION('center_axis',(-1.,0.,0.));
#1399=DIRECTION('ref_axis',(0.,0.382683432365097,0.923879532511284));
#1400=DIRECTION('center_axis',(1.,0.,2.22044604925E-16));
#1401=DIRECTION('ref_axis',(-2.0514246579476E-16,-0.382683432365114,0.923879532511277));
#1402=DIRECTION('',(1.,0.,2.22044604925E-16));
#1403=DIRECTION('',(1.,0.,2.22044604925E-16));
#1404=DIRECTION('center_axis',(-1.,0.,-2.22044604925E-16));
#1405=DIRECTION('ref_axis',(-2.0514246579476E-16,-0.382683432365114,0.923879532511277));
#1406=DIRECTION('center_axis',(1.,7.61766018295004E-17,5.38765782445266E-17));
#1407=DIRECTION('ref_axis',(-6.82689023597355E-17,1.22464679914735E-16,
1.));
#1408=DIRECTION('center_axis',(-1.,0.,-2.22044604925E-16));
#1409=DIRECTION('ref_axis',(-2.0514246579476E-16,-0.382683432365115,0.923879532511277));
#1410=DIRECTION('center_axis',(-8.49727915508854E-17,0.923879532511277,
0.382683432365115));
#1411=DIRECTION('ref_axis',(-1.,-2.82880590231597E-29,-2.22044604925012E-16));
#1412=DIRECTION('center_axis',(8.49727915508854E-17,0.923879532511277,-0.382683432365115));
#1413=DIRECTION('ref_axis',(-1.,2.82880590231597E-29,-2.22044604925012E-16));
#1414=DIRECTION('center_axis',(-1.,0.,-2.22044604925E-16));
#1415=DIRECTION('ref_axis',(-2.0514246579476E-16,-0.382683432365115,0.923879532511277));
#1416=DIRECTION('center_axis',(-1.,0.,-2.22044604925E-16));
#1417=DIRECTION('ref_axis',(-2.0514246579476E-16,-0.382683432365115,0.923879532511277));
#1418=DIRECTION('',(-2.05142465794861E-16,-0.382683432365115,0.923879532511277));
#1419=DIRECTION('',(-2.05142465794861E-16,0.382683432365115,0.923879532511277));
#1420=DIRECTION('center_axis',(-1.,0.,-2.22044604925E-16));
#1421=DIRECTION('ref_axis',(-2.0514246579476E-16,-0.382683432365115,0.923879532511277));
#1422=DIRECTION('',(-1.,0.,-2.22044604925E-16));
#1423=DIRECTION('',(-1.,0.,-2.22044604925E-16));
#1424=DIRECTION('center_axis',(-1.,0.,-2.22044604925E-16));
#1425=DIRECTION('ref_axis',(-2.0514246579476E-16,-0.382683432365115,0.923879532511277));
#1426=DIRECTION('center_axis',(1.,1.716117844807E-34,2.22044604925E-16));
#1427=DIRECTION('ref_axis',(2.22044604925E-16,0.,-1.));
#1428=DIRECTION('center_axis',(1.,0.,2.22044604925E-16));
#1429=DIRECTION('ref_axis',(2.22044604925E-16,0.,-1.));
#1430=DIRECTION('',(2.05142465794861E-16,0.382683432365115,-0.923879532511277));
#1431=DIRECTION('',(2.05142465794861E-16,-0.382683432365115,-0.923879532511277));
#1432=DIRECTION('center_axis',(-1.,-8.044366877815E-18,-2.370072626264E-16));
#1433=DIRECTION('ref_axis',(2.370072626264E-16,-6.10012650892943E-17,-1.));
#1434=DIRECTION('',(-1.,-8.044366877815E-18,-2.370072626264E-16));
#1435=DIRECTION('center_axis',(-1.,-8.044366877815E-18,-2.370072626264E-16));
#1436=DIRECTION('ref_axis',(-2.22044604925062E-16,0.382683432365115,0.923879532511277));
#1437=DIRECTION('',(-1.,-8.044366877815E-18,-2.370072626264E-16));
#1438=DIRECTION('center_axis',(-1.,-8.044366877815E-18,-2.370072626264E-16));
#1439=DIRECTION('ref_axis',(-2.22044604925062E-16,0.382683432365115,0.923879532511277));
#1440=DIRECTION('',(-2.22044604925066E-16,0.382683432365115,0.923879532511277));
#1441=DIRECTION('center_axis',(-1.,-8.044366877815E-18,-2.370072626264E-16));
#1442=DIRECTION('ref_axis',(-2.22044604925062E-16,0.382683432365115,0.923879532511277));
#1443=DIRECTION('',(-2.15887713069065E-16,-0.382683432365115,0.923879532511277));
#1444=DIRECTION('center_axis',(1.,1.29898396039498E-16,5.93819127909313E-16));
#1445=DIRECTION('ref_axis',(5.80732043650104E-16,0.,-1.));
#1446=DIRECTION('center_axis',(8.32667268469149E-17,0.923879532511277,-0.382683432365115));
#1447=DIRECTION('ref_axis',(-1.,-8.04436687780674E-18,-2.37007262626403E-16));
#1448=DIRECTION('center_axis',(-1.,-8.044366877815E-18,-2.370072626264E-16));
#1449=DIRECTION('ref_axis',(-2.22044604925062E-16,0.382683432365115,0.923879532511277));
#1450=DIRECTION('center_axis',(-9.81307786677694E-17,0.923879532511277,
0.382683432365115));
#1451=DIRECTION('ref_axis',(-1.,-8.04436687782754E-18,-2.37007262626405E-16));
#1452=DIRECTION('center_axis',(1.,8.044366877815E-18,2.370072626264E-16));
#1453=DIRECTION('ref_axis',(2.370072626264E-16,3.84307970062554E-16,-1.));
#1454=DIRECTION('',(1.,8.044366877815E-18,2.370072626264E-16));
#1455=DIRECTION('center_axis',(-1.,5.57913956433974E-17,-1.66463978802644E-16));
#1456=DIRECTION('ref_axis',(-1.70803542250024E-16,-0.382683432365072,0.923879532511294));
#1457=DIRECTION('',(1.,8.044366877815E-18,2.370072626264E-16));
#1458=DIRECTION('center_axis',(-1.94083508184773E-12,0.92387953251214,-0.382683432363031));
#1459=DIRECTION('ref_axis',(0.681197541739823,0.280162409926118,0.676371889711579));
#1460=DIRECTION('center_axis',(-1.,-5.61384613278558E-15,-5.38231770550029E-14));
#1461=DIRECTION('ref_axis',(-4.75639355779734E-14,-0.382683432365135,0.923879532511268));
#1462=DIRECTION('center_axis',(2.09223141115707E-11,0.923879532495003,0.382683432404402));
#1463=DIRECTION('ref_axis',(0.681197541748715,-0.280162409965187,0.67637188968644));
#1464=DIRECTION('center_axis',(1.,4.79934277154116E-17,5.11754255735138E-17));
#1465=DIRECTION('ref_axis',(6.45459167247909E-17,0.,-1.));
#1466=DIRECTION('center_axis',(1.,8.044366877815E-18,2.370072626264E-16));
#1467=DIRECTION('ref_axis',(4.29665181401863E-17,1.26832691999722E-16,-1.));
#1468=DIRECTION('center_axis',(8.32667268469149E-17,-0.923879532511277,
-0.382683432365115));
#1469=DIRECTION('ref_axis',(-0.824041924199312,0.216801194476221,-0.52340438404314));
#1470=DIRECTION('center_axis',(-1.11022302462533E-16,-0.923879532511277,
0.382683432365115));
#1471=DIRECTION('ref_axis',(-0.824041924199312,-0.216801194476221,-0.52340438404314));
#1472=DIRECTION('center_axis',(1.,8.044366877815E-18,2.370072626264E-16));
#1473=DIRECTION('ref_axis',(2.04964250700029E-16,0.,-1.));
#1474=DIRECTION('center_axis',(-8.49727915508854E-17,0.923879532511277,
0.382683432365115));
#1475=DIRECTION('ref_axis',(-2.15887713069049E-16,-0.382683432365114,0.923879532511277));
#1476=DIRECTION('center_axis',(-8.49727915508854E-17,-0.923879532511277,
0.382683432365115));
#1477=DIRECTION('ref_axis',(-2.22044604925062E-16,0.382683432365114,0.923879532511277));
#1478=DIRECTION('center_axis',(-1.,-8.044366877815E-18,-2.370072626264E-16));
#1479=DIRECTION('ref_axis',(2.3752367594144E-16,1.27855137706662E-16,-1.));
#1480=DIRECTION('center_axis',(1.,8.044366877815E-18,2.370072626264E-16));
#1481=DIRECTION('ref_axis',(2.370072626264E-16,1.28102656687518E-16,-1.));
#1482=DIRECTION('',(1.,8.044366877815E-18,2.370072626264E-16));
#1483=DIRECTION('center_axis',(1.,8.044366877815E-18,2.370072626264E-16));
#1484=DIRECTION('ref_axis',(2.3752367594144E-16,3.93160634993023E-16,-1.));
#1485=DIRECTION('',(1.,8.044366877815E-18,2.370072626264E-16));
#1486=DIRECTION('center_axis',(-1.,-8.044366877815E-18,-2.370072626264E-16));
#1487=DIRECTION('ref_axis',(0.,1.22464679914735E-16,-1.));
#1488=DIRECTION('center_axis',(-8.49727915508854E-17,-0.923879532511277,
0.382683432365115));
#1489=DIRECTION('ref_axis',(-2.22044604925062E-16,0.382683432365115,0.923879532511277));
#1490=DIRECTION('center_axis',(-1.,-8.044366877815E-18,-2.370072626264E-16));
#1491=DIRECTION('ref_axis',(2.370072626264E-16,3.93160634993023E-16,-1.));
#1492=DIRECTION('center_axis',(-8.49727915508854E-17,0.923879532511277,
0.382683432365115));
#1493=DIRECTION('ref_axis',(-2.15887713069049E-16,-0.382683432365115,0.923879532511277));
#1494=DIRECTION('center_axis',(-1.,0.,-2.22044604925E-16));
#1495=DIRECTION('ref_axis',(0.,0.,1.));
#1496=DIRECTION('center_axis',(-8.49727915508854E-17,-0.923879532511277,
0.382683432365115));
#1497=DIRECTION('ref_axis',(-2.0514246579476E-16,0.382683432365115,0.923879532511276));
#1498=DIRECTION('center_axis',(1.,0.,2.22044604925E-16));
#1499=DIRECTION('ref_axis',(-2.21340581869447E-16,0.,1.));
#1500=DIRECTION('center_axis',(-8.49727915508854E-17,0.923879532511277,
0.382683432365115));
#1501=DIRECTION('ref_axis',(-2.0514246579476E-16,-0.382683432365115,0.923879532511276));
#1502=DIRECTION('center_axis',(-1.,0.,-2.22044604925E-16));
#1503=DIRECTION('ref_axis',(-2.22044604925E-16,0.,1.));
#1504=DIRECTION('center_axis',(1.,0.,2.22044604925E-16));
#1505=DIRECTION('ref_axis',(-2.0514246579476E-16,-0.382683432365114,0.923879532511277));
#1506=DIRECTION('center_axis',(-1.,0.,-2.22044604925E-16));
#1507=DIRECTION('ref_axis',(-2.2267395886866E-16,-2.13340319874165E-17,
1.));
#1508=DIRECTION('',(1.,0.,2.22044604925E-16));
#1509=DIRECTION('',(1.,0.,2.22044604925E-16));
#1510=DIRECTION('center_axis',(1.,0.,2.22044604925E-16));
#1511=DIRECTION('ref_axis',(-2.04806707079199E-16,-1.22464679914735E-16,
1.));
#1512=DIRECTION('center_axis',(-8.49727915508854E-17,0.923879532511277,
0.382683432365115));
#1513=DIRECTION('ref_axis',(-2.0514246579476E-16,-0.382683432365114,0.923879532511276));
#1514=DIRECTION('center_axis',(-8.49727915508854E-17,-0.923879532511277,
0.382683432365115));
#1515=DIRECTION('ref_axis',(-2.0514246579476E-16,0.382683432365114,0.923879532511276));
#1516=DIRECTION('center_axis',(-1.,-8.044366877815E-18,-2.370072626264E-16));
#1517=DIRECTION('ref_axis',(-2.22044604925062E-16,0.382683432365115,0.923879532511277));
#1518=DIRECTION('',(2.22044604925066E-16,-0.382683432365115,-0.923879532511277));
#1519=DIRECTION('center_axis',(-1.,-8.044366877815E-18,-2.370072626264E-16));
#1520=DIRECTION('ref_axis',(-2.22044604925062E-16,0.382683432365115,0.923879532511277));
#1521=DIRECTION('',(2.15887713069065E-16,0.382683432365115,-0.923879532511277));
#1522=DIRECTION('center_axis',(-8.49727915508854E-17,0.923879532511277,
0.382683432365115));
#1523=DIRECTION('ref_axis',(-1.,-2.82880590231597E-29,-2.22044604925012E-16));
#1524=DIRECTION('',(-1.,0.,-2.22044604925E-16));
#1525=DIRECTION('',(2.05142465794861E-16,0.382683432365115,-0.923879532511277));
#1526=DIRECTION('center_axis',(-1.,0.,-2.22044604925E-16));
#1527=DIRECTION('ref_axis',(-2.0514246579476E-16,-0.382683432365115,0.923879532511277));
#1528=DIRECTION('center_axis',(-1.,0.,-2.22044604925E-16));
#1529=DIRECTION('ref_axis',(-2.0514246579476E-16,-0.382683432365115,0.923879532511277));
#1530=DIRECTION('',(2.05142465794861E-16,-0.382683432365115,-0.923879532511277));
#1531=DIRECTION('center_axis',(8.49727915508854E-17,0.923879532511277,-0.382683432365115));
#1532=DIRECTION('ref_axis',(-1.,2.82880590231597E-29,-2.22044604925012E-16));
#1533=DIRECTION('',(-1.,0.,-2.22044604925E-16));
#1534=DIRECTION('center_axis',(-1.,-8.044366877815E-18,-2.370072626264E-16));
#1535=DIRECTION('ref_axis',(2.370072626264E-16,1.83003795267883E-16,-1.));
#1536=DIRECTION('',(-1.,-8.044366877815E-18,-2.370072626264E-16));
#1537=DIRECTION('',(-1.,-8.044366877815E-18,-2.370072626264E-16));
#1538=DIRECTION('center_axis',(1.,0.,2.22044604925E-16));
#1539=DIRECTION('ref_axis',(2.22044604925E-16,0.,-1.));
#1540=DIRECTION('center_axis',(-1.,-8.044366877815E-18,-2.370072626264E-16));
#1541=DIRECTION('ref_axis',(-2.22044604925062E-16,0.382683432365115,0.923879532511277));
#1542=DIRECTION('center_axis',(1.,0.,2.22044604925E-16));
#1543=DIRECTION('ref_axis',(2.22044604925E-16,0.,-1.));
#1544=DIRECTION('center_axis',(0.,0.,1.));
#1545=DIRECTION('ref_axis',(1.144237745222E-17,1.,0.));
#1546=DIRECTION('center_axis',(0.,0.,1.));
#1547=DIRECTION('ref_axis',(1.144237745222E-17,1.,0.));
#1548=DIRECTION('center_axis',(1.,4.393261682706E-32,2.22044604925E-16));
#1549=DIRECTION('ref_axis',(2.22044604925E-16,0.,-1.));
#1550=DIRECTION('center_axis',(-1.,0.,0.));
#1551=DIRECTION('ref_axis',(0.,1.,0.));
#1552=DIRECTION('center_axis',(-1.,0.,0.));
#1553=DIRECTION('ref_axis',(0.,1.,0.));
#1554=DIRECTION('center_axis',(-1.,0.,0.));
#1555=DIRECTION('ref_axis',(0.,2.42393666822015E-9,1.));
#1556=DIRECTION('center_axis',(0.,0.,-1.));
#1557=DIRECTION('ref_axis',(1.144237745222E-17,1.,0.));
#1558=DIRECTION('',(0.,0.,1.));
#1559=DIRECTION('center_axis',(-1.,-8.044366877815E-18,-2.370072626264E-16));
#1560=DIRECTION('ref_axis',(-2.22044604925062E-16,0.382683432365115,0.923879532511277));
#1561=DIRECTION('',(2.22044604925066E-16,-0.382683432365115,-0.923879532511277));
#1562=DIRECTION('center_axis',(-1.,0.,0.));
#1563=DIRECTION('ref_axis',(0.,1.,0.));
#1564=DIRECTION('center_axis',(-1.,0.,0.));
#1565=DIRECTION('ref_axis',(0.,1.,0.));
#1566=DIRECTION('',(2.15887713069065E-16,0.382683432365115,-0.923879532511277));
#1567=DIRECTION('center_axis',(-1.,-8.044366877815E-18,-2.370072626264E-16));
#1568=DIRECTION('ref_axis',(-2.22044604925062E-16,0.382683432365115,0.923879532511277));
#1569=DIRECTION('center_axis',(-1.,-8.044366877815E-18,-2.370072626264E-16));
#1570=DIRECTION('ref_axis',(-2.22044604925062E-16,0.382683432365115,0.923879532511277));
#1571=DIRECTION('center_axis',(8.49727915508854E-17,0.923879532511277,-0.382683432365115));
#1572=DIRECTION('ref_axis',(-1.,2.82880590231597E-29,-2.22044604925012E-16));
#1573=DIRECTION('',(-1.,0.,0.));
#1574=DIRECTION('',(-1.,-8.044366877815E-18,-2.370072626264E-16));
#1575=DIRECTION('',(2.05142465794861E-16,-0.382683432365115,-0.923879532511277));
#1576=DIRECTION('center_axis',(-1.,0.,0.));
#1577=DIRECTION('ref_axis',(0.,1.,0.));
#1578=DIRECTION('center_axis',(-1.,0.,0.));
#1579=DIRECTION('ref_axis',(0.,1.,0.));
#1580=DIRECTION('',(-1.,0.,0.));
#1581=DIRECTION('',(1.,0.,0.));
#1582=DIRECTION('center_axis',(-1.,0.,0.));
#1583=DIRECTION('ref_axis',(0.,1.,0.));
#1584=DIRECTION('center_axis',(-8.49727915508854E-17,0.923879532511277,
0.382683432365115));
#1585=DIRECTION('ref_axis',(-1.,-2.82880590231597E-29,-2.22044604925012E-16));
#1586=DIRECTION('',(2.05142465794861E-16,0.382683432365115,-0.923879532511277));
#1587=DIRECTION('',(-1.,-8.044366877815E-18,-2.370072626264E-16));
#1588=DIRECTION('center_axis',(-1.,-8.044366877815E-18,-2.370072626264E-16));
#1589=DIRECTION('ref_axis',(-2.22044604925062E-16,0.382683432365115,0.923879532511277));
#1590=DIRECTION('center_axis',(1.,0.,2.22044604925E-16));
#1591=DIRECTION('ref_axis',(2.22044604925E-16,0.,-1.));
#1592=DIRECTION('',(-1.,-8.044366877815E-18,-2.370072626264E-16));
#1593=DIRECTION('center_axis',(-1.,0.,-2.22044604925E-16));
#1594=DIRECTION('ref_axis',(-2.0514246579476E-16,-0.382683432365115,0.923879532511277));
#1595=DIRECTION('center_axis',(-1.,0.,-2.22044604925E-16));
#1596=DIRECTION('ref_axis',(-2.0514246579476E-16,-0.382683432365115,0.923879532511277));
#1597=DIRECTION('center_axis',(1.,0.,2.22044604925E-16));
#1598=DIRECTION('ref_axis',(2.22044604925E-16,0.,-1.));
#1599=CARTESIAN_POINT('',(0.,0.,0.));
#1600=CARTESIAN_POINT('Origin',(57.04,5.05030602780785E-15,12.1));
#1601=CARTESIAN_POINT('',(57.1000000115663,-0.449998888885796,12.9989999992253));
#1602=CARTESIAN_POINT('',(57.1,-0.45,13.));
#1603=CARTESIAN_POINT('Origin',(57.1,-3.80749345834665E-32,13.));
#1604=CARTESIAN_POINT('',(57.1,5.42197880068998E-15,12.5459820624196));
#1605=CARTESIAN_POINT('Ctrl Pts',(57.1,5.47305256670683E-15,12.5459820624196));
#1606=CARTESIAN_POINT('Ctrl Pts',(57.1,-0.0554250059085974,12.5459820624196));
#1607=CARTESIAN_POINT('Ctrl Pts',(57.1,-0.120637697280789,12.5590543968381));
#1608=CARTESIAN_POINT('Ctrl Pts',(57.1,-0.223190498668559,12.6017463834011));
#1609=CARTESIAN_POINT('Ctrl Pts',(57.1,-0.278632583968011,12.6389915871878));
#1610=CARTESIAN_POINT('Ctrl Pts',(57.1,-0.357280512259989,12.7179228591988));
#1611=CARTESIAN_POINT('Ctrl Pts',(57.1,-0.394381367194867,12.7736163713362));
#1612=CARTESIAN_POINT('Ctrl Pts',(57.1,-0.436966060163778,12.8766646435561));
#1613=CARTESIAN_POINT('Ctrl Pts',(57.1,-0.449999999999984,12.9422634713645));
#1614=CARTESIAN_POINT('Ctrl Pts',(57.1,-0.449999999999984,12.9983314956188));
#1615=CARTESIAN_POINT('Ctrl Pts',(57.1,-0.449999630410516,12.9986655728628));
#1616=CARTESIAN_POINT('Ctrl Pts',(57.1,-0.449998888889219,12.9989999992253));
#1617=CARTESIAN_POINT('',(57.49,-9.74753237537177E-17,12.1));
#1618=CARTESIAN_POINT('Origin',(57.04,4.99519692184622E-15,12.1));
#1619=CARTESIAN_POINT('',(57.94,-0.45,12.1));
#1620=CARTESIAN_POINT('Origin',(57.94,0.,12.1));
#1621=CARTESIAN_POINT('Origin',(57.94,0.,12.1));
#1622=CARTESIAN_POINT('',(57.1000000443334,0.449998888880948,12.9989999970437));
#1623=CARTESIAN_POINT('Ctrl Pts',(57.1,0.449998888894069,12.9989999970438));
#1624=CARTESIAN_POINT('Ctrl Pts',(57.1,0.449999630412136,12.9986655714099));
#1625=CARTESIAN_POINT('Ctrl Pts',(57.1,0.449999999999997,12.9983314948931));
#1626=CARTESIAN_POINT('Ctrl Pts',(57.1,0.449999999999997,12.9422634713645));
#1627=CARTESIAN_POINT('Ctrl Pts',(57.1,0.436966060163791,12.8766646435561));
#1628=CARTESIAN_POINT('Ctrl Pts',(57.1,0.39438136719488,12.7736163713362));
#1629=CARTESIAN_POINT('Ctrl Pts',(57.1,0.357280512260002,12.7179228591988));
#1630=CARTESIAN_POINT('Ctrl Pts',(57.1,0.278632583968023,12.6389915871878));
#1631=CARTESIAN_POINT('Ctrl Pts',(57.1,0.223190498668571,12.6017463834011));
#1632=CARTESIAN_POINT('Ctrl Pts',(57.1,0.1206376972808,12.5590543968381));
#1633=CARTESIAN_POINT('Ctrl Pts',(57.1,0.0554250059086084,12.5459820624196));
#1634=CARTESIAN_POINT('Ctrl Pts',(57.1,5.47305256670683E-15,12.5459820624196));
#1635=CARTESIAN_POINT('',(57.04,0.45,13.));
#1636=CARTESIAN_POINT('Ctrl Pts',(57.04,0.449999999999998,13.));
#1637=CARTESIAN_POINT('Ctrl Pts',(57.0487428384099,0.449999999999998,13.));
#1638=CARTESIAN_POINT('Ctrl Pts',(57.057485215703,0.450000013518911,12.9999363022811));
#1639=CARTESIAN_POINT('Ctrl Pts',(57.077492845494,0.449999889736118,12.9996447786016));
#1640=CARTESIAN_POINT('Ctrl Pts',(57.0887509890878,0.44999972215149,12.9993749673069));
#1641=CARTESIAN_POINT('Ctrl Pts',(57.1000000443826,0.449998888884228,12.9989999985199));
#1642=CARTESIAN_POINT('',(57.04,-0.449999999999983,13.));
#1643=CARTESIAN_POINT('Origin',(57.04,0.,13.));
#1644=CARTESIAN_POINT('Ctrl Pts',(57.1000000115791,-0.449998888886651,12.9989999996104));
#1645=CARTESIAN_POINT('Ctrl Pts',(57.0945123856212,-0.449999295378702,12.9991829205103));
#1646=CARTESIAN_POINT('Ctrl Pts',(57.0890226240475,-0.449999536795884,12.9993408170137));
#1647=CARTESIAN_POINT('Ctrl Pts',(57.0777635191704,-0.449999855296183,12.9996131053808));
#1648=CARTESIAN_POINT('Ctrl Pts',(57.0719955905748,-0.449999923746415,12.999724877035));
#1649=CARTESIAN_POINT('Ctrl Pts',(57.0574852175963,-0.450000013518893,12.9999363022262));
#1650=CARTESIAN_POINT('Ctrl Pts',(57.0487428365177,-0.449999999999983,13.));
#1651=CARTESIAN_POINT('Ctrl Pts',(57.04,-0.449999999999983,13.));
#1652=CARTESIAN_POINT('Origin',(2.06,7.105427357601E-15,-2.));
#1653=CARTESIAN_POINT('',(2.06,0.45,-2.));
#1654=CARTESIAN_POINT('Origin',(2.06,1.6530254490507E-35,-2.));
#1655=CARTESIAN_POINT('Origin',(2.06,1.6530254490507E-35,-2.));
#1656=CARTESIAN_POINT('',(2.06,0.45,12.1));
#1657=CARTESIAN_POINT('',(2.06,0.45,-2.));
#1658=CARTESIAN_POINT('',(2.51,-2.3480075263368E-17,12.1));
#1659=CARTESIAN_POINT('Origin',(2.06,1.6530254490507E-35,12.1));
#1660=CARTESIAN_POINT('Origin',(2.06,1.6530254490507E-35,12.1));
#1661=CARTESIAN_POINT('Origin',(2.95999999999999,-4.67513953138531E-15,
12.1));
#1662=CARTESIAN_POINT('',(2.96,-0.45,13.));
#1663=CARTESIAN_POINT('',(2.96,-5.69382675934718E-15,12.55));
#1664=CARTESIAN_POINT('Origin',(2.96,1.6530254490507E-35,13.));
#1665=CARTESIAN_POINT('Origin',(2.96,1.6530254490507E-35,13.));
#1666=CARTESIAN_POINT('Origin',(2.95999999999999,-4.62003042542368E-15,
12.1));
#1667=CARTESIAN_POINT('Origin',(4.5,0.,13.005));
#1668=CARTESIAN_POINT('',(36.49,-1.3,25.949887021523));
#1669=CARTESIAN_POINT('',(44.31,-1.3,25.949887021523));
#1670=CARTESIAN_POINT('',(4.5,-1.3,25.949887021523));
#1671=CARTESIAN_POINT('',(45.6,-0.01,26.014996156802));
#1672=CARTESIAN_POINT('Ctrl Pts',(44.31,-1.3,25.949887021523));
#1673=CARTESIAN_POINT('Ctrl Pts',(44.451504976019,-1.3,25.949887021523));
#1674=CARTESIAN_POINT('Ctrl Pts',(44.592813211057,-1.281373819807,25.951757767856));
#1675=CARTESIAN_POINT('Ctrl Pts',(44.732175391786,-1.244214738852,25.955488543599));
#1676=CARTESIAN_POINT('Ctrl Pts',(44.867700889362,-1.188154800631,25.960917871099));
#1677=CARTESIAN_POINT('Ctrl Pts',(44.996997853945,-1.112544991599,25.967699398957));
#1678=CARTESIAN_POINT('Ctrl Pts',(45.159776095054,-0.982135029471,25.977922442815));
#1679=CARTESIAN_POINT('Ctrl Pts',(45.201730212024,-0.944869143774,25.980732193652));
#1680=CARTESIAN_POINT('Ctrl Pts',(45.242286627544,-0.904901902425,25.983610302124));
#1681=CARTESIAN_POINT('Ctrl Pts',(45.281270968246,-0.862176217821,25.986524098969));
#1682=CARTESIAN_POINT('Ctrl Pts',(45.318470588711,-0.81663839992,25.989434991029));
#1683=CARTESIAN_POINT('Ctrl Pts',(45.381252209771,-0.730226911754,25.994546525397));
#1684=CARTESIAN_POINT('Ctrl Pts',(45.407613569833,-0.690449105714,25.99676550502));
#1685=CARTESIAN_POINT('Ctrl Pts',(45.432606197086,-0.648869356161,25.998933929377));
#1686=CARTESIAN_POINT('Ctrl Pts',(45.456095367651,-0.60545186162,26.001027934));
#1687=CARTESIAN_POINT('Ctrl Pts',(45.477919909005,-0.56016926816,26.003020547802));
#1688=CARTESIAN_POINT('Ctrl Pts',(45.528596750922,-0.440491845169,26.00774330785));
#1689=CARTESIAN_POINT('Ctrl Pts',(45.55512032664,-0.363060504679,26.010312787231));
#1690=CARTESIAN_POINT('Ctrl Pts',(45.576535003172,-0.280857836287,26.01246126036));
#1691=CARTESIAN_POINT('Ctrl Pts',(45.591833785144,-0.194227541521,26.014044840849));
#1692=CARTESIAN_POINT('Ctrl Pts',(45.6,-0.103694033033,26.014924139845));
#1693=CARTESIAN_POINT('Ctrl Pts',(45.6,-0.009999999999999,26.014996156802));
#1694=CARTESIAN_POINT('',(45.6,0.01,26.014996156802));
#1695=CARTESIAN_POINT('Origin',(45.6,0.,13.005));
#1696=CARTESIAN_POINT('',(44.31,1.3,25.949887021523));
#1697=CARTESIAN_POINT('Ctrl Pts',(44.31,1.3,25.949887021523));
#1698=CARTESIAN_POINT('Ctrl Pts',(44.451504976019,1.3,25.949887021523));
#1699=CARTESIAN_POINT('Ctrl Pts',(44.592813211057,1.281373819807,25.951757767856));
#1700=CARTESIAN_POINT('Ctrl Pts',(44.732175391786,1.244214738852,25.955488543599));
#1701=CARTESIAN_POINT('Ctrl Pts',(44.867700889362,1.188154800631,25.960917871099));
#1702=CARTESIAN_POINT('Ctrl Pts',(44.996997853945,1.112544991599,25.967699398957));
#1703=CARTESIAN_POINT('Ctrl Pts',(45.159776095054,0.982135029471,25.977922442815));
#1704=CARTESIAN_POINT('Ctrl Pts',(45.201730212024,0.944869143774,25.980732193652));
#1705=CARTESIAN_POINT('Ctrl Pts',(45.242286627544,0.904901902425,25.983610302124));
#1706=CARTESIAN_POINT('Ctrl Pts',(45.281270968246,0.86217621782,25.986524098969));
#1707=CARTESIAN_POINT('Ctrl Pts',(45.318470588711,0.81663839992,25.989434991029));
#1708=CARTESIAN_POINT('Ctrl Pts',(45.381252209771,0.730226911754,25.994546525397));
#1709=CARTESIAN_POINT('Ctrl Pts',(45.407613569833,0.690449105714,25.99676550502));
#1710=CARTESIAN_POINT('Ctrl Pts',(45.432606197086,0.648869356161,25.998933929377));
#1711=CARTESIAN_POINT('Ctrl Pts',(45.456095367651,0.60545186162,26.001027934));
#1712=CARTESIAN_POINT('Ctrl Pts',(45.477919909005,0.56016926816,26.003020547802));
#1713=CARTESIAN_POINT('Ctrl Pts',(45.528596752989,0.440491840289,26.007743308042));
#1714=CARTESIAN_POINT('Ctrl Pts',(45.555120321778,0.363060521447,26.010312786771));
#1715=CARTESIAN_POINT('Ctrl Pts',(45.576535007911,0.280857811441,26.012461260818));
#1716=CARTESIAN_POINT('Ctrl Pts',(45.591833783299,0.194227559966,26.014044840664));
#1717=CARTESIAN_POINT('Ctrl Pts',(45.6,0.103694027045,26.01492413985));
#1718=CARTESIAN_POINT('Ctrl Pts',(45.6,0.01,26.014996156802));
#1719=CARTESIAN_POINT('',(36.49,1.3,25.949887021523));
#1720=CARTESIAN_POINT('',(4.5,1.3,25.949887021523));
#1721=CARTESIAN_POINT('',(35.2,0.01,26.014996156802));
#1722=CARTESIAN_POINT('Ctrl Pts',(36.49,1.3,25.949887021523));
#1723=CARTESIAN_POINT('Ctrl Pts',(36.348495023981,1.3,25.949887021523));
#1724=CARTESIAN_POINT('Ctrl Pts',(36.207186788943,1.281373819807,25.951757767856));
#1725=CARTESIAN_POINT('Ctrl Pts',(36.067824608214,1.244214738852,25.955488543599));
#1726=CARTESIAN_POINT('Ctrl Pts',(35.932299110638,1.188154800631,25.960917871099));
#1727=CARTESIAN_POINT('Ctrl Pts',(35.803002146055,1.112544991599,25.967699398957));
#1728=CARTESIAN_POINT('Ctrl Pts',(35.640223904946,0.982135029471,25.977922442815));
#1729=CARTESIAN_POINT('Ctrl Pts',(35.598269787976,0.944869143774,25.980732193652));
#1730=CARTESIAN_POINT('Ctrl Pts',(35.557713372456,0.904901902425,25.983610302124));
#1731=CARTESIAN_POINT('Ctrl Pts',(35.518729031754,0.86217621782,25.986524098969));
#1732=CARTESIAN_POINT('Ctrl Pts',(35.481529411289,0.81663839992,25.989434991029));
#1733=CARTESIAN_POINT('Ctrl Pts',(35.418747790229,0.730226911754,25.994546525397));
#1734=CARTESIAN_POINT('Ctrl Pts',(35.392386430167,0.690449105714,25.99676550502));
#1735=CARTESIAN_POINT('Ctrl Pts',(35.367393802914,0.648869356161,25.998933929377));
#1736=CARTESIAN_POINT('Ctrl Pts',(35.343904632349,0.60545186162,26.001027934));
#1737=CARTESIAN_POINT('Ctrl Pts',(35.322080090994,0.56016926816,26.003020547802));
#1738=CARTESIAN_POINT('Ctrl Pts',(35.271403249077,0.440491845169,26.00774330785));
#1739=CARTESIAN_POINT('Ctrl Pts',(35.24487967336,0.363060504679,26.010312787231));
#1740=CARTESIAN_POINT('Ctrl Pts',(35.223464996828,0.280857836288,26.01246126036));
#1741=CARTESIAN_POINT('Ctrl Pts',(35.208166214856,0.19422754152,26.01404484085));
#1742=CARTESIAN_POINT('Ctrl Pts',(35.2,0.103694033033,26.014924139845));
#1743=CARTESIAN_POINT('Ctrl Pts',(35.2,0.01,26.014996156802));
#1744=CARTESIAN_POINT('',(35.2,-0.01,26.014996156802));
#1745=CARTESIAN_POINT('Origin',(35.2,0.,13.005));
#1746=CARTESIAN_POINT('Ctrl Pts',(36.49,-1.3,25.949887021523));
#1747=CARTESIAN_POINT('Ctrl Pts',(36.348495023981,-1.3,25.949887021523));
#1748=CARTESIAN_POINT('Ctrl Pts',(36.207186788943,-1.281373819807,25.951757767856));
#1749=CARTESIAN_POINT('Ctrl Pts',(36.067824608213,-1.244214738852,25.955488543599));
#1750=CARTESIAN_POINT('Ctrl Pts',(35.932299110638,-1.188154800631,25.960917871099));
#1751=CARTESIAN_POINT('Ctrl Pts',(35.803002146055,-1.112544991599,25.967699398957));
#1752=CARTESIAN_POINT('Ctrl Pts',(35.640223904946,-0.982135029471,25.977922442815));
#1753=CARTESIAN_POINT('Ctrl Pts',(35.598269787976,-0.944869143774,25.980732193652));
#1754=CARTESIAN_POINT('Ctrl Pts',(35.557713372456,-0.904901902425,25.983610302124));
#1755=CARTESIAN_POINT('Ctrl Pts',(35.518729031754,-0.862176217821,25.986524098969));
#1756=CARTESIAN_POINT('Ctrl Pts',(35.481529411289,-0.81663839992,25.989434991029));
#1757=CARTESIAN_POINT('Ctrl Pts',(35.418747790229,-0.730226911754,25.994546525397));
#1758=CARTESIAN_POINT('Ctrl Pts',(35.392386430167,-0.690449105714,25.99676550502));
#1759=CARTESIAN_POINT('Ctrl Pts',(35.367393802914,-0.648869356161,25.998933929377));
#1760=CARTESIAN_POINT('Ctrl Pts',(35.343904632349,-0.60545186162,26.001027934));
#1761=CARTESIAN_POINT('Ctrl Pts',(35.322080090995,-0.56016926816,26.003020547802));
#1762=CARTESIAN_POINT('Ctrl Pts',(35.271403249078,-0.440491845169,26.00774330785));
#1763=CARTESIAN_POINT('Ctrl Pts',(35.24487967336,-0.363060504679,26.010312787231));
#1764=CARTESIAN_POINT('Ctrl Pts',(35.223464996828,-0.280857836287,26.01246126036));
#1765=CARTESIAN_POINT('Ctrl Pts',(35.208166214856,-0.194227541521,26.014044840849));
#1766=CARTESIAN_POINT('Ctrl Pts',(35.2,-0.103694033033,26.014924139845));
#1767=CARTESIAN_POINT('Ctrl Pts',(35.2,-0.009999999999999,26.014996156802));
#1768=CARTESIAN_POINT('Origin',(4.5,0.,13.005));
#1769=CARTESIAN_POINT('',(15.69,-1.3,25.949887021523));
#1770=CARTESIAN_POINT('',(23.51,-1.3,25.949887021523));
#1771=CARTESIAN_POINT('',(4.5,-1.3,25.949887021523));
#1772=CARTESIAN_POINT('',(24.8,-0.01,26.014996156802));
#1773=CARTESIAN_POINT('Ctrl Pts',(23.51,-1.3,25.949887021523));
#1774=CARTESIAN_POINT('Ctrl Pts',(23.651504976019,-1.3,25.949887021523));
#1775=CARTESIAN_POINT('Ctrl Pts',(23.792813211057,-1.281373819807,25.951757767856));
#1776=CARTESIAN_POINT('Ctrl Pts',(23.932175391786,-1.244214738852,25.955488543599));
#1777=CARTESIAN_POINT('Ctrl Pts',(24.067700889362,-1.188154800631,25.960917871099));
#1778=CARTESIAN_POINT('Ctrl Pts',(24.196997853945,-1.112544991599,25.967699398957));
#1779=CARTESIAN_POINT('Ctrl Pts',(24.359776095054,-0.982135029471,25.977922442815));
#1780=CARTESIAN_POINT('Ctrl Pts',(24.401730212024,-0.944869143774,25.980732193652));
#1781=CARTESIAN_POINT('Ctrl Pts',(24.442286627544,-0.904901902425,25.983610302124));
#1782=CARTESIAN_POINT('Ctrl Pts',(24.481270968246,-0.862176217821,25.986524098969));
#1783=CARTESIAN_POINT('Ctrl Pts',(24.518470588711,-0.81663839992,25.989434991029));
#1784=CARTESIAN_POINT('Ctrl Pts',(24.581252209771,-0.730226911754,25.994546525397));
#1785=CARTESIAN_POINT('Ctrl Pts',(24.607613569833,-0.690449105714,25.99676550502));
#1786=CARTESIAN_POINT('Ctrl Pts',(24.632606197086,-0.648869356161,25.998933929377));
#1787=CARTESIAN_POINT('Ctrl Pts',(24.656095367651,-0.60545186162,26.001027934));
#1788=CARTESIAN_POINT('Ctrl Pts',(24.677919909005,-0.56016926816,26.003020547802));
#1789=CARTESIAN_POINT('Ctrl Pts',(24.728596750922,-0.440491845169,26.00774330785));
#1790=CARTESIAN_POINT('Ctrl Pts',(24.75512032664,-0.363060504679,26.010312787231));
#1791=CARTESIAN_POINT('Ctrl Pts',(24.776535003172,-0.280857836287,26.01246126036));
#1792=CARTESIAN_POINT('Ctrl Pts',(24.791833785144,-0.19422754152,26.014044840849));
#1793=CARTESIAN_POINT('Ctrl Pts',(24.8,-0.103694033033,26.014924139845));
#1794=CARTESIAN_POINT('Ctrl Pts',(24.8,-0.009999999999999,26.014996156802));
#1795=CARTESIAN_POINT('',(24.8,0.01,26.014996156802));
#1796=CARTESIAN_POINT('Origin',(24.8,0.,13.005));
#1797=CARTESIAN_POINT('',(23.51,1.3,25.949887021523));
#1798=CARTESIAN_POINT('Ctrl Pts',(23.51,1.3,25.949887021523));
#1799=CARTESIAN_POINT('Ctrl Pts',(23.651504976019,1.3,25.949887021523));
#1800=CARTESIAN_POINT('Ctrl Pts',(23.792813211057,1.281373819807,25.951757767856));
#1801=CARTESIAN_POINT('Ctrl Pts',(23.932175391786,1.244214738852,25.955488543599));
#1802=CARTESIAN_POINT('Ctrl Pts',(24.067700889362,1.188154800631,25.960917871099));
#1803=CARTESIAN_POINT('Ctrl Pts',(24.196997853945,1.112544991599,25.967699398957));
#1804=CARTESIAN_POINT('Ctrl Pts',(24.359776095054,0.982135029471,25.977922442815));
#1805=CARTESIAN_POINT('Ctrl Pts',(24.401730212024,0.944869143774,25.980732193652));
#1806=CARTESIAN_POINT('Ctrl Pts',(24.442286627544,0.904901902425,25.983610302124));
#1807=CARTESIAN_POINT('Ctrl Pts',(24.481270968246,0.86217621782,25.986524098969));
#1808=CARTESIAN_POINT('Ctrl Pts',(24.518470588711,0.81663839992,25.989434991029));
#1809=CARTESIAN_POINT('Ctrl Pts',(24.581252209771,0.730226911754,25.994546525397));
#1810=CARTESIAN_POINT('Ctrl Pts',(24.607613569833,0.690449105714,25.99676550502));
#1811=CARTESIAN_POINT('Ctrl Pts',(24.632606197086,0.648869356161,25.998933929377));
#1812=CARTESIAN_POINT('Ctrl Pts',(24.656095367651,0.60545186162,26.001027934));
#1813=CARTESIAN_POINT('Ctrl Pts',(24.677919909006,0.56016926816,26.003020547802));
#1814=CARTESIAN_POINT('Ctrl Pts',(24.728596752989,0.440491840289,26.007743308042));
#1815=CARTESIAN_POINT('Ctrl Pts',(24.755120321778,0.363060521447,26.010312786771));
#1816=CARTESIAN_POINT('Ctrl Pts',(24.776535007911,0.280857811441,26.012461260818));
#1817=CARTESIAN_POINT('Ctrl Pts',(24.791833783299,0.194227559966,26.014044840664));
#1818=CARTESIAN_POINT('Ctrl Pts',(24.8,0.103694027045,26.01492413985));
#1819=CARTESIAN_POINT('Ctrl Pts',(24.8,0.01,26.014996156802));
#1820=CARTESIAN_POINT('',(15.69,1.3,25.949887021523));
#1821=CARTESIAN_POINT('',(4.5,1.3,25.949887021523));
#1822=CARTESIAN_POINT('',(14.4,0.01,26.014996156802));
#1823=CARTESIAN_POINT('Ctrl Pts',(15.69,1.3,25.949887021523));
#1824=CARTESIAN_POINT('Ctrl Pts',(15.548495023981,1.3,25.949887021523));
#1825=CARTESIAN_POINT('Ctrl Pts',(15.407186788943,1.281373819807,25.951757767856));
#1826=CARTESIAN_POINT('Ctrl Pts',(15.267824608214,1.244214738853,25.955488543599));
#1827=CARTESIAN_POINT('Ctrl Pts',(15.132299110638,1.188154800631,25.960917871099));
#1828=CARTESIAN_POINT('Ctrl Pts',(15.003002146055,1.112544991599,25.967699398957));
#1829=CARTESIAN_POINT('Ctrl Pts',(14.840223904946,0.982135029471,25.977922442815));
#1830=CARTESIAN_POINT('Ctrl Pts',(14.798269787976,0.944869143774,25.980732193652));
#1831=CARTESIAN_POINT('Ctrl Pts',(14.757713372456,0.904901902425,25.983610302124));
#1832=CARTESIAN_POINT('Ctrl Pts',(14.718729031754,0.86217621782,25.986524098969));
#1833=CARTESIAN_POINT('Ctrl Pts',(14.681529411289,0.81663839992,25.989434991029));
#1834=CARTESIAN_POINT('Ctrl Pts',(14.618747790229,0.730226911754,25.994546525397));
#1835=CARTESIAN_POINT('Ctrl Pts',(14.592386430167,0.690449105714,25.99676550502));
#1836=CARTESIAN_POINT('Ctrl Pts',(14.567393802914,0.648869356161,25.998933929377));
#1837=CARTESIAN_POINT('Ctrl Pts',(14.543904632349,0.60545186162,26.001027934));
#1838=CARTESIAN_POINT('Ctrl Pts',(14.522080090994,0.56016926816,26.003020547802));
#1839=CARTESIAN_POINT('Ctrl Pts',(14.471403247011,0.440491840289,26.007743308042));
#1840=CARTESIAN_POINT('Ctrl Pts',(14.444879678222,0.363060521447,26.010312786771));
#1841=CARTESIAN_POINT('Ctrl Pts',(14.423464992089,0.280857811441,26.012461260818));
#1842=CARTESIAN_POINT('Ctrl Pts',(14.408166216701,0.194227559966,26.014044840664));
#1843=CARTESIAN_POINT('Ctrl Pts',(14.4,0.103694027045,26.01492413985));
#1844=CARTESIAN_POINT('Ctrl Pts',(14.4,0.01,26.014996156802));
#1845=CARTESIAN_POINT('',(14.4,-0.01,26.014996156802));
#1846=CARTESIAN_POINT('Origin',(14.4,0.,13.005));
#1847=CARTESIAN_POINT('Ctrl Pts',(15.69,-1.3,25.949887021523));
#1848=CARTESIAN_POINT('Ctrl Pts',(15.548495023981,-1.3,25.949887021523));
#1849=CARTESIAN_POINT('Ctrl Pts',(15.407186788943,-1.281373819807,25.951757767856));
#1850=CARTESIAN_POINT('Ctrl Pts',(15.267824608214,-1.244214738852,25.955488543599));
#1851=CARTESIAN_POINT('Ctrl Pts',(15.132299110638,-1.188154800631,25.960917871099));
#1852=CARTESIAN_POINT('Ctrl Pts',(15.003002146055,-1.112544991599,25.967699398957));
#1853=CARTESIAN_POINT('Ctrl Pts',(14.840223904946,-0.982135029471,25.977922442815));
#1854=CARTESIAN_POINT('Ctrl Pts',(14.798269787976,-0.944869143774,25.980732193652));
#1855=CARTESIAN_POINT('Ctrl Pts',(14.757713372456,-0.904901902425,25.983610302124));
#1856=CARTESIAN_POINT('Ctrl Pts',(14.718729031754,-0.862176217821,25.986524098969));
#1857=CARTESIAN_POINT('Ctrl Pts',(14.681529411289,-0.81663839992,25.989434991029));
#1858=CARTESIAN_POINT('Ctrl Pts',(14.618747790229,-0.730226911754,25.994546525397));
#1859=CARTESIAN_POINT('Ctrl Pts',(14.592386430167,-0.690449105714,25.99676550502));
#1860=CARTESIAN_POINT('Ctrl Pts',(14.567393802914,-0.648869356161,25.998933929377));
#1861=CARTESIAN_POINT('Ctrl Pts',(14.543904632349,-0.60545186162,26.001027934));
#1862=CARTESIAN_POINT('Ctrl Pts',(14.522080090995,-0.56016926816,26.003020547802));
#1863=CARTESIAN_POINT('Ctrl Pts',(14.471403247011,-0.440491840289,26.007743308042));
#1864=CARTESIAN_POINT('Ctrl Pts',(14.444879678222,-0.363060521446,26.010312786771));
#1865=CARTESIAN_POINT('Ctrl Pts',(14.423464992089,-0.280857811441,26.012461260818));
#1866=CARTESIAN_POINT('Ctrl Pts',(14.408166216701,-0.194227559966,26.014044840664));
#1867=CARTESIAN_POINT('Ctrl Pts',(14.4,-0.103694027045,26.01492413985));
#1868=CARTESIAN_POINT('Ctrl Pts',(14.4,-0.009999999999999,26.014996156802));
#1869=CARTESIAN_POINT('Origin',(2.96,1.6530254490507E-35,13.));
#1870=CARTESIAN_POINT('',(3.,-0.45,13.));
#1871=CARTESIAN_POINT('',(2.96,-0.45,13.));
#1872=CARTESIAN_POINT('Origin',(3.,1.65260467707171E-34,13.));
#1873=CARTESIAN_POINT('Origin',(35.2,-1.3,27.));
#1874=CARTESIAN_POINT('',(36.49,-1.3,25.944887021523));
#1875=CARTESIAN_POINT('',(44.31,-1.3,25.944887021523));
#1876=CARTESIAN_POINT('',(4.5,-1.3,25.944887021523));
#1877=CARTESIAN_POINT('',(44.31,-1.3,27.));
#1878=CARTESIAN_POINT('',(36.49,-1.3,27.));
#1879=CARTESIAN_POINT('Origin',(44.31,-0.01,27.));
#1880=CARTESIAN_POINT('',(45.6,-0.01,26.009996156802));
#1881=CARTESIAN_POINT('Ctrl Pts',(44.31,-1.3,25.944887021523));
#1882=CARTESIAN_POINT('Ctrl Pts',(44.451504976019,-1.3,25.944887021523));
#1883=CARTESIAN_POINT('Ctrl Pts',(44.592813211057,-1.281373819807,25.946757767856));
#1884=CARTESIAN_POINT('Ctrl Pts',(44.732175391786,-1.244214738852,25.950488543599));
#1885=CARTESIAN_POINT('Ctrl Pts',(44.867700889362,-1.188154800631,25.955917871099));
#1886=CARTESIAN_POINT('Ctrl Pts',(44.996997853945,-1.112544991599,25.962699398957));
#1887=CARTESIAN_POINT('Ctrl Pts',(45.159776095054,-0.982135029471,25.972922442815));
#1888=CARTESIAN_POINT('Ctrl Pts',(45.201730212024,-0.944869143774,25.975732193652));
#1889=CARTESIAN_POINT('Ctrl Pts',(45.242286627544,-0.904901902425,25.978610302124));
#1890=CARTESIAN_POINT('Ctrl Pts',(45.281270968246,-0.862176217821,25.981524098969));
#1891=CARTESIAN_POINT('Ctrl Pts',(45.318470588711,-0.81663839992,25.984434991029));
#1892=CARTESIAN_POINT('Ctrl Pts',(45.381252209771,-0.730226911754,25.989546525397));
#1893=CARTESIAN_POINT('Ctrl Pts',(45.407613569833,-0.690449105714,25.99176550502));
#1894=CARTESIAN_POINT('Ctrl Pts',(45.432606197086,-0.648869356161,25.993933929377));
#1895=CARTESIAN_POINT('Ctrl Pts',(45.456095367651,-0.60545186162,25.996027934));
#1896=CARTESIAN_POINT('Ctrl Pts',(45.477919909005,-0.56016926816,25.998020547802));
#1897=CARTESIAN_POINT('Ctrl Pts',(45.528596750922,-0.440491845169,26.00274330785));
#1898=CARTESIAN_POINT('Ctrl Pts',(45.55512032664,-0.363060504679,26.005312787231));
#1899=CARTESIAN_POINT('Ctrl Pts',(45.576535003172,-0.280857836287,26.00746126036));
#1900=CARTESIAN_POINT('Ctrl Pts',(45.591833785144,-0.194227541521,26.009044840849));
#1901=CARTESIAN_POINT('Ctrl Pts',(45.6,-0.103694033033,26.009924139845));
#1902=CARTESIAN_POINT('Ctrl Pts',(45.6,-0.009999999999999,26.009996156802));
#1903=CARTESIAN_POINT('',(45.6,-0.01,27.));
#1904=CARTESIAN_POINT('Origin',(45.6,-1.3,27.));
#1905=CARTESIAN_POINT('',(45.6,0.01,26.009996156802));
#1906=CARTESIAN_POINT('Origin',(45.6,0.,13.));
#1907=CARTESIAN_POINT('',(45.6,0.01,27.));
#1908=CARTESIAN_POINT('Origin',(44.31,0.01,27.));
#1909=CARTESIAN_POINT('',(44.31,1.3,25.944887021523));
#1910=CARTESIAN_POINT('',(44.31,1.3,27.));
#1911=CARTESIAN_POINT('Ctrl Pts',(44.31,1.3,25.944887021523));
#1912=CARTESIAN_POINT('Ctrl Pts',(44.451504976019,1.3,25.944887021523));
#1913=CARTESIAN_POINT('Ctrl Pts',(44.592813211057,1.281373819807,25.946757767856));
#1914=CARTESIAN_POINT('Ctrl Pts',(44.732175391786,1.244214738852,25.950488543599));
#1915=CARTESIAN_POINT('Ctrl Pts',(44.867700889362,1.188154800631,25.955917871099));
#1916=CARTESIAN_POINT('Ctrl Pts',(44.996997853945,1.112544991599,25.962699398957));
#1917=CARTESIAN_POINT('Ctrl Pts',(45.159776095054,0.982135029471,25.972922442815));
#1918=CARTESIAN_POINT('Ctrl Pts',(45.201730212024,0.944869143774,25.975732193652));
#1919=CARTESIAN_POINT('Ctrl Pts',(45.242286627544,0.904901902425,25.978610302124));
#1920=CARTESIAN_POINT('Ctrl Pts',(45.281270968246,0.86217621782,25.981524098969));
#1921=CARTESIAN_POINT('Ctrl Pts',(45.318470588711,0.81663839992,25.984434991029));
#1922=CARTESIAN_POINT('Ctrl Pts',(45.381252209771,0.730226911754,25.989546525397));
#1923=CARTESIAN_POINT('Ctrl Pts',(45.407613569833,0.690449105714,25.99176550502));
#1924=CARTESIAN_POINT('Ctrl Pts',(45.432606197086,0.648869356161,25.993933929377));
#1925=CARTESIAN_POINT('Ctrl Pts',(45.456095367651,0.60545186162,25.996027934));
#1926=CARTESIAN_POINT('Ctrl Pts',(45.477919909005,0.56016926816,25.998020547802));
#1927=CARTESIAN_POINT('Ctrl Pts',(45.528596752989,0.440491840289,26.002743308042));
#1928=CARTESIAN_POINT('Ctrl Pts',(45.555120321778,0.363060521447,26.005312786771));
#1929=CARTESIAN_POINT('Ctrl Pts',(45.576535007911,0.280857811441,26.007461260818));
#1930=CARTESIAN_POINT('Ctrl Pts',(45.591833783299,0.194227559966,26.009044840664));
#1931=CARTESIAN_POINT('Ctrl Pts',(45.6,0.103694027045,26.00992413985));
#1932=CARTESIAN_POINT('Ctrl Pts',(45.6,0.01,26.009996156802));
#1933=CARTESIAN_POINT('Origin',(35.2,1.3,27.));
#1934=CARTESIAN_POINT('',(36.49,1.3,25.944887021523));
#1935=CARTESIAN_POINT('',(4.5,1.3,25.944887021523));
#1936=CARTESIAN_POINT('',(36.49,1.3,27.));
#1937=CARTESIAN_POINT('Origin',(36.49,0.01,27.));
#1938=CARTESIAN_POINT('',(35.2,0.01,26.009996156802));
#1939=CARTESIAN_POINT('Ctrl Pts',(36.49,1.3,25.944887021523));
#1940=CARTESIAN_POINT('Ctrl Pts',(36.348495023981,1.3,25.944887021523));
#1941=CARTESIAN_POINT('Ctrl Pts',(36.207186788943,1.281373819807,25.946757767856));
#1942=CARTESIAN_POINT('Ctrl Pts',(36.067824608214,1.244214738852,25.950488543599));
#1943=CARTESIAN_POINT('Ctrl Pts',(35.932299110638,1.188154800631,25.955917871099));
#1944=CARTESIAN_POINT('Ctrl Pts',(35.803002146055,1.112544991599,25.962699398957));
#1945=CARTESIAN_POINT('Ctrl Pts',(35.640223904946,0.982135029471,25.972922442815));
#1946=CARTESIAN_POINT('Ctrl Pts',(35.598269787976,0.944869143774,25.975732193652));
#1947=CARTESIAN_POINT('Ctrl Pts',(35.557713372456,0.904901902425,25.978610302124));
#1948=CARTESIAN_POINT('Ctrl Pts',(35.518729031754,0.86217621782,25.981524098969));
#1949=CARTESIAN_POINT('Ctrl Pts',(35.481529411289,0.81663839992,25.984434991029));
#1950=CARTESIAN_POINT('Ctrl Pts',(35.418747790229,0.730226911754,25.989546525397));
#1951=CARTESIAN_POINT('Ctrl Pts',(35.392386430167,0.690449105714,25.99176550502));
#1952=CARTESIAN_POINT('Ctrl Pts',(35.367393802914,0.648869356161,25.993933929377));
#1953=CARTESIAN_POINT('Ctrl Pts',(35.343904632349,0.60545186162,25.996027934));
#1954=CARTESIAN_POINT('Ctrl Pts',(35.322080090994,0.56016926816,25.998020547802));
#1955=CARTESIAN_POINT('Ctrl Pts',(35.271403249077,0.440491845169,26.00274330785));
#1956=CARTESIAN_POINT('Ctrl Pts',(35.24487967336,0.363060504679,26.005312787231));
#1957=CARTESIAN_POINT('Ctrl Pts',(35.223464996828,0.280857836288,26.00746126036));
#1958=CARTESIAN_POINT('Ctrl Pts',(35.208166214856,0.19422754152,26.009044840849));
#1959=CARTESIAN_POINT('Ctrl Pts',(35.2,0.103694033033,26.009924139845));
#1960=CARTESIAN_POINT('Ctrl Pts',(35.2,0.01,26.009996156802));
#1961=CARTESIAN_POINT('',(35.2,0.01,27.));
#1962=CARTESIAN_POINT('Origin',(35.2,-1.3,27.));
#1963=CARTESIAN_POINT('',(35.2,-0.01,26.009996156802));
#1964=CARTESIAN_POINT('Origin',(35.2,0.,13.));
#1965=CARTESIAN_POINT('',(35.2,-0.01,27.));
#1966=CARTESIAN_POINT('Origin',(36.49,-0.01,27.));
#1967=CARTESIAN_POINT('Ctrl Pts',(36.49,-1.3,25.944887021523));
#1968=CARTESIAN_POINT('Ctrl Pts',(36.348495023981,-1.3,25.944887021523));
#1969=CARTESIAN_POINT('Ctrl Pts',(36.207186788943,-1.281373819807,25.946757767856));
#1970=CARTESIAN_POINT('Ctrl Pts',(36.067824608213,-1.244214738852,25.950488543599));
#1971=CARTESIAN_POINT('Ctrl Pts',(35.932299110638,-1.188154800631,25.955917871099));
#1972=CARTESIAN_POINT('Ctrl Pts',(35.803002146055,-1.112544991599,25.962699398957));
#1973=CARTESIAN_POINT('Ctrl Pts',(35.640223904946,-0.982135029471,25.972922442815));
#1974=CARTESIAN_POINT('Ctrl Pts',(35.598269787976,-0.944869143774,25.975732193652));
#1975=CARTESIAN_POINT('Ctrl Pts',(35.557713372456,-0.904901902425,25.978610302124));
#1976=CARTESIAN_POINT('Ctrl Pts',(35.518729031754,-0.862176217821,25.981524098969));
#1977=CARTESIAN_POINT('Ctrl Pts',(35.481529411289,-0.81663839992,25.984434991029));
#1978=CARTESIAN_POINT('Ctrl Pts',(35.418747790229,-0.730226911754,25.989546525397));
#1979=CARTESIAN_POINT('Ctrl Pts',(35.392386430167,-0.690449105714,25.99176550502));
#1980=CARTESIAN_POINT('Ctrl Pts',(35.367393802914,-0.648869356161,25.993933929377));
#1981=CARTESIAN_POINT('Ctrl Pts',(35.343904632349,-0.60545186162,25.996027934));
#1982=CARTESIAN_POINT('Ctrl Pts',(35.322080090995,-0.56016926816,25.998020547802));
#1983=CARTESIAN_POINT('Ctrl Pts',(35.271403249078,-0.440491845169,26.00274330785));
#1984=CARTESIAN_POINT('Ctrl Pts',(35.24487967336,-0.363060504679,26.005312787231));
#1985=CARTESIAN_POINT('Ctrl Pts',(35.223464996828,-0.280857836287,26.00746126036));
#1986=CARTESIAN_POINT('Ctrl Pts',(35.208166214856,-0.194227541521,26.009044840849));
#1987=CARTESIAN_POINT('Ctrl Pts',(35.2,-0.103694033033,26.009924139845));
#1988=CARTESIAN_POINT('Ctrl Pts',(35.2,-0.009999999999999,26.009996156802));
#1989=CARTESIAN_POINT('Origin',(14.4,-1.3,27.));
#1990=CARTESIAN_POINT('',(15.69,-1.3,25.944887021523));
#1991=CARTESIAN_POINT('',(23.51,-1.3,25.944887021523));
#1992=CARTESIAN_POINT('',(4.5,-1.3,25.944887021523));
#1993=CARTESIAN_POINT('',(23.51,-1.3,27.));
#1994=CARTESIAN_POINT('',(15.69,-1.3,27.));
#1995=CARTESIAN_POINT('Origin',(23.51,-0.01,27.));
#1996=CARTESIAN_POINT('',(24.8,-0.01,26.009996156802));
#1997=CARTESIAN_POINT('Ctrl Pts',(23.51,-1.3,25.944887021523));
#1998=CARTESIAN_POINT('Ctrl Pts',(23.651504976019,-1.3,25.944887021523));
#1999=CARTESIAN_POINT('Ctrl Pts',(23.792813211057,-1.281373819807,25.946757767856));
#2000=CARTESIAN_POINT('Ctrl Pts',(23.932175391786,-1.244214738852,25.950488543599));
#2001=CARTESIAN_POINT('Ctrl Pts',(24.067700889362,-1.188154800631,25.955917871099));
#2002=CARTESIAN_POINT('Ctrl Pts',(24.196997853945,-1.112544991599,25.962699398957));
#2003=CARTESIAN_POINT('Ctrl Pts',(24.359776095054,-0.982135029471,25.972922442815));
#2004=CARTESIAN_POINT('Ctrl Pts',(24.401730212024,-0.944869143774,25.975732193652));
#2005=CARTESIAN_POINT('Ctrl Pts',(24.442286627544,-0.904901902425,25.978610302124));
#2006=CARTESIAN_POINT('Ctrl Pts',(24.481270968246,-0.862176217821,25.981524098969));
#2007=CARTESIAN_POINT('Ctrl Pts',(24.518470588711,-0.81663839992,25.984434991029));
#2008=CARTESIAN_POINT('Ctrl Pts',(24.581252209771,-0.730226911754,25.989546525397));
#2009=CARTESIAN_POINT('Ctrl Pts',(24.607613569833,-0.690449105714,25.99176550502));
#2010=CARTESIAN_POINT('Ctrl Pts',(24.632606197086,-0.648869356161,25.993933929377));
#2011=CARTESIAN_POINT('Ctrl Pts',(24.656095367651,-0.60545186162,25.996027934));
#2012=CARTESIAN_POINT('Ctrl Pts',(24.677919909005,-0.56016926816,25.998020547802));
#2013=CARTESIAN_POINT('Ctrl Pts',(24.728596750922,-0.440491845169,26.00274330785));
#2014=CARTESIAN_POINT('Ctrl Pts',(24.75512032664,-0.363060504679,26.005312787231));
#2015=CARTESIAN_POINT('Ctrl Pts',(24.776535003172,-0.280857836287,26.00746126036));
#2016=CARTESIAN_POINT('Ctrl Pts',(24.791833785144,-0.19422754152,26.009044840849));
#2017=CARTESIAN_POINT('Ctrl Pts',(24.8,-0.103694033033,26.009924139845));
#2018=CARTESIAN_POINT('Ctrl Pts',(24.8,-0.009999999999999,26.009996156802));
#2019=CARTESIAN_POINT('',(24.8,-0.01,27.));
#2020=CARTESIAN_POINT('Origin',(24.8,-1.3,27.));
#2021=CARTESIAN_POINT('',(24.8,0.01,26.009996156802));
#2022=CARTESIAN_POINT('Origin',(24.8,0.,13.));
#2023=CARTESIAN_POINT('',(24.8,0.01,27.));
#2024=CARTESIAN_POINT('Origin',(23.51,0.01,27.));
#2025=CARTESIAN_POINT('',(23.51,1.3,25.944887021523));
#2026=CARTESIAN_POINT('',(23.51,1.3,27.));
#2027=CARTESIAN_POINT('Ctrl Pts',(23.51,1.3,25.944887021523));
#2028=CARTESIAN_POINT('Ctrl Pts',(23.651504976019,1.3,25.944887021523));
#2029=CARTESIAN_POINT('Ctrl Pts',(23.792813211057,1.281373819807,25.946757767856));
#2030=CARTESIAN_POINT('Ctrl Pts',(23.932175391786,1.244214738852,25.950488543599));
#2031=CARTESIAN_POINT('Ctrl Pts',(24.067700889362,1.188154800631,25.955917871099));
#2032=CARTESIAN_POINT('Ctrl Pts',(24.196997853945,1.112544991599,25.962699398957));
#2033=CARTESIAN_POINT('Ctrl Pts',(24.359776095054,0.982135029471,25.972922442815));
#2034=CARTESIAN_POINT('Ctrl Pts',(24.401730212024,0.944869143774,25.975732193652));
#2035=CARTESIAN_POINT('Ctrl Pts',(24.442286627544,0.904901902425,25.978610302124));
#2036=CARTESIAN_POINT('Ctrl Pts',(24.481270968246,0.86217621782,25.981524098969));
#2037=CARTESIAN_POINT('Ctrl Pts',(24.518470588711,0.81663839992,25.984434991029));
#2038=CARTESIAN_POINT('Ctrl Pts',(24.581252209771,0.730226911754,25.989546525397));
#2039=CARTESIAN_POINT('Ctrl Pts',(24.607613569833,0.690449105714,25.99176550502));
#2040=CARTESIAN_POINT('Ctrl Pts',(24.632606197086,0.648869356161,25.993933929377));
#2041=CARTESIAN_POINT('Ctrl Pts',(24.656095367651,0.60545186162,25.996027934));
#2042=CARTESIAN_POINT('Ctrl Pts',(24.677919909006,0.56016926816,25.998020547802));
#2043=CARTESIAN_POINT('Ctrl Pts',(24.728596752989,0.440491840289,26.002743308042));
#2044=CARTESIAN_POINT('Ctrl Pts',(24.755120321778,0.363060521447,26.005312786771));
#2045=CARTESIAN_POINT('Ctrl Pts',(24.776535007911,0.280857811441,26.007461260818));
#2046=CARTESIAN_POINT('Ctrl Pts',(24.791833783299,0.194227559966,26.009044840664));
#2047=CARTESIAN_POINT('Ctrl Pts',(24.8,0.103694027045,26.00992413985));
#2048=CARTESIAN_POINT('Ctrl Pts',(24.8,0.01,26.009996156802));
#2049=CARTESIAN_POINT('Origin',(14.4,1.3,27.));
#2050=CARTESIAN_POINT('',(15.69,1.3,25.944887021523));
#2051=CARTESIAN_POINT('',(4.5,1.3,25.944887021523));
#2052=CARTESIAN_POINT('',(15.69,1.3,27.));
#2053=CARTESIAN_POINT('Origin',(15.69,0.01,27.));
#2054=CARTESIAN_POINT('',(14.4,0.01,26.009996156802));
#2055=CARTESIAN_POINT('Ctrl Pts',(15.69,1.3,25.944887021523));
#2056=CARTESIAN_POINT('Ctrl Pts',(15.548495023981,1.3,25.944887021523));
#2057=CARTESIAN_POINT('Ctrl Pts',(15.407186788943,1.281373819807,25.946757767856));
#2058=CARTESIAN_POINT('Ctrl Pts',(15.267824608214,1.244214738853,25.950488543599));
#2059=CARTESIAN_POINT('Ctrl Pts',(15.132299110638,1.188154800631,25.955917871099));
#2060=CARTESIAN_POINT('Ctrl Pts',(15.003002146055,1.112544991599,25.962699398957));
#2061=CARTESIAN_POINT('Ctrl Pts',(14.840223904946,0.982135029471,25.972922442815));
#2062=CARTESIAN_POINT('Ctrl Pts',(14.798269787976,0.944869143774,25.975732193652));
#2063=CARTESIAN_POINT('Ctrl Pts',(14.757713372456,0.904901902425,25.978610302124));
#2064=CARTESIAN_POINT('Ctrl Pts',(14.718729031754,0.86217621782,25.981524098969));
#2065=CARTESIAN_POINT('Ctrl Pts',(14.681529411289,0.81663839992,25.984434991029));
#2066=CARTESIAN_POINT('Ctrl Pts',(14.618747790229,0.730226911754,25.989546525397));
#2067=CARTESIAN_POINT('Ctrl Pts',(14.592386430167,0.690449105714,25.99176550502));
#2068=CARTESIAN_POINT('Ctrl Pts',(14.567393802914,0.648869356161,25.993933929377));
#2069=CARTESIAN_POINT('Ctrl Pts',(14.543904632349,0.60545186162,25.996027934));
#2070=CARTESIAN_POINT('Ctrl Pts',(14.522080090994,0.56016926816,25.998020547802));
#2071=CARTESIAN_POINT('Ctrl Pts',(14.471403247011,0.440491840289,26.002743308042));
#2072=CARTESIAN_POINT('Ctrl Pts',(14.444879678222,0.363060521447,26.005312786771));
#2073=CARTESIAN_POINT('Ctrl Pts',(14.423464992089,0.280857811441,26.007461260818));
#2074=CARTESIAN_POINT('Ctrl Pts',(14.408166216701,0.194227559966,26.009044840664));
#2075=CARTESIAN_POINT('Ctrl Pts',(14.4,0.103694027045,26.00992413985));
#2076=CARTESIAN_POINT('Ctrl Pts',(14.4,0.01,26.009996156802));
#2077=CARTESIAN_POINT('',(14.4,0.01,27.));
#2078=CARTESIAN_POINT('Origin',(14.4,-1.3,27.));
#2079=CARTESIAN_POINT('',(14.4,-0.01,26.009996156802));
#2080=CARTESIAN_POINT('Origin',(14.4,0.,13.));
#2081=CARTESIAN_POINT('',(14.4,-0.01,27.));
#2082=CARTESIAN_POINT('Origin',(15.69,-0.01,27.));
#2083=CARTESIAN_POINT('Ctrl Pts',(15.69,-1.3,25.944887021523));
#2084=CARTESIAN_POINT('Ctrl Pts',(15.548495023981,-1.3,25.944887021523));
#2085=CARTESIAN_POINT('Ctrl Pts',(15.407186788943,-1.281373819807,25.946757767856));
#2086=CARTESIAN_POINT('Ctrl Pts',(15.267824608214,-1.244214738852,25.950488543599));
#2087=CARTESIAN_POINT('Ctrl Pts',(15.132299110638,-1.188154800631,25.955917871099));
#2088=CARTESIAN_POINT('Ctrl Pts',(15.003002146055,-1.112544991599,25.962699398957));
#2089=CARTESIAN_POINT('Ctrl Pts',(14.840223904946,-0.982135029471,25.972922442815));
#2090=CARTESIAN_POINT('Ctrl Pts',(14.798269787976,-0.944869143774,25.975732193652));
#2091=CARTESIAN_POINT('Ctrl Pts',(14.757713372456,-0.904901902425,25.978610302124));
#2092=CARTESIAN_POINT('Ctrl Pts',(14.718729031754,-0.862176217821,25.981524098969));
#2093=CARTESIAN_POINT('Ctrl Pts',(14.681529411289,-0.81663839992,25.984434991029));
#2094=CARTESIAN_POINT('Ctrl Pts',(14.618747790229,-0.730226911754,25.989546525397));
#2095=CARTESIAN_POINT('Ctrl Pts',(14.592386430167,-0.690449105714,25.99176550502));
#2096=CARTESIAN_POINT('Ctrl Pts',(14.567393802914,-0.648869356161,25.993933929377));
#2097=CARTESIAN_POINT('Ctrl Pts',(14.543904632349,-0.60545186162,25.996027934));
#2098=CARTESIAN_POINT('Ctrl Pts',(14.522080090995,-0.56016926816,25.998020547802));
#2099=CARTESIAN_POINT('Ctrl Pts',(14.471403247011,-0.440491840289,26.002743308042));
#2100=CARTESIAN_POINT('Ctrl Pts',(14.444879678222,-0.363060521446,26.005312786771));
#2101=CARTESIAN_POINT('Ctrl Pts',(14.423464992089,-0.280857811441,26.007461260818));
#2102=CARTESIAN_POINT('Ctrl Pts',(14.408166216701,-0.194227559966,26.009044840664));
#2103=CARTESIAN_POINT('Ctrl Pts',(14.4,-0.103694027045,26.00992413985));
#2104=CARTESIAN_POINT('Ctrl Pts',(14.4,-0.009999999999999,26.009996156802));
#2105=CARTESIAN_POINT('Origin',(4.4,1.38777878078145E-15,13.));
#2106=CARTESIAN_POINT('',(4.73066159592939,4.94795514880163,24.9454204262508));
#2107=CARTESIAN_POINT('',(4.73066159592939,-4.94795514880163,24.9454204262508));
#2108=CARTESIAN_POINT('Origin',(4.73066159592939,1.42574918066121E-15,13.));
#2109=CARTESIAN_POINT('',(4.06933840537287,4.94795514767929,24.9454204254049));
#2110=CARTESIAN_POINT('Origin',(4.4,5.08394939897,25.273739589412));
#2111=CARTESIAN_POINT('',(4.06933840537287,-4.94795514767929,24.9454204254049));
#2112=CARTESIAN_POINT('Origin',(4.06933840537238,-6.0507154842071E-14,13.));
#2113=CARTESIAN_POINT('Origin',(4.4,-5.08394939897,25.273739589412));
#2114=CARTESIAN_POINT('Ctrl Pts',(3.864979142851,-5.552835137469,24.781862902131));
#2115=CARTESIAN_POINT('Ctrl Pts',(3.864979142851,-5.438010366598,24.829424879545));
#2116=CARTESIAN_POINT('Ctrl Pts',(3.864979142851,-5.323185613122,24.876986849753));
#2117=CARTESIAN_POINT('Ctrl Pts',(3.864979142851,-5.20836087704,24.924548812756));
#2118=CARTESIAN_POINT('Ctrl Pts',(3.864979142851,-5.093536158352,24.972110768555));
#2119=CARTESIAN_POINT('Ctrl Pts',(3.864979142851,-3.090665996931,25.801726753476));
#2120=CARTESIAN_POINT('Ctrl Pts',(3.864979142851,-1.049080902072,26.213157634245));
#2121=CARTESIAN_POINT('Ctrl Pts',(3.864979142851,1.049074127427,26.213160471622));
#2122=CARTESIAN_POINT('Ctrl Pts',(3.864979142851,3.090662511418,25.801728197223));
#2123=CARTESIAN_POINT('Ctrl Pts',(3.864979142851,5.093536193141,24.972110754145));
#2124=CARTESIAN_POINT('Ctrl Pts',(3.864979142851,5.208360929223,24.924548791141));
#2125=CARTESIAN_POINT('Ctrl Pts',(3.864979142851,5.323185665305,24.876986828138));
#2126=CARTESIAN_POINT('Ctrl Pts',(3.864979142851,5.438010401387,24.829424865135));
#2127=CARTESIAN_POINT('Ctrl Pts',(3.864979142851,5.552835137469,24.781862902131));
#2128=CARTESIAN_POINT('Ctrl Pts',(3.982962690499,-5.552835137469,24.781862902131));
#2129=CARTESIAN_POINT('Ctrl Pts',(3.982962690499,-5.438010366598,24.829424879545));
#2130=CARTESIAN_POINT('Ctrl Pts',(3.982962690499,-5.323185613122,24.876986849753));
#2131=CARTESIAN_POINT('Ctrl Pts',(3.982962690499,-5.20836087704,24.924548812756));
#2132=CARTESIAN_POINT('Ctrl Pts',(3.982962690499,-5.093536158352,24.972110768555));
#2133=CARTESIAN_POINT('Ctrl Pts',(3.982962690499,-3.090665996931,25.801726753476));
#2134=CARTESIAN_POINT('Ctrl Pts',(3.982962690499,-1.049080902072,26.213157634245));
#2135=CARTESIAN_POINT('Ctrl Pts',(3.982962690499,1.049074127427,26.213160471622));
#2136=CARTESIAN_POINT('Ctrl Pts',(3.982962690499,3.090662511418,25.801728197223));
#2137=CARTESIAN_POINT('Ctrl Pts',(3.982962690499,5.093536193141,24.972110754145));
#2138=CARTESIAN_POINT('Ctrl Pts',(3.982962690499,5.208360929223,24.924548791141));
#2139=CARTESIAN_POINT('Ctrl Pts',(3.982962690499,5.323185665305,24.876986828138));
#2140=CARTESIAN_POINT('Ctrl Pts',(3.982962690499,5.438010401387,24.829424865135));
#2141=CARTESIAN_POINT('Ctrl Pts',(3.982962690499,5.552835137469,24.781862902131));
#2142=CARTESIAN_POINT('Ctrl Pts',(4.069338405373,-5.52207882685,24.707610611125));
#2143=CARTESIAN_POINT('Ctrl Pts',(4.069338405373,-5.40654471847,24.75546640571));
#2144=CARTESIAN_POINT('Ctrl Pts',(4.069338405373,-5.291365296232,24.803175284485));
#2145=CARTESIAN_POINT('Ctrl Pts',(4.069338405373,-5.176540560134,24.85073724745));
#2146=CARTESIAN_POINT('Ctrl Pts',(4.069338405373,-5.062070510177,24.898152294606));
#2147=CARTESIAN_POINT('Ctrl Pts',(4.069338405373,-3.071573216719,25.722643269037));
#2148=CARTESIAN_POINT('Ctrl Pts',(4.069338405373,-1.042600204911,26.131532516217));
#2149=CARTESIAN_POINT('Ctrl Pts',(4.069338405373,1.042593538542,26.131535314357));
#2150=CARTESIAN_POINT('Ctrl Pts',(4.069338405373,3.071569709674,25.722644721703));
#2151=CARTESIAN_POINT('Ctrl Pts',(4.069338405373,5.06207054737,24.8981522792));
#2152=CARTESIAN_POINT('Ctrl Pts',(4.069338405373,5.176540615923,24.850737224342));
#2153=CARTESIAN_POINT('Ctrl Pts',(4.069338405373,5.291365352021,24.803175261376));
#2154=CARTESIAN_POINT('Ctrl Pts',(4.069338405373,5.406544755663,24.755466390304));
#2155=CARTESIAN_POINT('Ctrl Pts',(4.069338405373,5.52207882685,24.707610611125));
#2156=CARTESIAN_POINT('',(3.864979142851,-4.97871145507,25.019672717972));
#2157=CARTESIAN_POINT('Origin',(3.8649791428508,-4.86390642535753,24.7425088582183));
#2158=CARTESIAN_POINT('',(3.864979142851,4.97871145507,25.019672717972));
#2159=CARTESIAN_POINT('Origin',(3.86497914285075,4.86390642535768,24.7425088582187));
#2160=CARTESIAN_POINT('Origin',(3.864979142851,1.27675647831893E-14,13.));
#2161=CARTESIAN_POINT('Origin',(3.,1.6530254490507E-35,13.));
#2162=CARTESIAN_POINT('',(3.,-4.97871145507,25.019672717972));
#2163=CARTESIAN_POINT('',(3.,-4.97871145507,25.019672717972));
#2164=CARTESIAN_POINT('',(3.,4.97871145507,25.019672717972));
#2165=CARTESIAN_POINT('',(3.,4.97871145507,25.019672717972));
#2166=CARTESIAN_POINT('Origin',(3.,1.6530254490507E-35,13.));
#2167=CARTESIAN_POINT('Origin',(3.,-4.16333634234434E-16,13.));
#2168=CARTESIAN_POINT('',(2.79,-4.898347934273,24.825658016144));
#2169=CARTESIAN_POINT('',(2.79,4.898347934273,24.825658016144));
#2170=CARTESIAN_POINT('Origin',(2.79,1.6530254490507E-35,13.));
#2171=CARTESIAN_POINT('Origin',(3.,-4.898347934273,24.825658016144));
#2172=CARTESIAN_POINT('Origin',(3.,4.898347934273,24.825658016144));
#2173=CARTESIAN_POINT('Origin',(2.79,1.6530254490507E-35,13.));
#2174=CARTESIAN_POINT('',(2.79,-3.478592400199,21.398064950528));
#2175=CARTESIAN_POINT('',(2.79,3.478592400199,21.398064950528));
#2176=CARTESIAN_POINT('Origin',(2.79,1.6530254490507E-35,13.));
#2177=CARTESIAN_POINT('',(2.79,-3.478592400199,21.398064950528));
#2178=CARTESIAN_POINT('',(2.79,3.478592400199,21.398064950528));
#2179=CARTESIAN_POINT('Origin',(3.1,1.6530254490507E-35,13.));
#2180=CARTESIAN_POINT('',(3.,-3.478592400199,21.398064950528));
#2181=CARTESIAN_POINT('',(3.1,-3.478592400199,21.398064950528));
#2182=CARTESIAN_POINT('',(3.,3.478592400199,21.398064950528));
#2183=CARTESIAN_POINT('',(3.1,3.478592400199,21.398064950528));
#2184=CARTESIAN_POINT('Origin',(3.,1.6530254490507E-35,13.));
#2185=CARTESIAN_POINT('Origin',(3.,2.880807401045E-16,13.));
#2186=CARTESIAN_POINT('',(3.,-3.482419234522,21.407303745853));
#2187=CARTESIAN_POINT('',(3.,3.482419234522,21.407303745853));
#2188=CARTESIAN_POINT('Origin',(3.,1.6530254490507E-35,13.));
#2189=CARTESIAN_POINT('',(3.,-1.253008811728,16.025030867048));
#2190=CARTESIAN_POINT('',(3.,1.253008811728,16.025030867048));
#2191=CARTESIAN_POINT('Origin',(3.1,2.413310063344E-18,13.));
#2192=CARTESIAN_POINT('',(2.8,3.482419234522,21.407303745853));
#2193=CARTESIAN_POINT('',(3.1,3.482419234522,21.407303745853));
#2194=CARTESIAN_POINT('',(2.8,-3.482419234522,21.407303745853));
#2195=CARTESIAN_POINT('Origin',(2.8,1.6530254490507E-35,13.));
#2196=CARTESIAN_POINT('',(3.1,-3.482419234522,21.407303745853));
#2197=CARTESIAN_POINT('Origin',(2.8,1.6530254490507E-35,13.));
#2198=CARTESIAN_POINT('',(2.8,4.898347934273,24.825658016144));
#2199=CARTESIAN_POINT('',(2.8,3.482419234522,21.407303745853));
#2200=CARTESIAN_POINT('',(2.8,-4.898347934273,24.825658016144));
#2201=CARTESIAN_POINT('Origin',(2.8,1.28168271069007E-34,13.));
#2202=CARTESIAN_POINT('',(2.8,-3.482419234522,21.407303745853));
#2203=CARTESIAN_POINT('Origin',(3.00000000000001,1.19348975147204E-14,13.));
#2204=CARTESIAN_POINT('',(3.,4.974884620746,25.010433922647));
#2205=CARTESIAN_POINT('Origin',(3.,4.898347934273,24.825658016144));
#2206=CARTESIAN_POINT('',(3.,-4.974884620746,25.010433922647));
#2207=CARTESIAN_POINT('Origin',(3.,1.608873375563E-18,13.));
#2208=CARTESIAN_POINT('Origin',(3.,-4.898347934273,24.825658016144));
#2209=CARTESIAN_POINT('Origin',(3.,1.608873375563E-18,13.));
#2210=CARTESIAN_POINT('',(3.864979142851,4.974884620746,25.010433922647));
#2211=CARTESIAN_POINT('',(3.,4.974884620746,25.010433922647));
#2212=CARTESIAN_POINT('',(3.864979142851,-4.974884620746,25.010433922647));
#2213=CARTESIAN_POINT('Origin',(3.864979142851,-2.22044604925031E-15,13.));
#2214=CARTESIAN_POINT('',(3.,-4.974884620746,25.010433922647));
#2215=CARTESIAN_POINT('Ctrl Pts',(3.86278319062989,2.161485433825,26.175782022239));
#2216=CARTESIAN_POINT('Ctrl Pts',(3.86278319062989,2.397560109997,26.077996689636));
#2217=CARTESIAN_POINT('Ctrl Pts',(3.86278319062989,2.633339378183,25.980333719027));
#2218=CARTESIAN_POINT('Ctrl Pts',(3.86278319062989,2.868823238381,25.882793110413));
#2219=CARTESIAN_POINT('Ctrl Pts',(3.86278319062989,3.104011690592,25.785374863793));
#2220=CARTESIAN_POINT('Ctrl Pts',(3.86278319062989,3.338904734816,25.688078979169));
#2221=CARTESIAN_POINT('Ctrl Pts',(3.86278319062989,3.573502371053,25.590905456539));
#2222=CARTESIAN_POINT('Ctrl Pts',(3.86278319062989,3.807804599303,25.493854295903));
#2223=CARTESIAN_POINT('Ctrl Pts',(3.86278319062989,4.041811419566,25.396925497263));
#2224=CARTESIAN_POINT('Ctrl Pts',(3.86278319062989,4.275522831842,25.300119060617));
#2225=CARTESIAN_POINT('Ctrl Pts',(3.86278319062989,4.50893883613,25.203434985965));
#2226=CARTESIAN_POINT('Ctrl Pts',(3.86278319062989,4.742059432432,25.106873273309));
#2227=CARTESIAN_POINT('Ctrl Pts',(3.86278319062989,10.439319124251,22.746991040596));
#2228=CARTESIAN_POINT('Ctrl Pts',(3.86278322787394,14.8636254697064,17.7356052664784));
#2229=CARTESIAN_POINT('Ctrl Pts',(3.86278269909426,16.6163932133004,10.5017378457696));
#2230=CARTESIAN_POINT('Ctrl Pts',(3.86278482011658,14.3363728280411,2.74483152946085));
#2231=CARTESIAN_POINT('Ctrl Pts',(3.86278013650512,8.64622447647817,-3.03049582919083));
#2232=CARTESIAN_POINT('Ctrl Pts',(3.86278691019947,-1.39609149537703E-11,
-5.92520209181615));
#2233=CARTESIAN_POINT('Ctrl Pts',(3.86278013650512,-8.64622447645263,-3.03049582918883));
#2234=CARTESIAN_POINT('Ctrl Pts',(3.86278482011658,-14.3363728280515,2.74483152945785));
#2235=CARTESIAN_POINT('Ctrl Pts',(3.86278269909426,-16.6163932132872,10.5017378457716));
#2236=CARTESIAN_POINT('Ctrl Pts',(3.86278322787394,-14.8636254697025,17.7356052664785));
#2237=CARTESIAN_POINT('Ctrl Pts',(3.86278319062989,-10.43931912425,22.746991040596));
#2238=CARTESIAN_POINT('Ctrl Pts',(3.86278319062989,-4.742059432432,25.106873273309));
#2239=CARTESIAN_POINT('Ctrl Pts',(3.86278319062989,-4.50893883613,25.203434985965));
#2240=CARTESIAN_POINT('Ctrl Pts',(3.86278319062989,-4.275522831842,25.300119060617));
#2241=CARTESIAN_POINT('Ctrl Pts',(3.86278319062989,-4.041811419566,25.396925497263));
#2242=CARTESIAN_POINT('Ctrl Pts',(3.86278319062989,-3.807804599303,25.493854295903));
#2243=CARTESIAN_POINT('Ctrl Pts',(3.86278319062989,-3.573502371053,25.590905456539));
#2244=CARTESIAN_POINT('Ctrl Pts',(3.86278319062989,-3.338904734816,25.688078979169));
#2245=CARTESIAN_POINT('Ctrl Pts',(3.86278319062989,-3.104011690592,25.785374863793));
#2246=CARTESIAN_POINT('Ctrl Pts',(3.86278319062989,-2.868823238381,25.882793110413));
#2247=CARTESIAN_POINT('Ctrl Pts',(3.86278319062989,-2.633339378182,25.980333719027));
#2248=CARTESIAN_POINT('Ctrl Pts',(3.86278319062989,-2.397560109997,26.077996689636));
#2249=CARTESIAN_POINT('Ctrl Pts',(3.86278319062989,-2.161485433825,26.175782022239));
#2250=CARTESIAN_POINT('Ctrl Pts',(3.86388116674044,2.161485433825,26.175782022239));
#2251=CARTESIAN_POINT('Ctrl Pts',(3.86388116674044,2.397560109997,26.077996689636));
#2252=CARTESIAN_POINT('Ctrl Pts',(3.86388116674044,2.633339378183,25.980333719027));
#2253=CARTESIAN_POINT('Ctrl Pts',(3.86388116674044,2.868823238381,25.882793110413));
#2254=CARTESIAN_POINT('Ctrl Pts',(3.86388116674044,3.104011690592,25.785374863793));
#2255=CARTESIAN_POINT('Ctrl Pts',(3.86388116674044,3.338904734816,25.688078979169));
#2256=CARTESIAN_POINT('Ctrl Pts',(3.86388116674044,3.573502371053,25.590905456539));
#2257=CARTESIAN_POINT('Ctrl Pts',(3.86388116674044,3.807804599303,25.493854295903));
#2258=CARTESIAN_POINT('Ctrl Pts',(3.86388116674044,4.041811419566,25.396925497263));
#2259=CARTESIAN_POINT('Ctrl Pts',(3.86388116674044,4.275522831842,25.300119060617));
#2260=CARTESIAN_POINT('Ctrl Pts',(3.86388116674044,4.50893883613,25.203434985965));
#2261=CARTESIAN_POINT('Ctrl Pts',(3.86388116674044,4.742059432432,25.106873273309));
#2262=CARTESIAN_POINT('Ctrl Pts',(3.86388116674044,10.439319124251,22.746991040596));
#2263=CARTESIAN_POINT('Ctrl Pts',(3.86388120371147,14.8636254626802,17.7356052601197));
#2264=CARTESIAN_POINT('Ctrl Pts',(3.86388067880813,16.6163932799917,10.5017378434363));
#2265=CARTESIAN_POINT('Ctrl Pts',(3.86388278428179,14.3363726380056,2.74483167568042));
#2266=CARTESIAN_POINT('Ctrl Pts',(3.86387813500456,8.64622469452759,-3.03049627724841));
#2267=CARTESIAN_POINT('Ctrl Pts',(3.86388485904274,-1.38149861329201E-11,
-5.92520144179658));
#2268=CARTESIAN_POINT('Ctrl Pts',(3.86387813500456,-8.64622469450232,-3.03049627724641));
#2269=CARTESIAN_POINT('Ctrl Pts',(3.86388278428179,-14.3363726380158,2.74483167567742));
#2270=CARTESIAN_POINT('Ctrl Pts',(3.86388067880813,-16.6163932799786,10.5017378434383));
#2271=CARTESIAN_POINT('Ctrl Pts',(3.86388120371147,-14.8636254626763,17.7356052601197));
#2272=CARTESIAN_POINT('Ctrl Pts',(3.86388116674044,-10.43931912425,22.746991040596));
#2273=CARTESIAN_POINT('Ctrl Pts',(3.86388116674044,-4.742059432432,25.106873273309));
#2274=CARTESIAN_POINT('Ctrl Pts',(3.86388116674044,-4.50893883613,25.203434985965));
#2275=CARTESIAN_POINT('Ctrl Pts',(3.86388116674044,-4.275522831842,25.300119060617));
#2276=CARTESIAN_POINT('Ctrl Pts',(3.86388116674044,-4.041811419566,25.396925497263));
#2277=CARTESIAN_POINT('Ctrl Pts',(3.86388116674044,-3.807804599303,25.493854295903));
#2278=CARTESIAN_POINT('Ctrl Pts',(3.86388116674044,-3.573502371053,25.590905456539));
#2279=CARTESIAN_POINT('Ctrl Pts',(3.86388116674044,-3.338904734816,25.688078979169));
#2280=CARTESIAN_POINT('Ctrl Pts',(3.86388116674044,-3.104011690592,25.785374863793));
#2281=CARTESIAN_POINT('Ctrl Pts',(3.86388116674044,-2.868823238381,25.882793110413));
#2282=CARTESIAN_POINT('Ctrl Pts',(3.86388116674044,-2.633339378182,25.980333719027));
#2283=CARTESIAN_POINT('Ctrl Pts',(3.86388116674044,-2.397560109997,26.077996689636));
#2284=CARTESIAN_POINT('Ctrl Pts',(3.86388116674044,-2.161485433825,26.175782022239));
#2285=CARTESIAN_POINT('Ctrl Pts',(3.864979142851,2.161485433825,26.175782022239));
#2286=CARTESIAN_POINT('Ctrl Pts',(3.864979142851,2.397560109997,26.077996689636));
#2287=CARTESIAN_POINT('Ctrl Pts',(3.864979142851,2.633339378183,25.980333719027));
#2288=CARTESIAN_POINT('Ctrl Pts',(3.864979142851,2.868823238381,25.882793110413));
#2289=CARTESIAN_POINT('Ctrl Pts',(3.864979142851,3.104011690592,25.785374863793));
#2290=CARTESIAN_POINT('Ctrl Pts',(3.864979142851,3.338904734816,25.688078979169));
#2291=CARTESIAN_POINT('Ctrl Pts',(3.864979142851,3.573502371053,25.590905456539));
#2292=CARTESIAN_POINT('Ctrl Pts',(3.864979142851,3.807804599303,25.493854295903));
#2293=CARTESIAN_POINT('Ctrl Pts',(3.864979142851,4.041811419566,25.396925497263));
#2294=CARTESIAN_POINT('Ctrl Pts',(3.864979142851,4.275522831842,25.300119060617));
#2295=CARTESIAN_POINT('Ctrl Pts',(3.864979142851,4.50893883613,25.203434985965));
#2296=CARTESIAN_POINT('Ctrl Pts',(3.864979142851,4.742059432432,25.106873273309));
#2297=CARTESIAN_POINT('Ctrl Pts',(3.864979142851,10.439319124251,22.746991040596));
#2298=CARTESIAN_POINT('Ctrl Pts',(3.864979179549,14.863625455654,17.735605253761));
#2299=CARTESIAN_POINT('Ctrl Pts',(3.864978658522,16.616393346683,10.501737841103));
#2300=CARTESIAN_POINT('Ctrl Pts',(3.864980748447,14.33637244797,2.7448318219));
#2301=CARTESIAN_POINT('Ctrl Pts',(3.864976133504,8.646224912577,-3.030496725306));
#2302=CARTESIAN_POINT('Ctrl Pts',(3.864982807886,-1.366905731207E-11,-5.925200791777));
#2303=CARTESIAN_POINT('Ctrl Pts',(3.864976133504,-8.646224912552,-3.030496725304));
#2304=CARTESIAN_POINT('Ctrl Pts',(3.864980748447,-14.33637244798,2.744831821897));
#2305=CARTESIAN_POINT('Ctrl Pts',(3.864978658522,-16.61639334667,10.501737841105));
#2306=CARTESIAN_POINT('Ctrl Pts',(3.864979179549,-14.86362545565,17.735605253761));
#2307=CARTESIAN_POINT('Ctrl Pts',(3.864979142851,-10.43931912425,22.746991040596));
#2308=CARTESIAN_POINT('Ctrl Pts',(3.864979142851,-4.742059432432,25.106873273309));
#2309=CARTESIAN_POINT('Ctrl Pts',(3.864979142851,-4.50893883613,25.203434985965));
#2310=CARTESIAN_POINT('Ctrl Pts',(3.864979142851,-4.275522831842,25.300119060617));
#2311=CARTESIAN_POINT('Ctrl Pts',(3.864979142851,-4.041811419566,25.396925497263));
#2312=CARTESIAN_POINT('Ctrl Pts',(3.864979142851,-3.807804599303,25.493854295903));
#2313=CARTESIAN_POINT('Ctrl Pts',(3.864979142851,-3.573502371053,25.590905456539));
#2314=CARTESIAN_POINT('Ctrl Pts',(3.864979142851,-3.338904734816,25.688078979169));
#2315=CARTESIAN_POINT('Ctrl Pts',(3.864979142851,-3.104011690592,25.785374863793));
#2316=CARTESIAN_POINT('Ctrl Pts',(3.864979142851,-2.868823238381,25.882793110413));
#2317=CARTESIAN_POINT('Ctrl Pts',(3.864979142851,-2.633339378182,25.980333719027));
#2318=CARTESIAN_POINT('Ctrl Pts',(3.864979142851,-2.397560109997,26.077996689636));
#2319=CARTESIAN_POINT('Ctrl Pts',(3.864979142851,-2.161485433825,26.175782022239));
#2320=CARTESIAN_POINT('Ctrl Pts',(3.982962690499,2.161485433825,26.17578202224));
#2321=CARTESIAN_POINT('Ctrl Pts',(3.982962690499,2.397560109997,26.077996689636));
#2322=CARTESIAN_POINT('Ctrl Pts',(3.982962690499,2.633339378183,25.980333719027));
#2323=CARTESIAN_POINT('Ctrl Pts',(3.982962690499,2.868823238381,25.882793110413));
#2324=CARTESIAN_POINT('Ctrl Pts',(3.982962690499,3.104011690592,25.785374863794));
#2325=CARTESIAN_POINT('Ctrl Pts',(3.982962690499,3.338904734816,25.688078979169));
#2326=CARTESIAN_POINT('Ctrl Pts',(3.982962690499,3.573502371053,25.590905456539));
#2327=CARTESIAN_POINT('Ctrl Pts',(3.982962690499,3.807804599303,25.493854295903));
#2328=CARTESIAN_POINT('Ctrl Pts',(3.982962690499,4.041811419566,25.396925497263));
#2329=CARTESIAN_POINT('Ctrl Pts',(3.982962690499,4.275522831842,25.300119060617));
#2330=CARTESIAN_POINT('Ctrl Pts',(3.982962690499,4.50893883613,25.203434985965));
#2331=CARTESIAN_POINT('Ctrl Pts',(3.982962690499,4.742059432432,25.106873273309));
#2332=CARTESIAN_POINT('Ctrl Pts',(3.982962690499,10.43931912425,22.746991040595));
#2333=CARTESIAN_POINT('Ctrl Pts',(3.982962693321,14.863624700651,17.735604570482));
#2334=CARTESIAN_POINT('Ctrl Pts',(3.982962653253,16.61640051303,10.501737590375));
#2335=CARTESIAN_POINT('Ctrl Pts',(3.982962813974,14.336352027642,2.744847533968));
#2336=CARTESIAN_POINT('Ctrl Pts',(3.982962459072,8.646248343255,-3.0305448717));
#2337=CARTESIAN_POINT('Ctrl Pts',(3.982962972349,2.011733636809E-12,-5.925130943881));
#2338=CARTESIAN_POINT('Ctrl Pts',(3.982962459072,-8.646248343259,-3.030544871698));
#2339=CARTESIAN_POINT('Ctrl Pts',(3.982962813974,-14.33635202763,2.744847533965));
#2340=CARTESIAN_POINT('Ctrl Pts',(3.982962653253,-16.61640051303,10.501737590378));
#2341=CARTESIAN_POINT('Ctrl Pts',(3.982962693321,-14.86362470064,17.73560457048));
#2342=CARTESIAN_POINT('Ctrl Pts',(3.982962690499,-10.43931912425,22.746991040596));
#2343=CARTESIAN_POINT('Ctrl Pts',(3.982962690499,-4.742059432432,25.106873273309));
#2344=CARTESIAN_POINT('Ctrl Pts',(3.982962690499,-4.50893883613,25.203434985965));
#2345=CARTESIAN_POINT('Ctrl Pts',(3.982962690499,-4.275522831842,25.300119060617));
#2346=CARTESIAN_POINT('Ctrl Pts',(3.982962690499,-4.041811419566,25.396925497263));
#2347=CARTESIAN_POINT('Ctrl Pts',(3.982962690499,-3.807804599303,25.493854295903));
#2348=CARTESIAN_POINT('Ctrl Pts',(3.982962690499,-3.573502371053,25.590905456539));
#2349=CARTESIAN_POINT('Ctrl Pts',(3.982962690499,-3.338904734816,25.688078979169));
#2350=CARTESIAN_POINT('Ctrl Pts',(3.982962690499,-3.104011690592,25.785374863793));
#2351=CARTESIAN_POINT('Ctrl Pts',(3.982962690499,-2.868823238381,25.882793110413));
#2352=CARTESIAN_POINT('Ctrl Pts',(3.982962690499,-2.633339378182,25.980333719027));
#2353=CARTESIAN_POINT('Ctrl Pts',(3.982962690499,-2.397560109997,26.077996689636));
#2354=CARTESIAN_POINT('Ctrl Pts',(3.982962690499,-2.161485433825,26.175782022239));
#2355=CARTESIAN_POINT('Ctrl Pts',(4.069338405373,2.130729127093,26.1015297294));
#2356=CARTESIAN_POINT('Ctrl Pts',(4.069338405373,2.368243202056,26.003148178296));
#2357=CARTESIAN_POINT('Ctrl Pts',(4.069338405373,2.605200160161,25.90499739255));
#2358=CARTESIAN_POINT('Ctrl Pts',(4.069338405373,2.841600001408,25.807077372162));
#2359=CARTESIAN_POINT('Ctrl Pts',(4.069338405373,3.077442725797,25.709388117133));
#2360=CARTESIAN_POINT('Ctrl Pts',(4.069338405373,3.312728333328,25.611929627463));
#2361=CARTESIAN_POINT('Ctrl Pts',(4.069338405373,3.547456824,25.514701903151));
#2362=CARTESIAN_POINT('Ctrl Pts',(4.069338405373,3.781628197814,25.417704944198));
#2363=CARTESIAN_POINT('Ctrl Pts',(4.069338405373,4.015242454771,25.320938750603));
#2364=CARTESIAN_POINT('Ctrl Pts',(4.069338405373,4.248299594869,25.224403322366));
#2365=CARTESIAN_POINT('Ctrl Pts',(4.069338405373,4.480799618109,25.128098659488));
#2366=CARTESIAN_POINT('Ctrl Pts',(4.069338405373,4.712742524491,25.032024761968));
#2367=CARTESIAN_POINT('Ctrl Pts',(4.069338405373,10.374779958917,22.686732065965));
#2368=CARTESIAN_POINT('Ctrl Pts',(4.069338399114,14.771924738513,17.706274601095));
#2369=CARTESIAN_POINT('Ctrl Pts',(4.069338487977,16.513376309119,10.516788127639));
#2370=CARTESIAN_POINT('Ctrl Pts',(4.069338131534,14.247730638377,2.809195636718));
#2371=CARTESIAN_POINT('Ctrl Pts',(4.069338918624,8.593121326389,-2.932298578243));
#2372=CARTESIAN_POINT('Ctrl Pts',(4.069337780293,-1.167420693752E-11,-5.807480617272));
#2373=CARTESIAN_POINT('Ctrl Pts',(4.069338918624,-8.593121326368,-2.932298578244));
#2374=CARTESIAN_POINT('Ctrl Pts',(4.069338131534,-14.24773063839,2.809195636718));
#2375=CARTESIAN_POINT('Ctrl Pts',(4.069338487977,-16.51337630911,10.51678812764));
#2376=CARTESIAN_POINT('Ctrl Pts',(4.069338399114,-14.77192473851,17.706274601095));
#2377=CARTESIAN_POINT('Ctrl Pts',(4.069338405373,-10.37477995891,22.686732065965));
#2378=CARTESIAN_POINT('Ctrl Pts',(4.069338405373,-4.712742524491,25.032024761968));
#2379=CARTESIAN_POINT('Ctrl Pts',(4.069338405373,-4.480799618109,25.128098659488));
#2380=CARTESIAN_POINT('Ctrl Pts',(4.069338405373,-4.248299594869,25.224403322366));
#2381=CARTESIAN_POINT('Ctrl Pts',(4.069338405373,-4.015242454771,25.320938750603));
#2382=CARTESIAN_POINT('Ctrl Pts',(4.069338405373,-3.781628197814,25.417704944198));
#2383=CARTESIAN_POINT('Ctrl Pts',(4.069338405373,-3.547456824,25.514701903151));
#2384=CARTESIAN_POINT('Ctrl Pts',(4.069338405373,-3.312728333328,25.611929627463));
#2385=CARTESIAN_POINT('Ctrl Pts',(4.069338405373,-3.077442725797,25.709388117133));
#2386=CARTESIAN_POINT('Ctrl Pts',(4.069338405373,-2.841600001408,25.807077372162));
#2387=CARTESIAN_POINT('Ctrl Pts',(4.069338405373,-2.605200160161,25.90499739255));
#2388=CARTESIAN_POINT('Ctrl Pts',(4.069338405373,-2.368243202056,26.003148178295));
#2389=CARTESIAN_POINT('Ctrl Pts',(4.069338405373,-2.130729127093,26.1015297294));
#2390=CARTESIAN_POINT('Ctrl Pts',(4.07014223330795,2.13044290337186,26.1008387242106));
#2391=CARTESIAN_POINT('Ctrl Pts',(4.07014223330795,2.36797037363885,26.00245162459));
#2392=CARTESIAN_POINT('Ctrl Pts',(4.07014223330795,2.60493829153801,25.9042962991486));
#2393=CARTESIAN_POINT('Ctrl Pts',(4.07014223330795,2.84134665706937,25.8063727478864));
#2394=CARTESIAN_POINT('Ctrl Pts',(4.07014223330795,3.07719547023291,25.7086809708044));
#2395=CARTESIAN_POINT('Ctrl Pts',(4.07014223330795,3.31248473102864,25.6112209679026));
#2396=CARTESIAN_POINT('Ctrl Pts',(4.07014223330795,3.54721443945554,25.51399273918));
#2397=CARTESIAN_POINT('Ctrl Pts',(4.07014223330795,3.78138459551463,25.4169962846376));
#2398=CARTESIAN_POINT('Ctrl Pts',(4.07014223330795,4.01499519920691,25.3202316042744));
#2399=CARTESIAN_POINT('Ctrl Pts',(4.07014223330795,4.24804625053037,25.2236986980904));
#2400=CARTESIAN_POINT('Ctrl Pts',(4.07014223330795,4.48053774948602,25.1273975660866));
#2401=CARTESIAN_POINT('Ctrl Pts',(4.07014223330795,4.71246969607385,25.031328208262));
#2402=CARTESIAN_POINT('Ctrl Pts',(4.07014223330795,10.3741793458388,22.6861712851112));
#2403=CARTESIAN_POINT('Ctrl Pts',(4.07014222699536,14.7710713621428,17.7060016511152));
#2404=CARTESIAN_POINT('Ctrl Pts',(4.07014231661928,16.5124175478379,10.5169281905741));
#2405=CARTESIAN_POINT('Ctrl Pts',(4.07014195712407,14.2469059104046,2.80979447274111));
#2406=CARTESIAN_POINT('Ctrl Pts',(4.07014275095388,8.59262691837589,-2.93138428345272));
#2407=CARTESIAN_POINT('Ctrl Pts',(4.07014160287539,-1.18015712507583E-11,
-5.80638573797091));
#2408=CARTESIAN_POINT('Ctrl Pts',(4.07014275095388,-8.59262691835465,-2.93138428345375));
#2409=CARTESIAN_POINT('Ctrl Pts',(4.07014195712407,-14.2469059104178,2.80979447274114));
#2410=CARTESIAN_POINT('Ctrl Pts',(4.07014231661928,-16.5124175478289,10.5169281905751));
#2411=CARTESIAN_POINT('Ctrl Pts',(4.07014222699536,-14.7710713621398,17.7060016511152));
#2412=CARTESIAN_POINT('Ctrl Pts',(4.07014223330795,-10.3741793458317,22.6861712851111));
#2413=CARTESIAN_POINT('Ctrl Pts',(4.07014223330795,-4.71246969607385,25.031328208262));
#2414=CARTESIAN_POINT('Ctrl Pts',(4.07014223330795,-4.48053774948602,25.1273975660866));
#2415=CARTESIAN_POINT('Ctrl Pts',(4.07014223330795,-4.24804625053037,25.2236986980904));
#2416=CARTESIAN_POINT('Ctrl Pts',(4.07014223330795,-4.01499519920691,25.3202316042744));
#2417=CARTESIAN_POINT('Ctrl Pts',(4.07014223330795,-3.78138459551463,25.4169962846376));
#2418=CARTESIAN_POINT('Ctrl Pts',(4.07014223330795,-3.54721443945554,25.51399273918));
#2419=CARTESIAN_POINT('Ctrl Pts',(4.07014223330795,-3.31248473102864,25.6112209679026));
#2420=CARTESIAN_POINT('Ctrl Pts',(4.07014223330795,-3.07719547023291,25.7086809708044));
#2421=CARTESIAN_POINT('Ctrl Pts',(4.07014223330795,-2.84134665706937,25.8063727478864));
#2422=CARTESIAN_POINT('Ctrl Pts',(4.07014223330795,-2.60493829153802,25.9042962991486));
#2423=CARTESIAN_POINT('Ctrl Pts',(4.07014223330795,-2.36797037363885,26.002451624589));
#2424=CARTESIAN_POINT('Ctrl Pts',(4.07014223330795,-2.13044290337186,26.1008387242106));
#2425=CARTESIAN_POINT('Ctrl Pts',(4.0709460612429,2.13015667965073,26.1001477190211));
#2426=CARTESIAN_POINT('Ctrl Pts',(4.0709460612429,2.3676975452217,26.001755070884));
#2427=CARTESIAN_POINT('Ctrl Pts',(4.0709460612429,2.60467642291502,25.9035952057472));
#2428=CARTESIAN_POINT('Ctrl Pts',(4.0709460612429,2.84109331273074,25.8056681236108));
#2429=CARTESIAN_POINT('Ctrl Pts',(4.0709460612429,3.07694821466882,25.7079738244758));
#2430=CARTESIAN_POINT('Ctrl Pts',(4.0709460612429,3.31224112872927,25.6105123083423));
#2431=CARTESIAN_POINT('Ctrl Pts',(4.0709460612429,3.54697205491108,25.5132835752091));
#2432=CARTESIAN_POINT('Ctrl Pts',(4.0709460612429,3.78114099321525,25.4162876250773));
#2433=CARTESIAN_POINT('Ctrl Pts',(4.0709460612429,4.01474794364282,25.3195244579458));
#2434=CARTESIAN_POINT('Ctrl Pts',(4.0709460612429,4.24779290619174,25.2229940738148));
#2435=CARTESIAN_POINT('Ctrl Pts',(4.0709460612429,4.48027588086304,25.1266964726852));
#2436=CARTESIAN_POINT('Ctrl Pts',(4.0709460612429,4.7121968676567,25.030631654556));
#2437=CARTESIAN_POINT('Ctrl Pts',(4.0709460612429,10.3735787327606,22.6856105042573));
#2438=CARTESIAN_POINT('Ctrl Pts',(4.07094605487671,14.7702179857725,17.7057287011354));
#2439=CARTESIAN_POINT('Ctrl Pts',(4.07094614526156,16.5114587865569,10.5170682535092));
#2440=CARTESIAN_POINT('Ctrl Pts',(4.07094578271413,14.2460811824322,2.81039330876422));
#2441=CARTESIAN_POINT('Ctrl Pts',(4.07094658328376,8.59213251036277,-2.93046998866244));
#2442=CARTESIAN_POINT('Ctrl Pts',(4.07094542545778,-1.19289355639966E-11,
-5.80529085866981));
#2443=CARTESIAN_POINT('Ctrl Pts',(4.07094658328376,-8.59213251034131,-2.93046998866349));
#2444=CARTESIAN_POINT('Ctrl Pts',(4.07094578271413,-14.2460811824456,2.81039330876428));
#2445=CARTESIAN_POINT('Ctrl Pts',(4.07094614526156,-16.5114587865477,10.5170682535102));
#2446=CARTESIAN_POINT('Ctrl Pts',(4.07094605487671,-14.7702179857697,17.7057287011354));
#2447=CARTESIAN_POINT('Ctrl Pts',(4.0709460612429,-10.3735787327535,22.6856105042573));
#2448=CARTESIAN_POINT('Ctrl Pts',(4.0709460612429,-4.7121968676567,25.030631654556));
#2449=CARTESIAN_POINT('Ctrl Pts',(4.0709460612429,-4.48027588086304,25.1266964726852));
#2450=CARTESIAN_POINT('Ctrl Pts',(4.0709460612429,-4.24779290619174,25.2229940738148));
#2451=CARTESIAN_POINT('Ctrl Pts',(4.0709460612429,-4.01474794364282,25.3195244579458));
#2452=CARTESIAN_POINT('Ctrl Pts',(4.0709460612429,-3.78114099321525,25.4162876250773));
#2453=CARTESIAN_POINT('Ctrl Pts',(4.0709460612429,-3.54697205491108,25.5132835752091));
#2454=CARTESIAN_POINT('Ctrl Pts',(4.0709460612429,-3.31224112872927,25.6105123083423));
#2455=CARTESIAN_POINT('Ctrl Pts',(4.0709460612429,-3.07694821466882,25.7079738244759));
#2456=CARTESIAN_POINT('Ctrl Pts',(4.0709460612429,-2.84109331273074,25.8056681236108));
#2457=CARTESIAN_POINT('Ctrl Pts',(4.0709460612429,-2.60467642291504,25.9035952057472));
#2458=CARTESIAN_POINT('Ctrl Pts',(4.0709460612429,-2.3676975452217,26.001755070883));
#2459=CARTESIAN_POINT('Ctrl Pts',(4.0709460612429,-2.13015667965073,26.1001477190212));
#2460=CARTESIAN_POINT('',(4.069338405373,4.944128314015,24.936181629807));
#2461=CARTESIAN_POINT('Origin',(3.8649791428505,4.86007959103694,24.733270062893));
#2462=CARTESIAN_POINT('',(4.069338405373,-4.944128314015,24.936181629807));
#2463=CARTESIAN_POINT('Origin',(4.06933840537339,7.43849426498855E-14,13.0000000000006));
#2464=CARTESIAN_POINT('Origin',(3.86497914285524,-4.86007959102947,24.7332700629087));
#2465=CARTESIAN_POINT('Origin',(4.4,4.44089209850063E-15,13.));
#2466=CARTESIAN_POINT('',(4.7306615936887,-4.94412831368078,24.9361816289996));
#2467=CARTESIAN_POINT('',(4.7306615936887,4.94412831368078,24.9361816289996));
#2468=CARTESIAN_POINT('Origin',(4.73066159368871,4.45676168179559E-15,13.));
#2469=CARTESIAN_POINT('Origin',(4.4,-5.080122564647,25.264500794087));
#2470=CARTESIAN_POINT('Origin',(4.4,5.080122564647,25.264500794087));
#2471=CARTESIAN_POINT('Origin',(4.9350208592246,4.44519600257951E-15,13.));
#2472=CARTESIAN_POINT('',(4.93502085922459,-4.974884620746,25.010433922647));
#2473=CARTESIAN_POINT('Origin',(4.93502085922459,-4.86007958901765,24.7332700580182));
#2474=CARTESIAN_POINT('',(4.93502085922459,4.974884620746,25.010433922647));
#2475=CARTESIAN_POINT('Origin',(4.93502085922459,4.86007958901766,24.7332700580182));
#2476=CARTESIAN_POINT('Origin',(4.9350208592246,4.44519600257951E-15,13.));
#2477=CARTESIAN_POINT('Origin',(4.5,1.608873375563E-17,13.));
#2478=CARTESIAN_POINT('',(57.,4.974884620746,25.010433922647));
#2479=CARTESIAN_POINT('',(4.5,4.974884620746,25.010433922647));
#2480=CARTESIAN_POINT('',(57.,-4.974884620746,25.010433922647));
#2481=CARTESIAN_POINT('Origin',(57.,4.38417994840918E-16,13.));
#2482=CARTESIAN_POINT('',(4.5,-4.974884620746,25.010433922647));
#2483=CARTESIAN_POINT('Origin',(57.,4.38417994840918E-16,13.));
#2484=CARTESIAN_POINT('',(57.2,4.89834793427319,24.8256580161445));
#2485=CARTESIAN_POINT('Origin',(57.,4.89834793427347,24.8256580161444));
#2486=CARTESIAN_POINT('',(57.2,-4.89834793427319,24.8256580161445));
#2487=CARTESIAN_POINT('Origin',(57.2,4.4002686821648E-16,13.));
#2488=CARTESIAN_POINT('Origin',(57.,-4.89834793427347,24.8256580161444));
#2489=CARTESIAN_POINT('Origin',(57.,0.,13.));
#2490=CARTESIAN_POINT('',(57.21,4.89834793427319,24.8256580161445));
#2491=CARTESIAN_POINT('',(57.,4.97871145507,25.019672717972));
#2492=CARTESIAN_POINT('Origin',(57.,4.89834793427347,24.8256580161444));
#2493=CARTESIAN_POINT('',(57.,-4.97871145507,25.019672717972));
#2494=CARTESIAN_POINT('Origin',(57.,0.,13.));
#2495=CARTESIAN_POINT('',(57.21,-4.89834793427319,24.8256580161445));
#2496=CARTESIAN_POINT('Origin',(57.,-4.89834793427347,24.8256580161444));
#2497=CARTESIAN_POINT('Origin',(57.21,0.,13.));
#2498=CARTESIAN_POINT('Origin',(4.5,0.,13.));
#2499=CARTESIAN_POINT('',(4.93502085427328,-4.97871145507,25.019672717972));
#2500=CARTESIAN_POINT('',(4.93502085427328,4.97871145507,25.019672717972));
#2501=CARTESIAN_POINT('Origin',(4.93502085427329,1.38777878078145E-15,13.));
#2502=CARTESIAN_POINT('',(4.5,-4.97871145507,25.019672717972));
#2503=CARTESIAN_POINT('',(4.5,4.97871145507,25.019672717972));
#2504=CARTESIAN_POINT('Origin',(4.93502085427329,1.38777878078145E-15,13.));
#2505=CARTESIAN_POINT('Origin',(4.93502085427328,-4.86390642815959,24.7425088649757));
#2506=CARTESIAN_POINT('Origin',(4.93502085427328,4.86390642815959,24.7425088649757));
#2507=CARTESIAN_POINT('Origin',(57.2,4.424401782798E-16,13.));
#2508=CARTESIAN_POINT('',(57.2,3.48241923452269,21.4073037458526));
#2509=CARTESIAN_POINT('',(57.2,4.898347934273,24.825658016144));
#2510=CARTESIAN_POINT('',(57.2,-3.48241923452269,21.4073037458526));
#2511=CARTESIAN_POINT('Origin',(57.2,4.424401782798E-16,13.));
#2512=CARTESIAN_POINT('',(57.2,-4.898347934273,24.825658016144));
#2513=CARTESIAN_POINT('Origin',(29.970338790587,-2.506017623457,19.050061734095));
#2514=CARTESIAN_POINT('',(57.21,-3.482419234522,21.407303745853));
#2515=CARTESIAN_POINT('',(57.21,-3.482419234522,21.407303745853));
#2516=CARTESIAN_POINT('',(57.21,-4.898347934273,24.825658016144));
#2517=CARTESIAN_POINT('Origin',(57.21,0.,13.));
#2518=CARTESIAN_POINT('',(57.21,3.482419234522,21.407303745853));
#2519=CARTESIAN_POINT('Origin',(57.21,0.,13.));
#2520=CARTESIAN_POINT('',(57.21,4.898347934273,24.825658016144));
#2521=CARTESIAN_POINT('Origin',(29.970338790587,2.506017623457,19.050061734095));
#2522=CARTESIAN_POINT('',(57.21,3.482419234522,21.407303745853));
#2523=CARTESIAN_POINT('Origin',(57.2,4.424401782798E-16,13.));
#2524=CARTESIAN_POINT('',(57.1,-3.482419234522,21.407303745853));
#2525=CARTESIAN_POINT('',(57.2,-3.482419234522,21.407303745853));
#2526=CARTESIAN_POINT('',(57.1,3.482419234522,21.407303745853));
#2527=CARTESIAN_POINT('',(57.2,3.482419234522,21.407303745853));
#2528=CARTESIAN_POINT('Origin',(57.1,0.,13.));
#2529=CARTESIAN_POINT('Origin',(57.2,4.424401782798E-16,13.));
#2530=CARTESIAN_POINT('Origin',(57.1,0.,13.));
#2531=CARTESIAN_POINT('Origin',(57.94,-7.105427357601E-15,-2.));
#2532=CARTESIAN_POINT('',(57.94,-0.45,-2.));
#2533=CARTESIAN_POINT('Origin',(57.94,0.,-2.));
#2534=CARTESIAN_POINT('Origin',(57.1,2.880807401045E-16,13.));
#2535=CARTESIAN_POINT('Origin',(57.1,-3.80749345834665E-32,13.));
#2536=CARTESIAN_POINT('Origin',(57.1,-3.80749345834665E-32,13.));
#2537=CARTESIAN_POINT('Origin',(-1.16,0.,13.));
#2538=CARTESIAN_POINT('Origin',(57.94,0.,-2.));
#2539=CARTESIAN_POINT('',(57.94,-0.45,-2.));
#2540=CARTESIAN_POINT('Origin',(56.8,4.392224315287E-16,13.));
#2541=CARTESIAN_POINT('',(56.8,3.482419234522,21.407303745853));
#2542=CARTESIAN_POINT('',(56.8,0.172207544564,13.41574578963));
#2543=CARTESIAN_POINT('',(56.8,3.482419234522,21.407303745853));
#2544=CARTESIAN_POINT('',(56.8,-0.45,13.));
#2545=CARTESIAN_POINT('Origin',(56.8,0.,13.));
#2546=CARTESIAN_POINT('',(56.8,-0.172207544564,13.41574578963));
#2547=CARTESIAN_POINT('Origin',(56.8,0.,13.));
#2548=CARTESIAN_POINT('',(56.8,-3.482419234522,21.407303745853));
#2549=CARTESIAN_POINT('',(56.8,-3.482419234522,21.407303745853));
#2550=CARTESIAN_POINT('',(56.8,-3.48241923452254,4.59269625414738));
#2551=CARTESIAN_POINT('Origin',(56.8,4.392224315287E-16,13.));
#2552=CARTESIAN_POINT('Origin',(56.8,4.392224315287E-16,13.));
#2553=CARTESIAN_POINT('Origin',(29.670338790587,2.506017623457,19.050061734095));
#2554=CARTESIAN_POINT('',(56.81,0.172207544564,13.41574578963));
#2555=CARTESIAN_POINT('',(0.599999999999998,0.172207544564,13.41574578963));
#2556=CARTESIAN_POINT('',(56.81,3.482419234522,21.407303745853));
#2557=CARTESIAN_POINT('',(57.2,3.482419234522,21.407303745853));
#2558=CARTESIAN_POINT('',(56.81,3.482419234522,21.407303745853));
#2559=CARTESIAN_POINT('Origin',(0.599999999999998,0.,13.));
#2560=CARTESIAN_POINT('',(56.81,-0.172207544564,13.41574578963));
#2561=CARTESIAN_POINT('Origin',(56.81,0.,13.));
#2562=CARTESIAN_POINT('',(0.599999999999998,-0.172207544564,13.41574578963));
#2563=CARTESIAN_POINT('',(56.9,-0.45,13.));
#2564=CARTESIAN_POINT('',(0.599999999999998,-0.45,13.));
#2565=CARTESIAN_POINT('Origin',(56.9,0.,13.));
#2566=CARTESIAN_POINT('Origin',(29.670338790587,-2.506017623457,19.050061734095));
#2567=CARTESIAN_POINT('',(56.81,-3.482419234522,21.407303745853));
#2568=CARTESIAN_POINT('',(56.81,-3.482419234522,21.407303745853));
#2569=CARTESIAN_POINT('',(57.2,-3.482419234522,21.407303745853));
#2570=CARTESIAN_POINT('Origin',(57.2,4.424401782798E-16,13.));
#2571=CARTESIAN_POINT('',(56.9,-3.48241923452254,4.59269625414738));
#2572=CARTESIAN_POINT('Origin',(56.9,0.,13.));
#2573=CARTESIAN_POINT('',(57.2,-3.48241923452254,4.59269625414738));
#2574=CARTESIAN_POINT('Origin',(56.81,0.,13.));
#2575=CARTESIAN_POINT('Origin',(56.81,0.,13.));
#2576=CARTESIAN_POINT('Origin',(56.9,8.306689757219E-16,13.));
#2577=UNCERTAINTY_MEASURE_WITH_UNIT(LENGTH_MEASURE(0.01),#2581,
'DISTANCE_ACCURACY_VALUE',
'Maximum model space distance between geometric entities at asserted c
onnectivities');
#2578=UNCERTAINTY_MEASURE_WITH_UNIT(LENGTH_MEASURE(0.01),#2581,
'DISTANCE_ACCURACY_VALUE',
'Maximum model space distance between geometric entities at asserted c
onnectivities');
#2579=(
GEOMETRIC_REPRESENTATION_CONTEXT(3)
GLOBAL_UNCERTAINTY_ASSIGNED_CONTEXT((#2577))
GLOBAL_UNIT_ASSIGNED_CONTEXT((#2581,#2583,#2584))
REPRESENTATION_CONTEXT('','3D')
);
#2580=(
GEOMETRIC_REPRESENTATION_CONTEXT(3)
GLOBAL_UNCERTAINTY_ASSIGNED_CONTEXT((#2578))
GLOBAL_UNIT_ASSIGNED_CONTEXT((#2581,#2583,#2584))
REPRESENTATION_CONTEXT('','3D')
);
#2581=(
LENGTH_UNIT()
NAMED_UNIT(*)
SI_UNIT(.MILLI.,.METRE.)
);
#2582=(
LENGTH_UNIT()
NAMED_UNIT(*)
SI_UNIT(.CENTI.,.METRE.)
);
#2583=(
NAMED_UNIT(*)
PLANE_ANGLE_UNIT()
SI_UNIT($,.RADIAN.)
);
#2584=(
NAMED_UNIT(*)
SI_UNIT($,.STERADIAN.)
SOLID_ANGLE_UNIT()
);
#2585=SHAPE_DEFINITION_REPRESENTATION(#2586,#2587);
#2586=PRODUCT_DEFINITION_SHAPE('',$,#2589);
#2587=SHAPE_REPRESENTATION('',(#1137),#2579);
#2588=PRODUCT_DEFINITION_CONTEXT('part definition',#2593,'design');
#2589=PRODUCT_DEFINITION('CP_Axial_L550mm_D260mm_P6000mm_Horizontal',
'CP_Axial_L54.4mm_D26.0mm_P55.88mm_Horizontal',#2590,#2588);
#2590=PRODUCT_DEFINITION_FORMATION('',$,#2595);
#2591=PRODUCT_RELATED_PRODUCT_CATEGORY(
'CP_Axial_L54.4mm_D26.0mm_P55.88mm_Horizontal',
'CP_Axial_L54.4mm_D26.0mm_P55.88mm_Horizontal',(#2595));
#2592=APPLICATION_PROTOCOL_DEFINITION('international standard',
'automotive_design',2009,#2593);
#2593=APPLICATION_CONTEXT(
'Core Data for Automotive Mechanical Design Process');
#2594=PRODUCT_CONTEXT('part definition',#2593,'mechanical');
#2595=PRODUCT('CP_Axial_L550mm_D260mm_P6000mm_Horizontal',
'CP_Axial_L54.4mm_D26.0mm_P55.88mm_Horizontal',
'model of CP_Axial_L55.0mm_D26.0mm_P60.00mm_Horizontal',(#2594));
#2596=SURFACE_STYLE_RENDERING_WITH_PROPERTIES($,#2755,(#2612));
#2597=SURFACE_STYLE_RENDERING_WITH_PROPERTIES($,#2756,(#2613));
#2598=SURFACE_STYLE_RENDERING_WITH_PROPERTIES($,#2757,(#2614));
#2599=SURFACE_STYLE_RENDERING_WITH_PROPERTIES($,#2758,(#2615));
#2600=SURFACE_STYLE_RENDERING_WITH_PROPERTIES($,#2759,(#2616));
#2601=SURFACE_STYLE_RENDERING_WITH_PROPERTIES($,#2760,(#2617));
#2602=SURFACE_STYLE_RENDERING_WITH_PROPERTIES($,#2761,(#2618));
#2603=SURFACE_STYLE_RENDERING_WITH_PROPERTIES($,#2762,(#2619));
#2604=SURFACE_STYLE_RENDERING_WITH_PROPERTIES($,#2763,(#2620));
#2605=SURFACE_STYLE_RENDERING_WITH_PROPERTIES($,#2764,(#2621));
#2606=SURFACE_STYLE_RENDERING_WITH_PROPERTIES($,#2765,(#2622));
#2607=SURFACE_STYLE_RENDERING_WITH_PROPERTIES($,#2766,(#2623));
#2608=SURFACE_STYLE_RENDERING_WITH_PROPERTIES($,#2767,(#2624));
#2609=SURFACE_STYLE_RENDERING_WITH_PROPERTIES($,#2768,(#2625));
#2610=SURFACE_STYLE_RENDERING_WITH_PROPERTIES($,#2772,(#2626));
#2611=SURFACE_STYLE_RENDERING_WITH_PROPERTIES($,#2773,(#2627));
#2612=SURFACE_STYLE_TRANSPARENT(0.);
#2613=SURFACE_STYLE_TRANSPARENT(0.);
#2614=SURFACE_STYLE_TRANSPARENT(0.);
#2615=SURFACE_STYLE_TRANSPARENT(0.);
#2616=SURFACE_STYLE_TRANSPARENT(0.);
#2617=SURFACE_STYLE_TRANSPARENT(0.);
#2618=SURFACE_STYLE_TRANSPARENT(0.);
#2619=SURFACE_STYLE_TRANSPARENT(0.);
#2620=SURFACE_STYLE_TRANSPARENT(0.);
#2621=SURFACE_STYLE_TRANSPARENT(0.);
#2622=SURFACE_STYLE_TRANSPARENT(0.);
#2623=SURFACE_STYLE_TRANSPARENT(0.);
#2624=SURFACE_STYLE_TRANSPARENT(0.);
#2625=SURFACE_STYLE_TRANSPARENT(0.);
#2626=SURFACE_STYLE_TRANSPARENT(0.);
#2627=SURFACE_STYLE_TRANSPARENT(0.);
#2628=PRESENTATION_STYLE_ASSIGNMENT((#2649));
#2629=PRESENTATION_STYLE_ASSIGNMENT((#2650));
#2630=PRESENTATION_STYLE_ASSIGNMENT((#2651));
#2631=PRESENTATION_STYLE_ASSIGNMENT((#2652));
#2632=PRESENTATION_STYLE_ASSIGNMENT((#2653));
#2633=PRESENTATION_STYLE_ASSIGNMENT((#2654));
#2634=PRESENTATION_STYLE_ASSIGNMENT((#2655));
#2635=PRESENTATION_STYLE_ASSIGNMENT((#2656));
#2636=PRESENTATION_STYLE_ASSIGNMENT((#2657));
#2637=PRESENTATION_STYLE_ASSIGNMENT((#2658));
#2638=PRESENTATION_STYLE_ASSIGNMENT((#2659));
#2639=PRESENTATION_STYLE_ASSIGNMENT((#2660));
#2640=PRESENTATION_STYLE_ASSIGNMENT((#2661));
#2641=PRESENTATION_STYLE_ASSIGNMENT((#2662));
#2642=PRESENTATION_STYLE_ASSIGNMENT((#2663));
#2643=PRESENTATION_STYLE_ASSIGNMENT((#2664));
#2644=PRESENTATION_STYLE_ASSIGNMENT((#2665));
#2645=PRESENTATION_STYLE_ASSIGNMENT((#2666));
#2646=PRESENTATION_STYLE_ASSIGNMENT((#2667));
#2647=PRESENTATION_STYLE_ASSIGNMENT((#2668));
#2648=PRESENTATION_STYLE_ASSIGNMENT((#2669));
#2649=SURFACE_STYLE_USAGE(.BOTH.,#2670);
#2650=SURFACE_STYLE_USAGE(.BOTH.,#2671);
#2651=SURFACE_STYLE_USAGE(.BOTH.,#2672);
#2652=SURFACE_STYLE_USAGE(.BOTH.,#2673);
#2653=SURFACE_STYLE_USAGE(.BOTH.,#2674);
#2654=SURFACE_STYLE_USAGE(.BOTH.,#2675);
#2655=SURFACE_STYLE_USAGE(.BOTH.,#2676);
#2656=SURFACE_STYLE_USAGE(.BOTH.,#2677);
#2657=SURFACE_STYLE_USAGE(.BOTH.,#2678);
#2658=SURFACE_STYLE_USAGE(.BOTH.,#2679);
#2659=SURFACE_STYLE_USAGE(.BOTH.,#2680);
#2660=SURFACE_STYLE_USAGE(.BOTH.,#2681);
#2661=SURFACE_STYLE_USAGE(.BOTH.,#2682);
#2662=SURFACE_STYLE_USAGE(.BOTH.,#2683);
#2663=SURFACE_STYLE_USAGE(.BOTH.,#2684);
#2664=SURFACE_STYLE_USAGE(.BOTH.,#2685);
#2665=SURFACE_STYLE_USAGE(.BOTH.,#2686);
#2666=SURFACE_STYLE_USAGE(.BOTH.,#2687);
#2667=SURFACE_STYLE_USAGE(.BOTH.,#2688);
#2668=SURFACE_STYLE_USAGE(.BOTH.,#2689);
#2669=SURFACE_STYLE_USAGE(.BOTH.,#2690);
#2670=SURFACE_SIDE_STYLE('',(#2691));
#2671=SURFACE_SIDE_STYLE('',(#2692,#2596));
#2672=SURFACE_SIDE_STYLE('',(#2693,#2597));
#2673=SURFACE_SIDE_STYLE('',(#2694,#2598));
#2674=SURFACE_SIDE_STYLE('',(#2695,#2599));
#2675=SURFACE_SIDE_STYLE('',(#2696,#2600));
#2676=SURFACE_SIDE_STYLE('',(#2697,#2601));
#2677=SURFACE_SIDE_STYLE('',(#2698,#2602));
#2678=SURFACE_SIDE_STYLE('',(#2699,#2603));
#2679=SURFACE_SIDE_STYLE('',(#2700,#2604));
#2680=SURFACE_SIDE_STYLE('',(#2701,#2605));
#2681=SURFACE_SIDE_STYLE('',(#2702,#2606));
#2682=SURFACE_SIDE_STYLE('',(#2703,#2607));
#2683=SURFACE_SIDE_STYLE('',(#2704,#2608));
#2684=SURFACE_SIDE_STYLE('',(#2705,#2609));
#2685=SURFACE_SIDE_STYLE('',(#2706));
#2686=SURFACE_SIDE_STYLE('',(#2707));
#2687=SURFACE_SIDE_STYLE('',(#2708));
#2688=SURFACE_SIDE_STYLE('',(#2709,#2610));
#2689=SURFACE_SIDE_STYLE('',(#2710,#2611));
#2690=SURFACE_SIDE_STYLE('',(#2711));
#2691=SURFACE_STYLE_FILL_AREA(#2712);
#2692=SURFACE_STYLE_FILL_AREA(#2713);
#2693=SURFACE_STYLE_FILL_AREA(#2714);
#2694=SURFACE_STYLE_FILL_AREA(#2715);
#2695=SURFACE_STYLE_FILL_AREA(#2716);
#2696=SURFACE_STYLE_FILL_AREA(#2717);
#2697=SURFACE_STYLE_FILL_AREA(#2718);
#2698=SURFACE_STYLE_FILL_AREA(#2719);
#2699=SURFACE_STYLE_FILL_AREA(#2720);
#2700=SURFACE_STYLE_FILL_AREA(#2721);
#2701=SURFACE_STYLE_FILL_AREA(#2722);
#2702=SURFACE_STYLE_FILL_AREA(#2723);
#2703=SURFACE_STYLE_FILL_AREA(#2724);
#2704=SURFACE_STYLE_FILL_AREA(#2725);
#2705=SURFACE_STYLE_FILL_AREA(#2726);
#2706=SURFACE_STYLE_FILL_AREA(#2727);
#2707=SURFACE_STYLE_FILL_AREA(#2728);
#2708=SURFACE_STYLE_FILL_AREA(#2729);
#2709=SURFACE_STYLE_FILL_AREA(#2730);
#2710=SURFACE_STYLE_FILL_AREA(#2731);
#2711=SURFACE_STYLE_FILL_AREA(#2732);
#2712=FILL_AREA_STYLE('',(#2733));
#2713=FILL_AREA_STYLE('',(#2734));
#2714=FILL_AREA_STYLE('',(#2735));
#2715=FILL_AREA_STYLE('',(#2736));
#2716=FILL_AREA_STYLE('',(#2737));
#2717=FILL_AREA_STYLE('',(#2738));
#2718=FILL_AREA_STYLE('',(#2739));
#2719=FILL_AREA_STYLE('',(#2740));
#2720=FILL_AREA_STYLE('',(#2741));
#2721=FILL_AREA_STYLE('',(#2742));
#2722=FILL_AREA_STYLE('',(#2743));
#2723=FILL_AREA_STYLE('',(#2744));
#2724=FILL_AREA_STYLE('',(#2745));
#2725=FILL_AREA_STYLE('',(#2746));
#2726=FILL_AREA_STYLE('',(#2747));
#2727=FILL_AREA_STYLE('',(#2748));
#2728=FILL_AREA_STYLE('',(#2749));
#2729=FILL_AREA_STYLE('',(#2750));
#2730=FILL_AREA_STYLE('',(#2751));
#2731=FILL_AREA_STYLE('',(#2752));
#2732=FILL_AREA_STYLE('',(#2753));
#2733=FILL_AREA_STYLE_COLOUR('',#2754);
#2734=FILL_AREA_STYLE_COLOUR('',#2755);
#2735=FILL_AREA_STYLE_COLOUR('',#2756);
#2736=FILL_AREA_STYLE_COLOUR('',#2757);
#2737=FILL_AREA_STYLE_COLOUR('',#2758);
#2738=FILL_AREA_STYLE_COLOUR('',#2759);
#2739=FILL_AREA_STYLE_COLOUR('',#2760);
#2740=FILL_AREA_STYLE_COLOUR('',#2761);
#2741=FILL_AREA_STYLE_COLOUR('',#2762);
#2742=FILL_AREA_STYLE_COLOUR('',#2763);
#2743=FILL_AREA_STYLE_COLOUR('',#2764);
#2744=FILL_AREA_STYLE_COLOUR('',#2765);
#2745=FILL_AREA_STYLE_COLOUR('',#2766);
#2746=FILL_AREA_STYLE_COLOUR('',#2767);
#2747=FILL_AREA_STYLE_COLOUR('',#2768);
#2748=FILL_AREA_STYLE_COLOUR('',#2769);
#2749=FILL_AREA_STYLE_COLOUR('',#2770);
#2750=FILL_AREA_STYLE_COLOUR('',#2771);
#2751=FILL_AREA_STYLE_COLOUR('',#2772);
#2752=FILL_AREA_STYLE_COLOUR('',#2773);
#2753=FILL_AREA_STYLE_COLOUR('',#2774);
#2754=COLOUR_RGB('',0.631372549019608,0.631372549019608,0.6);
#2755=COLOUR_RGB('',0.690196078431373,0.725490196078431,0.666666666666667);
#2756=COLOUR_RGB('',0.12156862745098,0.125490196078431,0.12156862745098);
#2757=COLOUR_RGB('',0.12156862745098,0.125490196078431,0.12156862745098);
#2758=COLOUR_RGB('',0.12156862745098,0.125490196078431,0.12156862745098);
#2759=COLOUR_RGB('',0.12156862745098,0.125490196078431,0.12156862745098);
#2760=COLOUR_RGB('',0.12156862745098,0.125490196078431,0.12156862745098);
#2761=COLOUR_RGB('',0.12156862745098,0.125490196078431,0.12156862745098);
#2762=COLOUR_RGB('',0.12156862745098,0.125490196078431,0.12156862745098);
#2763=COLOUR_RGB('',0.12156862745098,0.125490196078431,0.12156862745098);
#2764=COLOUR_RGB('',0.12156862745098,0.125490196078431,0.12156862745098);
#2765=COLOUR_RGB('',0.12156862745098,0.125490196078431,0.12156862745098);
#2766=COLOUR_RGB('',0.12156862745098,0.125490196078431,0.12156862745098);
#2767=COLOUR_RGB('',0.12156862745098,0.125490196078431,0.12156862745098);
#2768=COLOUR_RGB('',0.12156862745098,0.125490196078431,0.12156862745098);
#2769=COLOUR_RGB('',0.109803921568627,0.109803921568627,0.109803921568627);
#2770=COLOUR_RGB('',0.109803921568627,0.109803921568627,0.109803921568627);
#2771=COLOUR_RGB('',0.109803921568627,0.109803921568627,0.109803921568627);
#2772=COLOUR_RGB('',0.113725490196078,0.352941176470588,0.619607843137255);
#2773=COLOUR_RGB('',0.690196078431373,0.725490196078431,0.666666666666667);
#2774=COLOUR_RGB('',0.631372549019608,0.631372549019608,0.6);
ENDSEC;
END-ISO-10303-21;
